subject_id,original_filepath,processed_filepath,folder_name,label,split,original_shape_x,original_shape_y,original_shape_z,processed_shape_x,processed_shape_y,processed_shape_z,status,error_message
lh.pptnIXI329-HH-1908-MADisoTFE1_-s3T181_-0301-00003-000001-01,D:\github\IOT_Project\dataset\mr_IXI_480i\lh.pptnIXI329-HH-1908-MADisoTFE1_-s3T181_-0301-00003-000001-01.nii,D:\github\IOT_Project\data\processed\volumes\test\lh.pptnIXI329-HH-1908-MADisoTFE1_-s3T181_-0301-00003-000001-01.npy,mr_IXI_480i,0,test,256.0,256.0,150.0,128.0,128.0,128.0,success,
mwp1IXI118-Guys-0764-T1,D:\github\IOT_Project\dataset\mr_IXI_480i\mwp1IXI118-Guys-0764-T1.nii,D:\github\IOT_Project\data\processed\volumes\test\mwp1IXI118-Guys-0764-T1.npy,mr_IXI_480i,0,test,113.0,137.0,113.0,128.0,128.0,128.0,success,
mwp1IXI123-Guys-0774-T1,D:\github\IOT_Project\dataset\mr_IXI_480i\mwp1IXI123-Guys-0774-T1.nii,D:\github\IOT_Project\data\processed\volumes\test\mwp1IXI123-Guys-0774-T1.npy,mr_IXI_480i,0,test,113.0,137.0,113.0,128.0,128.0,128.0,success,
mwp1IXI126-HH-1437-T1,D:\github\IOT_Project\dataset\mr_IXI_480i\mwp1IXI126-HH-1437-T1.nii,D:\github\IOT_Project\data\processed\volumes\test\mwp1IXI126-HH-1437-T1.npy,mr_IXI_480i,0,test,113.0,137.0,113.0,128.0,128.0,128.0,success,
mwp1IXI132-HH-1415-T1,D:\github\IOT_Project\dataset\mr_IXI_480i\mwp1IXI132-HH-1415-T1.nii,D:\github\IOT_Project\data\processed\volumes\test\mwp1IXI132-HH-1415-T1.npy,mr_IXI_480i,0,test,113.0,137.0,113.0,128.0,128.0,128.0,success,
mwp1IXI134-Guys-0780-T1,D:\github\IOT_Project\dataset\mr_IXI_480i\mwp1IXI134-Guys-0780-T1.nii,D:\github\IOT_Project\data\processed\volumes\test\mwp1IXI134-Guys-0780-T1.npy,mr_IXI_480i,0,test,113.0,137.0,113.0,128.0,128.0,128.0,success,
mwp1IXI140-Guys-0787-T1,D:\github\IOT_Project\dataset\mr_IXI_480i\mwp1IXI140-Guys-0787-T1.nii,D:\github\IOT_Project\data\processed\volumes\test\mwp1IXI140-Guys-0787-T1.npy,mr_IXI_480i,0,test,113.0,137.0,113.0,128.0,128.0,128.0,success,
mwp1IXI145-Guys-0781-T1,D:\github\IOT_Project\dataset\mr_IXI_480i\mwp1IXI145-Guys-0781-T1.nii,D:\github\IOT_Project\data\processed\volumes\test\mwp1IXI145-Guys-0781-T1.npy,mr_IXI_480i,0,test,113.0,137.0,113.0,128.0,128.0,128.0,success,
mwp1IXI148-HH-1453-T1,D:\github\IOT_Project\dataset\mr_IXI_480i\mwp1IXI148-HH-1453-T1.nii,D:\github\IOT_Project\data\processed\volumes\test\mwp1IXI148-HH-1453-T1.npy,mr_IXI_480i,0,test,113.0,137.0,113.0,128.0,128.0,128.0,success,
mwp1IXI150-HH-1550-T1,D:\github\IOT_Project\dataset\mr_IXI_480i\mwp1IXI150-HH-1550-T1.nii,D:\github\IOT_Project\data\processed\volumes\test\mwp1IXI150-HH-1550-T1.npy,mr_IXI_480i,0,test,113.0,137.0,113.0,128.0,128.0,128.0,success,
mwp1IXI157-Guys-0816-MPRAGESEN_-s254_-0301-00003-000001-01,D:\github\IOT_Project\dataset\mr_IXI_480i\mwp1IXI157-Guys-0816-MPRAGESEN_-s254_-0301-00003-000001-01.nii,D:\github\IOT_Project\data\processed\volumes\test\mwp1IXI157-Guys-0816-MPRAGESEN_-s254_-0301-00003-000001-01.npy,mr_IXI_480i,0,test,113.0,137.0,113.0,128.0,128.0,128.0,success,
mwp1IXI164-Guys-0844-MPRAGESEN_-s260_-0301-00003-000001-01,D:\github\IOT_Project\dataset\mr_IXI_480i\mwp1IXI164-Guys-0844-MPRAGESEN_-s260_-0301-00003-000001-01.nii,D:\github\IOT_Project\data\processed\volumes\test\mwp1IXI164-Guys-0844-MPRAGESEN_-s260_-0301-00003-000001-01.npy,mr_IXI_480i,0,test,113.0,137.0,113.0,128.0,128.0,128.0,success,
mwp1IXI169-Guys-0842-MPRAGESEN_-s260_-0301-00003-000001-01,D:\github\IOT_Project\dataset\mr_IXI_480i\mwp1IXI169-Guys-0842-MPRAGESEN_-s260_-0301-00003-000001-01.nii,D:\github\IOT_Project\data\processed\volumes\test\mwp1IXI169-Guys-0842-MPRAGESEN_-s260_-0301-00003-000001-01.npy,mr_IXI_480i,0,test,113.0,137.0,113.0,128.0,128.0,128.0,success,
mwp1IXI176-HH-1604-IXIMADisoTFE12_-s3T151_-0301-00003-000001-01,D:\github\IOT_Project\dataset\mr_IXI_480i\mwp1IXI176-HH-1604-IXIMADisoTFE12_-s3T151_-0301-00003-000001-01.nii,D:\github\IOT_Project\data\processed\volumes\test\mwp1IXI176-HH-1604-IXIMADisoTFE12_-s3T151_-0301-00003-000001-01.npy,mr_IXI_480i,0,test,113.0,137.0,113.0,128.0,128.0,128.0,success,
mwp1IXI182-Guys-0792-MPRAGESEN_-s251_-0301-00003-000001-01,D:\github\IOT_Project\dataset\mr_IXI_480i\mwp1IXI182-Guys-0792-MPRAGESEN_-s251_-0301-00003-000001-01.nii,D:\github\IOT_Project\data\processed\volumes\test\mwp1IXI182-Guys-0792-MPRAGESEN_-s251_-0301-00003-000001-01.npy,mr_IXI_480i,0,test,113.0,137.0,113.0,128.0,128.0,128.0,success,
mwp1IXI208-Guys-0808-MPRAGESEN_-s253_-0301-00003-000001-01,D:\github\IOT_Project\dataset\mr_IXI_480i\mwp1IXI208-Guys-0808-MPRAGESEN_-s253_-0301-00003-000001-01.nii,D:\github\IOT_Project\data\processed\volumes\test\mwp1IXI208-Guys-0808-MPRAGESEN_-s253_-0301-00003-000001-01.npy,mr_IXI_480i,0,test,113.0,137.0,113.0,128.0,128.0,128.0,success,
mwp1IXI212-HH-1643-IXIMADisoTFE12_-s3T155_-0301-00003-000001-01,D:\github\IOT_Project\dataset\mr_IXI_480i\mwp1IXI212-HH-1643-IXIMADisoTFE12_-s3T155_-0301-00003-000001-01.nii,D:\github\IOT_Project\data\processed\volumes\test\mwp1IXI212-HH-1643-IXIMADisoTFE12_-s3T155_-0301-00003-000001-01.npy,mr_IXI_480i,0,test,113.0,137.0,113.0,128.0,128.0,128.0,success,
mwp1IXI221-HH-1606-IXIMADisoTFE12_-s3T151_-0301-00003-000001-01,D:\github\IOT_Project\dataset\mr_IXI_480i\mwp1IXI221-HH-1606-IXIMADisoTFE12_-s3T151_-0301-00003-000001-01.nii,D:\github\IOT_Project\data\processed\volumes\test\mwp1IXI221-HH-1606-IXIMADisoTFE12_-s3T151_-0301-00003-000001-01.npy,mr_IXI_480i,0,test,113.0,137.0,113.0,128.0,128.0,128.0,success,
mwp1IXI222-Guys-0819-MPRAGESEN_-s222_-0301-00003-000001-01,D:\github\IOT_Project\dataset\mr_IXI_480i\mwp1IXI222-Guys-0819-MPRAGESEN_-s222_-0301-00003-000001-01.nii,D:\github\IOT_Project\data\processed\volumes\test\mwp1IXI222-Guys-0819-MPRAGESEN_-s222_-0301-00003-000001-01.npy,mr_IXI_480i,0,test,113.0,137.0,113.0,128.0,128.0,128.0,success,
mwp1IXI228-Guys-0822-MPRAGESEN_-s255_-0301-00003-000001-01,D:\github\IOT_Project\dataset\mr_IXI_480i\mwp1IXI228-Guys-0822-MPRAGESEN_-s255_-0301-00003-000001-01.nii,D:\github\IOT_Project\data\processed\volumes\test\mwp1IXI228-Guys-0822-MPRAGESEN_-s255_-0301-00003-000001-01.npy,mr_IXI_480i,0,test,113.0,137.0,113.0,128.0,128.0,128.0,success,
mwp1IXI236-Guys-0817-MPRAGESEN_-s254_-0301-00003-000001-01,D:\github\IOT_Project\dataset\mr_IXI_480i\mwp1IXI236-Guys-0817-MPRAGESEN_-s254_-0301-00003-000001-01.nii,D:\github\IOT_Project\data\processed\volumes\test\mwp1IXI236-Guys-0817-MPRAGESEN_-s254_-0301-00003-000001-01.npy,mr_IXI_480i,0,test,113.0,137.0,113.0,128.0,128.0,128.0,success,
mwp1IXI248-HH-1972-MADisoTFE1_-s3T188_-0301-00003-000001-01,D:\github\IOT_Project\dataset\mr_IXI_480i\mwp1IXI248-HH-1972-MADisoTFE1_-s3T188_-0301-00003-000001-01.nii,D:\github\IOT_Project\data\processed\volumes\test\mwp1IXI248-HH-1972-MADisoTFE1_-s3T188_-0301-00003-000001-01.npy,mr_IXI_480i,0,test,113.0,137.0,113.0,128.0,128.0,128.0,success,
mwp1IXI254-HH-1705-MADisoTFE1_-s3T162_-0301-00003-000001-01,D:\github\IOT_Project\dataset\mr_IXI_480i\mwp1IXI254-HH-1705-MADisoTFE1_-s3T162_-0301-00003-000001-01.nii,D:\github\IOT_Project\data\processed\volumes\test\mwp1IXI254-HH-1705-MADisoTFE1_-s3T162_-0301-00003-000001-01.npy,mr_IXI_480i,0,test,113.0,137.0,113.0,128.0,128.0,128.0,success,
mwp1IXI255-HH-1882-MADisoTFE1_-s3T178_-0301-00003-000001-01,D:\github\IOT_Project\dataset\mr_IXI_480i\mwp1IXI255-HH-1882-MADisoTFE1_-s3T178_-0301-00003-000001-01.nii,D:\github\IOT_Project\data\processed\volumes\test\mwp1IXI255-HH-1882-MADisoTFE1_-s3T178_-0301-00003-000001-01.npy,mr_IXI_480i,0,test,113.0,137.0,113.0,128.0,128.0,128.0,success,
mwp1IXI256-HH-1723-MADisoTFE1_-s3T164_-0301-00003-000001-01,D:\github\IOT_Project\dataset\mr_IXI_480i\mwp1IXI256-HH-1723-MADisoTFE1_-s3T164_-0301-00003-000001-01.nii,D:\github\IOT_Project\data\processed\volumes\test\mwp1IXI256-HH-1723-MADisoTFE1_-s3T164_-0301-00003-000001-01.npy,mr_IXI_480i,0,test,113.0,137.0,113.0,128.0,128.0,128.0,success,
mwp1IXI279-Guys-1044-MPRAGESEN_-s295_-0301-00003-000001-01,D:\github\IOT_Project\dataset\mr_IXI_480i\mwp1IXI279-Guys-1044-MPRAGESEN_-s295_-0301-00003-000001-01.nii,D:\github\IOT_Project\data\processed\volumes\test\mwp1IXI279-Guys-1044-MPRAGESEN_-s295_-0301-00003-000001-01.npy,mr_IXI_480i,0,test,113.0,137.0,113.0,128.0,128.0,128.0,success,
mwp1IXI290-IOP-0874-SAGFSPGR_-sIXI29_-0003-00001-000001-01,D:\github\IOT_Project\dataset\mr_IXI_480i\mwp1IXI290-IOP-0874-SAGFSPGR_-sIXI29_-0003-00001-000001-01.nii,D:\github\IOT_Project\data\processed\volumes\test\mwp1IXI290-IOP-0874-SAGFSPGR_-sIXI29_-0003-00001-000001-01.npy,mr_IXI_480i,0,test,113.0,137.0,113.0,128.0,128.0,128.0,success,
mwp1IXI291-IOP-0882-SAGFSPGR_-sIXI29_-0003-00001-000001-01,D:\github\IOT_Project\dataset\mr_IXI_480i\mwp1IXI291-IOP-0882-SAGFSPGR_-sIXI29_-0003-00001-000001-01.nii,D:\github\IOT_Project\data\processed\volumes\test\mwp1IXI291-IOP-0882-SAGFSPGR_-sIXI29_-0003-00001-000001-01.npy,mr_IXI_480i,0,test,113.0,137.0,113.0,128.0,128.0,128.0,success,
mwp1IXI297-Guys-0886-MPRAGESEN_-s302_-0301-00003-000001-01,D:\github\IOT_Project\dataset\mr_IXI_480i\mwp1IXI297-Guys-0886-MPRAGESEN_-s302_-0301-00003-000001-01.nii,D:\github\IOT_Project\data\processed\volumes\test\mwp1IXI297-Guys-0886-MPRAGESEN_-s302_-0301-00003-000001-01.npy,mr_IXI_480i,0,test,113.0,137.0,113.0,128.0,128.0,128.0,success,
mwp1IXI322-IOP-0891-SAGFSPGR_-sIXI32_-0003-00001-000001-01,D:\github\IOT_Project\dataset\mr_IXI_480i\mwp1IXI322-IOP-0891-SAGFSPGR_-sIXI32_-0003-00001-000001-01.nii,,mr_IXI_480i,0,test,,,,,,,failed,"Whoops, not enough data in file"
mwp1IXI327-HH-1999-MADisoTFE1_-s3T190_-0301-00003-000001-01,D:\github\IOT_Project\dataset\mr_IXI_480i\mwp1IXI327-HH-1999-MADisoTFE1_-s3T190_-0301-00003-000001-01.nii,,mr_IXI_480i,0,test,,,,,,,failed,"Whoops, not enough data in file"
mwp1IXI396-HH-2115-MADisoTFE1_-s3T203_-0301-00003-000001-01,D:\github\IOT_Project\dataset\mr_IXI_480i\mwp1IXI396-HH-2115-MADisoTFE1_-s3T203_-0301-00003-000001-01.nii,,mr_IXI_480i,0,test,,,,,,,failed,"Whoops, not enough data in file"
mwp1IXI439-HH-2114-MADisoTFE1_-s3T203_-0301-00003-000001-01,D:\github\IOT_Project\dataset\mr_IXI_480i\mwp1IXI439-HH-2114-MADisoTFE1_-s3T203_-0301-00003-000001-01.nii,D:\github\IOT_Project\data\processed\volumes\test\mwp1IXI439-HH-2114-MADisoTFE1_-s3T203_-0301-00003-000001-01.npy,mr_IXI_480i,0,test,113.0,137.0,113.0,128.0,128.0,128.0,success,
mwp1IXI458-Guys-0993-MPRAGESEN_-s418_-0301-00003-000001-01,D:\github\IOT_Project\dataset\mr_IXI_480i\mwp1IXI458-Guys-0993-MPRAGESEN_-s418_-0301-00003-000001-01.nii,D:\github\IOT_Project\data\processed\volumes\test\mwp1IXI458-Guys-0993-MPRAGESEN_-s418_-0301-00003-000001-01.npy,mr_IXI_480i,0,test,113.0,137.0,113.0,128.0,128.0,128.0,success,
mwp1IXI467-Guys-0983-MPRAGESEN_-s417_-0301-00003-000001-01,D:\github\IOT_Project\dataset\mr_IXI_480i\mwp1IXI467-Guys-0983-MPRAGESEN_-s417_-0301-00003-000001-01.nii,D:\github\IOT_Project\data\processed\volumes\test\mwp1IXI467-Guys-0983-MPRAGESEN_-s417_-0301-00003-000001-01.npy,mr_IXI_480i,0,test,113.0,137.0,113.0,128.0,128.0,128.0,success,
mwp1IXI468-Guys-0985-MPRAGESEN_-s417_-0301-00003-000001-01,D:\github\IOT_Project\dataset\mr_IXI_480i\mwp1IXI468-Guys-0985-MPRAGESEN_-s417_-0301-00003-000001-01.nii,D:\github\IOT_Project\data\processed\volumes\test\mwp1IXI468-Guys-0985-MPRAGESEN_-s417_-0301-00003-000001-01.npy,mr_IXI_480i,0,test,113.0,137.0,113.0,128.0,128.0,128.0,success,
mwp1IXI483-HH-2177-MADisoTFE1_-s3T211_-0301-00003-000001-01,D:\github\IOT_Project\dataset\mr_IXI_480i\mwp1IXI483-HH-2177-MADisoTFE1_-s3T211_-0301-00003-000001-01.nii,D:\github\IOT_Project\data\processed\volumes\test\mwp1IXI483-HH-2177-MADisoTFE1_-s3T211_-0301-00003-000001-01.npy,mr_IXI_480i,0,test,113.0,137.0,113.0,128.0,128.0,128.0,success,
mwp1IXI489-Guys-1014-MPRAGESEN_-s421_-0301-00003-000001-01,D:\github\IOT_Project\dataset\mr_IXI_480i\mwp1IXI489-Guys-1014-MPRAGESEN_-s421_-0301-00003-000001-01.nii,D:\github\IOT_Project\data\processed\volumes\test\mwp1IXI489-Guys-1014-MPRAGESEN_-s421_-0301-00003-000001-01.npy,mr_IXI_480i,0,test,113.0,137.0,113.0,128.0,128.0,128.0,success,
mwp1IXI490-Guys-1018-MPRAGESEN_-s422_-0301-00003-000001-01,D:\github\IOT_Project\dataset\mr_IXI_480i\mwp1IXI490-Guys-1018-MPRAGESEN_-s422_-0301-00003-000001-01.nii,D:\github\IOT_Project\data\processed\volumes\test\mwp1IXI490-Guys-1018-MPRAGESEN_-s422_-0301-00003-000001-01.npy,mr_IXI_480i,0,test,113.0,137.0,113.0,128.0,128.0,128.0,success,
mwp1IXI495-Guys-1009-MPRAGESEN_-s421_-0301-00003-000001-01,D:\github\IOT_Project\dataset\mr_IXI_480i\mwp1IXI495-Guys-1009-MPRAGESEN_-s421_-0301-00003-000001-01.nii,D:\github\IOT_Project\data\processed\volumes\test\mwp1IXI495-Guys-1009-MPRAGESEN_-s421_-0301-00003-000001-01.npy,mr_IXI_480i,0,test,113.0,137.0,113.0,128.0,128.0,128.0,success,
mwp1IXI499-Guys-1004-MPRAGESEN_-s420_-0301-00003-000001-01,D:\github\IOT_Project\dataset\mr_IXI_480i\mwp1IXI499-Guys-1004-MPRAGESEN_-s420_-0301-00003-000001-01.nii,D:\github\IOT_Project\data\processed\volumes\test\mwp1IXI499-Guys-1004-MPRAGESEN_-s420_-0301-00003-000001-01.npy,mr_IXI_480i,0,test,113.0,137.0,113.0,128.0,128.0,128.0,success,
mwp1IXI504-Guys-1025-MPRAGESEN_-s424_-0301-00003-000001-01,D:\github\IOT_Project\dataset\mr_IXI_480i\mwp1IXI504-Guys-1025-MPRAGESEN_-s424_-0301-00003-000001-01.nii,D:\github\IOT_Project\data\processed\volumes\test\mwp1IXI504-Guys-1025-MPRAGESEN_-s424_-0301-00003-000001-01.npy,mr_IXI_480i,0,test,113.0,137.0,113.0,128.0,128.0,128.0,success,
mwp1IXI507-Guys-1036-MPRAGESEN_-s425_-0301-00003-000001-01,D:\github\IOT_Project\dataset\mr_IXI_480i\mwp1IXI507-Guys-1036-MPRAGESEN_-s425_-0301-00003-000001-01.nii,D:\github\IOT_Project\data\processed\volumes\test\mwp1IXI507-Guys-1036-MPRAGESEN_-s425_-0301-00003-000001-01.npy,mr_IXI_480i,0,test,113.0,137.0,113.0,128.0,128.0,128.0,success,
mwp1IXI519-HH-2240-MADisoTFE1_-s3T219_-0301-00003-000001-01,D:\github\IOT_Project\dataset\mr_IXI_480i\mwp1IXI519-HH-2240-MADisoTFE1_-s3T219_-0301-00003-000001-01.nii,D:\github\IOT_Project\data\processed\volumes\test\mwp1IXI519-HH-2240-MADisoTFE1_-s3T219_-0301-00003-000001-01.npy,mr_IXI_480i,0,test,113.0,137.0,113.0,128.0,128.0,128.0,success,
mwp1IXI523-Guys-1056-MPRAGESEN_-s427_-0401-00004-000001-01,D:\github\IOT_Project\dataset\mr_IXI_480i\mwp1IXI523-Guys-1056-MPRAGESEN_-s427_-0401-00004-000001-01.nii,D:\github\IOT_Project\data\processed\volumes\test\mwp1IXI523-Guys-1056-MPRAGESEN_-s427_-0401-00004-000001-01.npy,mr_IXI_480i,0,test,113.0,137.0,113.0,128.0,128.0,128.0,success,
mwp1IXI536-Guys-1059-MPRAGESEN_-s427_-0301-00003-000001-01,D:\github\IOT_Project\dataset\mr_IXI_480i\mwp1IXI536-Guys-1059-MPRAGESEN_-s427_-0301-00003-000001-01.nii,D:\github\IOT_Project\data\processed\volumes\test\mwp1IXI536-Guys-1059-MPRAGESEN_-s427_-0301-00003-000001-01.npy,mr_IXI_480i,0,test,113.0,137.0,113.0,128.0,128.0,128.0,success,
mwp1IXI538-HH-2411-MADisoTFE1_-s3T233_-0301-00003-000001-01,D:\github\IOT_Project\dataset\mr_IXI_480i\mwp1IXI538-HH-2411-MADisoTFE1_-s3T233_-0301-00003-000001-01.nii,D:\github\IOT_Project\data\processed\volumes\test\mwp1IXI538-HH-2411-MADisoTFE1_-s3T233_-0301-00003-000001-01.npy,mr_IXI_480i,0,test,113.0,137.0,113.0,128.0,128.0,128.0,success,
mwp1IXI553-IOP-1151-SAGFSPGR_-sIXI55_-0003-00001-000001-01,D:\github\IOT_Project\dataset\mr_IXI_480i\mwp1IXI553-IOP-1151-SAGFSPGR_-sIXI55_-0003-00001-000001-01.nii,D:\github\IOT_Project\data\processed\volumes\test\mwp1IXI553-IOP-1151-SAGFSPGR_-sIXI55_-0003-00001-000001-01.npy,mr_IXI_480i,0,test,113.0,137.0,113.0,128.0,128.0,128.0,success,
mwp1IXI563-IOP-1153-SAGFSPGR_-sIXI56_-0003-00001-000001-01,D:\github\IOT_Project\dataset\mr_IXI_480i\mwp1IXI563-IOP-1153-SAGFSPGR_-sIXI56_-0003-00001-000001-01.nii,D:\github\IOT_Project\data\processed\volumes\test\mwp1IXI563-IOP-1153-SAGFSPGR_-sIXI56_-0003-00001-000001-01.npy,mr_IXI_480i,0,test,113.0,137.0,113.0,128.0,128.0,128.0,success,
mwp1IXI578-Guys-1078-MPRAGESEN_-s433_-0301-00003-000001-01,D:\github\IOT_Project\dataset\mr_IXI_480i\mwp1IXI578-Guys-1078-MPRAGESEN_-s433_-0301-00003-000001-01.nii,D:\github\IOT_Project\data\processed\volumes\test\mwp1IXI578-Guys-1078-MPRAGESEN_-s433_-0301-00003-000001-01.npy,mr_IXI_480i,0,test,113.0,137.0,113.0,128.0,128.0,128.0,success,
mwp1IXI600-HH-2660-MADisoTFE1_-s3T246_-0301-00003-000001-01,D:\github\IOT_Project\dataset\mr_IXI_480i\mwp1IXI600-HH-2660-MADisoTFE1_-s3T246_-0301-00003-000001-01.nii,D:\github\IOT_Project\data\processed\volumes\test\mwp1IXI600-HH-2660-MADisoTFE1_-s3T246_-0301-00003-000001-01.npy,mr_IXI_480i,0,test,113.0,137.0,113.0,128.0,128.0,128.0,success,
mwp1IXI612-HH-2688-MADisoTFE1_-s3T247_-0401-00004-000001-01,D:\github\IOT_Project\dataset\mr_IXI_480i\mwp1IXI612-HH-2688-MADisoTFE1_-s3T247_-0401-00004-000001-01.nii,D:\github\IOT_Project\data\processed\volumes\test\mwp1IXI612-HH-2688-MADisoTFE1_-s3T247_-0401-00004-000001-01.npy,mr_IXI_480i,0,test,113.0,137.0,113.0,128.0,128.0,128.0,success,
mwp1IXI636-HH-2733-MADisoTFE1_-s3T251_-0301-00003-000001-01,D:\github\IOT_Project\dataset\mr_IXI_480i\mwp1IXI636-HH-2733-MADisoTFE1_-s3T251_-0301-00003-000001-01.nii,D:\github\IOT_Project\data\processed\volumes\test\mwp1IXI636-HH-2733-MADisoTFE1_-s3T251_-0301-00003-000001-01.npy,mr_IXI_480i,0,test,113.0,137.0,113.0,128.0,128.0,128.0,success,
mwp1IXI644-Guys-1121-MPRAGESEN_-s455_-0301-00003-000001-01,D:\github\IOT_Project\dataset\mr_IXI_480i\mwp1IXI644-Guys-1121-MPRAGESEN_-s455_-0301-00003-000001-01.nii,D:\github\IOT_Project\data\processed\volumes\test\mwp1IXI644-Guys-1121-MPRAGESEN_-s455_-0301-00003-000001-01.npy,mr_IXI_480i,0,test,113.0,137.0,113.0,128.0,128.0,128.0,success,
mwp1IXI651-Guys-1118-MPRAGESEN_-s454_-0301-00003-000001-01,D:\github\IOT_Project\dataset\mr_IXI_480i\mwp1IXI651-Guys-1118-MPRAGESEN_-s454_-0301-00003-000001-01.nii,D:\github\IOT_Project\data\processed\volumes\test\mwp1IXI651-Guys-1118-MPRAGESEN_-s454_-0301-00003-000001-01.npy,mr_IXI_480i,0,test,113.0,137.0,113.0,128.0,128.0,128.0,success,
mwp1IXI653-Guys-1122-MPRAGESEN_-sIXI653_-0301-00003-000001-01,D:\github\IOT_Project\dataset\mr_IXI_480i\mwp1IXI653-Guys-1122-MPRAGESEN_-sIXI653_-0301-00003-000001-01.nii,D:\github\IOT_Project\data\processed\volumes\test\mwp1IXI653-Guys-1122-MPRAGESEN_-sIXI653_-0301-00003-000001-01.npy,mr_IXI_480i,0,test,113.0,137.0,113.0,128.0,128.0,128.0,success,
mwp2IXI118-Guys-0764-T1,D:\github\IOT_Project\dataset\mr_IXI_480i\mwp2IXI118-Guys-0764-T1.nii,D:\github\IOT_Project\data\processed\volumes\test\mwp2IXI118-Guys-0764-T1.npy,mr_IXI_480i,0,test,113.0,137.0,113.0,128.0,128.0,128.0,success,
mwp2IXI121-Guys-0772-T1,D:\github\IOT_Project\dataset\mr_IXI_480i\mwp2IXI121-Guys-0772-T1.nii,D:\github\IOT_Project\data\processed\volumes\test\mwp2IXI121-Guys-0772-T1.npy,mr_IXI_480i,0,test,113.0,137.0,113.0,128.0,128.0,128.0,success,
mwp2IXI129-Guys-0775-T1,D:\github\IOT_Project\dataset\mr_IXI_480i\mwp2IXI129-Guys-0775-T1.nii,D:\github\IOT_Project\data\processed\volumes\test\mwp2IXI129-Guys-0775-T1.npy,mr_IXI_480i,0,test,113.0,137.0,113.0,128.0,128.0,128.0,success,
mwp2IXI137-HH-1472-T1,D:\github\IOT_Project\dataset\mr_IXI_480i\mwp2IXI137-HH-1472-T1.nii,D:\github\IOT_Project\data\processed\volumes\test\mwp2IXI137-HH-1472-T1.npy,mr_IXI_480i,0,test,113.0,137.0,113.0,128.0,128.0,128.0,success,
mwp2IXI138-Guys-0746-T1,D:\github\IOT_Project\dataset\mr_IXI_480i\mwp2IXI138-Guys-0746-T1.nii,D:\github\IOT_Project\data\processed\volumes\test\mwp2IXI138-Guys-0746-T1.npy,mr_IXI_480i,0,test,113.0,137.0,113.0,128.0,128.0,128.0,success,
mwp2IXI142-Guys-0786-T1,D:\github\IOT_Project\dataset\mr_IXI_480i\mwp2IXI142-Guys-0786-T1.nii,D:\github\IOT_Project\data\processed\volumes\test\mwp2IXI142-Guys-0786-T1.npy,mr_IXI_480i,0,test,113.0,137.0,113.0,128.0,128.0,128.0,success,
mwp2IXI163-HH-1621-IXIMADisoTFE12_-s3T152_-0301-00003-000001-01,D:\github\IOT_Project\dataset\mr_IXI_480i\mwp2IXI163-HH-1621-IXIMADisoTFE12_-s3T152_-0301-00003-000001-01.nii,D:\github\IOT_Project\data\processed\volumes\test\mwp2IXI163-HH-1621-IXIMADisoTFE12_-s3T152_-0301-00003-000001-01.npy,mr_IXI_480i,0,test,113.0,137.0,113.0,128.0,128.0,128.0,success,
mwp2IXI166-Guys-0846-MPRAGESEN_-s262_-0301-00003-000001-01,D:\github\IOT_Project\dataset\mr_IXI_480i\mwp2IXI166-Guys-0846-MPRAGESEN_-s262_-0301-00003-000001-01.nii,D:\github\IOT_Project\data\processed\volumes\test\mwp2IXI166-Guys-0846-MPRAGESEN_-s262_-0301-00003-000001-01.npy,mr_IXI_480i,0,test,113.0,137.0,113.0,128.0,128.0,128.0,success,
mwp2IXI183-Guys-0791-MPRAGESEN_-s251_-0301-00003-000001-01,D:\github\IOT_Project\dataset\mr_IXI_480i\mwp2IXI183-Guys-0791-MPRAGESEN_-s251_-0301-00003-000001-01.nii,D:\github\IOT_Project\data\processed\volumes\test\mwp2IXI183-Guys-0791-MPRAGESEN_-s251_-0301-00003-000001-01.npy,mr_IXI_480i,0,test,113.0,137.0,113.0,128.0,128.0,128.0,success,
mwp2IXI188-Guys-0798-MPRAGESEN_-s252_-0301-00003-000001-01,D:\github\IOT_Project\dataset\mr_IXI_480i\mwp2IXI188-Guys-0798-MPRAGESEN_-s252_-0301-00003-000001-01.nii,D:\github\IOT_Project\data\processed\volumes\test\mwp2IXI188-Guys-0798-MPRAGESEN_-s252_-0301-00003-000001-01.npy,mr_IXI_480i,0,test,113.0,137.0,113.0,128.0,128.0,128.0,success,
mwp2IXI192-Guys-0878-MPRAGESEN_-s299_-0301-00003-000001-01,D:\github\IOT_Project\dataset\mr_IXI_480i\mwp2IXI192-Guys-0878-MPRAGESEN_-s299_-0301-00003-000001-01.nii,D:\github\IOT_Project\data\processed\volumes\test\mwp2IXI192-Guys-0878-MPRAGESEN_-s299_-0301-00003-000001-01.npy,mr_IXI_480i,0,test,113.0,137.0,113.0,128.0,128.0,128.0,success,
mwp2IXI197-Guys-0811-MPRAGESEN_-s253_-0301-00003-000001-01,D:\github\IOT_Project\dataset\mr_IXI_480i\mwp2IXI197-Guys-0811-MPRAGESEN_-s253_-0301-00003-000001-01.nii,D:\github\IOT_Project\data\processed\volumes\test\mwp2IXI197-Guys-0811-MPRAGESEN_-s253_-0301-00003-000001-01.npy,mr_IXI_480i,0,test,113.0,137.0,113.0,128.0,128.0,128.0,success,
mwp2IXI204-HH-1651-IXIMADisoTFE12_-s3T156_-0301-00003-000001-01,D:\github\IOT_Project\dataset\mr_IXI_480i\mwp2IXI204-HH-1651-IXIMADisoTFE12_-s3T156_-0301-00003-000001-01.nii,D:\github\IOT_Project\data\processed\volumes\test\mwp2IXI204-HH-1651-IXIMADisoTFE12_-s3T156_-0301-00003-000001-01.npy,mr_IXI_480i,0,test,113.0,137.0,113.0,128.0,128.0,128.0,success,
mwp2IXI206-HH-1650-IXIMADisoTFE12_-s3T156_-0301-00003-000001-01,D:\github\IOT_Project\dataset\mr_IXI_480i\mwp2IXI206-HH-1650-IXIMADisoTFE12_-s3T156_-0301-00003-000001-01.nii,D:\github\IOT_Project\data\processed\volumes\test\mwp2IXI206-HH-1650-IXIMADisoTFE12_-s3T156_-0301-00003-000001-01.npy,mr_IXI_480i,0,test,113.0,137.0,113.0,128.0,128.0,128.0,success,
mwp2IXI208-Guys-0808-MPRAGESEN_-s253_-0301-00003-000001-01,D:\github\IOT_Project\dataset\mr_IXI_480i\mwp2IXI208-Guys-0808-MPRAGESEN_-s253_-0301-00003-000001-01.nii,D:\github\IOT_Project\data\processed\volumes\test\mwp2IXI208-Guys-0808-MPRAGESEN_-s253_-0301-00003-000001-01.npy,mr_IXI_480i,0,test,113.0,137.0,113.0,128.0,128.0,128.0,success,
mwp2IXI225-Guys-0832-MPRAGESEN_-s257_-0301-00003-000001-01,D:\github\IOT_Project\dataset\mr_IXI_480i\mwp2IXI225-Guys-0832-MPRAGESEN_-s257_-0301-00003-000001-01.nii,D:\github\IOT_Project\data\processed\volumes\test\mwp2IXI225-Guys-0832-MPRAGESEN_-s257_-0301-00003-000001-01.npy,mr_IXI_480i,0,test,113.0,137.0,113.0,128.0,128.0,128.0,success,
mwp2IXI226-HH-1618-IXIMADisoTFE12_-s3T152_-0301-00003-000001-01,D:\github\IOT_Project\dataset\mr_IXI_480i\mwp2IXI226-HH-1618-IXIMADisoTFE12_-s3T152_-0301-00003-000001-01.nii,D:\github\IOT_Project\data\processed\volumes\test\mwp2IXI226-HH-1618-IXIMADisoTFE12_-s3T152_-0301-00003-000001-01.npy,mr_IXI_480i,0,test,113.0,137.0,113.0,128.0,128.0,128.0,success,
mwp2IXI240-Guys-0834-MPRAGESEN_-s258_-0301-00003-000001-01,D:\github\IOT_Project\dataset\mr_IXI_480i\mwp2IXI240-Guys-0834-MPRAGESEN_-s258_-0301-00003-000001-01.nii,D:\github\IOT_Project\data\processed\volumes\test\mwp2IXI240-Guys-0834-MPRAGESEN_-s258_-0301-00003-000001-01.npy,mr_IXI_480i,0,test,113.0,137.0,113.0,128.0,128.0,128.0,success,
mwp2IXI244-Guys-0841-MPRAGESEN_-s260_-0301-00003-000001-01,D:\github\IOT_Project\dataset\mr_IXI_480i\mwp2IXI244-Guys-0841-MPRAGESEN_-s260_-0301-00003-000001-01.nii,D:\github\IOT_Project\data\processed\volumes\test\mwp2IXI244-Guys-0841-MPRAGESEN_-s260_-0301-00003-000001-01.npy,mr_IXI_480i,0,test,113.0,137.0,113.0,128.0,128.0,128.0,success,
mwp2IXI247-Guys-0838-MPRAGESEN_-s259_-0301-00003-000001-01,D:\github\IOT_Project\dataset\mr_IXI_480i\mwp2IXI247-Guys-0838-MPRAGESEN_-s259_-0301-00003-000001-01.nii,D:\github\IOT_Project\data\processed\volumes\test\mwp2IXI247-Guys-0838-MPRAGESEN_-s259_-0301-00003-000001-01.npy,mr_IXI_480i,0,test,113.0,137.0,113.0,128.0,128.0,128.0,success,
mwp2IXI257-HH-1724-MADisoTFE1_-s3T164_-0301-00003-000001-01,D:\github\IOT_Project\dataset\mr_IXI_480i\mwp2IXI257-HH-1724-MADisoTFE1_-s3T164_-0301-00003-000001-01.nii,D:\github\IOT_Project\data\processed\volumes\test\mwp2IXI257-HH-1724-MADisoTFE1_-s3T164_-0301-00003-000001-01.npy,mr_IXI_480i,0,test,113.0,137.0,113.0,128.0,128.0,128.0,success,
mwp2IXI292-IOP-0877-SAGFSPGR_-sIXI29_-0003-00001-000001-01,D:\github\IOT_Project\dataset\mr_IXI_480i\mwp2IXI292-IOP-0877-SAGFSPGR_-sIXI29_-0003-00001-000001-01.nii,D:\github\IOT_Project\data\processed\volumes\test\mwp2IXI292-IOP-0877-SAGFSPGR_-sIXI29_-0003-00001-000001-01.npy,mr_IXI_480i,0,test,113.0,137.0,113.0,128.0,128.0,128.0,success,
mwp2IXI295-HH-1814-MADisoTFE1_-s3T171_-0301-00003-000001-01,D:\github\IOT_Project\dataset\mr_IXI_480i\mwp2IXI295-HH-1814-MADisoTFE1_-s3T171_-0301-00003-000001-01.nii,D:\github\IOT_Project\data\processed\volumes\test\mwp2IXI295-HH-1814-MADisoTFE1_-s3T171_-0301-00003-000001-01.npy,mr_IXI_480i,0,test,113.0,137.0,113.0,128.0,128.0,128.0,success,
mwp2IXI297-Guys-0886-MPRAGESEN_-s302_-0301-00003-000001-01,D:\github\IOT_Project\dataset\mr_IXI_480i\mwp2IXI297-Guys-0886-MPRAGESEN_-s302_-0301-00003-000001-01.nii,D:\github\IOT_Project\data\processed\volumes\test\mwp2IXI297-Guys-0886-MPRAGESEN_-s302_-0301-00003-000001-01.npy,mr_IXI_480i,0,test,113.0,137.0,113.0,128.0,128.0,128.0,success,
mwp2IXI304-Guys-0862-MPRAGESEN_-s298_-0301-00003-000001-01,D:\github\IOT_Project\dataset\mr_IXI_480i\mwp2IXI304-Guys-0862-MPRAGESEN_-s298_-0301-00003-000001-01.nii,D:\github\IOT_Project\data\processed\volumes\test\mwp2IXI304-Guys-0862-MPRAGESEN_-s298_-0301-00003-000001-01.npy,mr_IXI_480i,0,test,113.0,137.0,113.0,128.0,128.0,128.0,success,
mwp2IXI305-IOP-0871-SAGFSPGR_-sIXI30_-0003-00001-000001-01,D:\github\IOT_Project\dataset\mr_IXI_480i\mwp2IXI305-IOP-0871-SAGFSPGR_-sIXI30_-0003-00001-000001-01.nii,D:\github\IOT_Project\data\processed\volumes\test\mwp2IXI305-IOP-0871-SAGFSPGR_-sIXI30_-0003-00001-000001-01.npy,mr_IXI_480i,0,test,113.0,137.0,113.0,128.0,128.0,128.0,success,
mwp2IXI306-IOP-0867-SAGFSPGR_-sIXI30_-0003-00001-000001-01,D:\github\IOT_Project\dataset\mr_IXI_480i\mwp2IXI306-IOP-0867-SAGFSPGR_-sIXI30_-0003-00001-000001-01.nii,D:\github\IOT_Project\data\processed\volumes\test\mwp2IXI306-IOP-0867-SAGFSPGR_-sIXI30_-0003-00001-000001-01.npy,mr_IXI_480i,0,test,113.0,137.0,113.0,128.0,128.0,128.0,success,
mwp2IXI307-IOP-0872-SAGFSPGR_-sIXI30_-0003-00001-000001-01,D:\github\IOT_Project\dataset\mr_IXI_480i\mwp2IXI307-IOP-0872-SAGFSPGR_-sIXI30_-0003-00001-000001-01.nii,D:\github\IOT_Project\data\processed\volumes\test\mwp2IXI307-IOP-0872-SAGFSPGR_-sIXI30_-0003-00001-000001-01.npy,mr_IXI_480i,0,test,113.0,137.0,113.0,128.0,128.0,128.0,success,
mwp2IXI313-HH-2241-MADisoTFE1_-s3t219_-0301-00003-000001-01,D:\github\IOT_Project\dataset\mr_IXI_480i\mwp2IXI313-HH-2241-MADisoTFE1_-s3t219_-0301-00003-000001-01.nii,D:\github\IOT_Project\data\processed\volumes\test\mwp2IXI313-HH-2241-MADisoTFE1_-s3t219_-0301-00003-000001-01.npy,mr_IXI_480i,0,test,113.0,137.0,113.0,128.0,128.0,128.0,success,
mwp2IXI326-Guys-0907-MPRAGESEN_-s307_-0301-00003-000001-01,D:\github\IOT_Project\dataset\mr_IXI_480i\mwp2IXI326-Guys-0907-MPRAGESEN_-s307_-0301-00003-000001-01.nii,D:\github\IOT_Project\data\processed\volumes\test\mwp2IXI326-Guys-0907-MPRAGESEN_-s307_-0301-00003-000001-01.npy,mr_IXI_480i,0,test,113.0,137.0,113.0,128.0,128.0,128.0,success,
mwp2IXI458-Guys-0993-MPRAGESEN_-s418_-0301-00003-000001-01,D:\github\IOT_Project\dataset\mr_IXI_480i\mwp2IXI458-Guys-0993-MPRAGESEN_-s418_-0301-00003-000001-01.nii,D:\github\IOT_Project\data\processed\volumes\test\mwp2IXI458-Guys-0993-MPRAGESEN_-s418_-0301-00003-000001-01.npy,mr_IXI_480i,0,test,113.0,137.0,113.0,128.0,128.0,128.0,success,
mwp2IXI462-IOP-1042-SAGFSPGR_-sIXI46_-0003-00001-000001-01,D:\github\IOT_Project\dataset\mr_IXI_480i\mwp2IXI462-IOP-1042-SAGFSPGR_-sIXI46_-0003-00001-000001-01.nii,D:\github\IOT_Project\data\processed\volumes\test\mwp2IXI462-IOP-1042-SAGFSPGR_-sIXI46_-0003-00001-000001-01.npy,mr_IXI_480i,0,test,113.0,137.0,113.0,128.0,128.0,128.0,success,
mwp2IXI473-IOP-1137-SAGFSPGR_-sIXI47_-0003-00001-000001-01,D:\github\IOT_Project\dataset\mr_IXI_480i\mwp2IXI473-IOP-1137-SAGFSPGR_-sIXI47_-0003-00001-000001-01.nii,D:\github\IOT_Project\data\processed\volumes\test\mwp2IXI473-IOP-1137-SAGFSPGR_-sIXI47_-0003-00001-000001-01.npy,mr_IXI_480i,0,test,113.0,137.0,113.0,128.0,128.0,128.0,success,
mwp2IXI474-IOP-1138-SAGFSPGR_-sIXI47_-0003-00001-000001-01,D:\github\IOT_Project\dataset\mr_IXI_480i\mwp2IXI474-IOP-1138-SAGFSPGR_-sIXI47_-0003-00001-000001-01.nii,D:\github\IOT_Project\data\processed\volumes\test\mwp2IXI474-IOP-1138-SAGFSPGR_-sIXI47_-0003-00001-000001-01.npy,mr_IXI_480i,0,test,113.0,137.0,113.0,128.0,128.0,128.0,success,
mwp2IXI479-Guys-1034-MPRAGESEN_-s425_-0301-00003-000001-01,D:\github\IOT_Project\dataset\mr_IXI_480i\mwp2IXI479-Guys-1034-MPRAGESEN_-s425_-0301-00003-000001-01.nii,D:\github\IOT_Project\data\processed\volumes\test\mwp2IXI479-Guys-1034-MPRAGESEN_-s425_-0301-00003-000001-01.npy,mr_IXI_480i,0,test,113.0,137.0,113.0,128.0,128.0,128.0,success,
mwp2IXI490-Guys-1018-MPRAGESEN_-s422_-0301-00003-000001-01,D:\github\IOT_Project\dataset\mr_IXI_480i\mwp2IXI490-Guys-1018-MPRAGESEN_-s422_-0301-00003-000001-01.nii,D:\github\IOT_Project\data\processed\volumes\test\mwp2IXI490-Guys-1018-MPRAGESEN_-s422_-0301-00003-000001-01.npy,mr_IXI_480i,0,test,113.0,137.0,113.0,128.0,128.0,128.0,success,
mwp2IXI495-Guys-1009-MPRAGESEN_-s421_-0301-00003-000001-01,D:\github\IOT_Project\dataset\mr_IXI_480i\mwp2IXI495-Guys-1009-MPRAGESEN_-s421_-0301-00003-000001-01.nii,D:\github\IOT_Project\data\processed\volumes\test\mwp2IXI495-Guys-1009-MPRAGESEN_-s421_-0301-00003-000001-01.npy,mr_IXI_480i,0,test,113.0,137.0,113.0,128.0,128.0,128.0,success,
mwp2IXI499-Guys-1004-MPRAGESEN_-s420_-0301-00003-000001-01,D:\github\IOT_Project\dataset\mr_IXI_480i\mwp2IXI499-Guys-1004-MPRAGESEN_-s420_-0301-00003-000001-01.nii,D:\github\IOT_Project\data\processed\volumes\test\mwp2IXI499-Guys-1004-MPRAGESEN_-s420_-0301-00003-000001-01.npy,mr_IXI_480i,0,test,113.0,137.0,113.0,128.0,128.0,128.0,success,
mwp2IXI502-Guys-1020-MPRAGESEN_-s422_-0301-00003-000001-01,D:\github\IOT_Project\dataset\mr_IXI_480i\mwp2IXI502-Guys-1020-MPRAGESEN_-s422_-0301-00003-000001-01.nii,D:\github\IOT_Project\data\processed\volumes\test\mwp2IXI502-Guys-1020-MPRAGESEN_-s422_-0301-00003-000001-01.npy,mr_IXI_480i,0,test,113.0,137.0,113.0,128.0,128.0,128.0,success,
mwp2IXI506-Guys-1035-MPRAGESEN_-s425_-0301-00003-000001-01,D:\github\IOT_Project\dataset\mr_IXI_480i\mwp2IXI506-Guys-1035-MPRAGESEN_-s425_-0301-00003-000001-01.nii,D:\github\IOT_Project\data\processed\volumes\test\mwp2IXI506-Guys-1035-MPRAGESEN_-s425_-0301-00003-000001-01.npy,mr_IXI_480i,0,test,113.0,137.0,113.0,128.0,128.0,128.0,success,
mwp2IXI507-Guys-1036-MPRAGESEN_-s425_-0301-00003-000001-01,D:\github\IOT_Project\dataset\mr_IXI_480i\mwp2IXI507-Guys-1036-MPRAGESEN_-s425_-0301-00003-000001-01.nii,D:\github\IOT_Project\data\processed\volumes\test\mwp2IXI507-Guys-1036-MPRAGESEN_-s425_-0301-00003-000001-01.npy,mr_IXI_480i,0,test,113.0,137.0,113.0,128.0,128.0,128.0,success,
mwp2IXI521-HH-2353-MADisoTFE1_-s3T227_-0301-00003-000001-01,D:\github\IOT_Project\dataset\mr_IXI_480i\mwp2IXI521-HH-2353-MADisoTFE1_-s3T227_-0301-00003-000001-01.nii,D:\github\IOT_Project\data\processed\volumes\test\mwp2IXI521-HH-2353-MADisoTFE1_-s3T227_-0301-00003-000001-01.npy,mr_IXI_480i,0,test,113.0,137.0,113.0,128.0,128.0,128.0,success,
mwp2IXI527-HH-2376-MADisoTFE1_-s3T229_-0501-00005-000001-01,D:\github\IOT_Project\dataset\mr_IXI_480i\mwp2IXI527-HH-2376-MADisoTFE1_-s3T229_-0501-00005-000001-01.nii,D:\github\IOT_Project\data\processed\volumes\test\mwp2IXI527-HH-2376-MADisoTFE1_-s3T229_-0501-00005-000001-01.npy,mr_IXI_480i,0,test,113.0,137.0,113.0,128.0,128.0,128.0,success,
mwp2IXI537-HH-2378-MADisoTFE1_-s3T229_-0301-00003-000001-01,D:\github\IOT_Project\dataset\mr_IXI_480i\mwp2IXI537-HH-2378-MADisoTFE1_-s3T229_-0301-00003-000001-01.nii,D:\github\IOT_Project\data\processed\volumes\test\mwp2IXI537-HH-2378-MADisoTFE1_-s3T229_-0301-00003-000001-01.npy,mr_IXI_480i,0,test,113.0,137.0,113.0,128.0,128.0,128.0,success,
mwp2IXI542-IOP-1147-SAGFSPGR_-sIXI54_-0003-00001-000001-01,D:\github\IOT_Project\dataset\mr_IXI_480i\mwp2IXI542-IOP-1147-SAGFSPGR_-sIXI54_-0003-00001-000001-01.nii,D:\github\IOT_Project\data\processed\volumes\test\mwp2IXI542-IOP-1147-SAGFSPGR_-sIXI54_-0003-00001-000001-01.npy,mr_IXI_480i,0,test,113.0,137.0,113.0,128.0,128.0,128.0,success,
mwp2IXI549-Guys-1046-MPRAGESEN_-s426_-0301-00003-000001-01,D:\github\IOT_Project\dataset\mr_IXI_480i\mwp2IXI549-Guys-1046-MPRAGESEN_-s426_-0301-00003-000001-01.nii,D:\github\IOT_Project\data\processed\volumes\test\mwp2IXI549-Guys-1046-MPRAGESEN_-s426_-0301-00003-000001-01.npy,mr_IXI_480i,0,test,113.0,137.0,113.0,128.0,128.0,128.0,success,
mwp2IXI551-Guys-1065-MPRAGESEN_-s428_-0401-00004-000001-01,D:\github\IOT_Project\dataset\mr_IXI_480i\mwp2IXI551-Guys-1065-MPRAGESEN_-s428_-0401-00004-000001-01.nii,D:\github\IOT_Project\data\processed\volumes\test\mwp2IXI551-Guys-1065-MPRAGESEN_-s428_-0401-00004-000001-01.npy,mr_IXI_480i,0,test,113.0,137.0,113.0,128.0,128.0,128.0,success,
mwp2IXI568-HH-2607-MADisoTFE1_-s3T242_-0301-00003-000001-01,D:\github\IOT_Project\dataset\mr_IXI_480i\mwp2IXI568-HH-2607-MADisoTFE1_-s3T242_-0301-00003-000001-01.nii,D:\github\IOT_Project\data\processed\volumes\test\mwp2IXI568-HH-2607-MADisoTFE1_-s3T242_-0301-00003-000001-01.npy,mr_IXI_480i,0,test,113.0,137.0,113.0,128.0,128.0,128.0,success,
mwp2IXI575-HH-2658-MADisoTFE1_-s3T246_-0301-00003-000001-01,D:\github\IOT_Project\dataset\mr_IXI_480i\mwp2IXI575-HH-2658-MADisoTFE1_-s3T246_-0301-00003-000001-01.nii,D:\github\IOT_Project\data\processed\volumes\test\mwp2IXI575-HH-2658-MADisoTFE1_-s3T246_-0301-00003-000001-01.npy,mr_IXI_480i,0,test,113.0,137.0,113.0,128.0,128.0,128.0,success,
mwp2IXI589-Guys-1080-MPRAGESEN_-sIXI58_-0301-00003-000001-01,D:\github\IOT_Project\dataset\mr_IXI_480i\mwp2IXI589-Guys-1080-MPRAGESEN_-sIXI58_-0301-00003-000001-01.nii,D:\github\IOT_Project\data\processed\volumes\test\mwp2IXI589-Guys-1080-MPRAGESEN_-sIXI58_-0301-00003-000001-01.npy,mr_IXI_480i,0,test,113.0,137.0,113.0,128.0,128.0,128.0,success,
mwp2IXI592-Guys-1085-MPRAGESEN_-sIXI59_-0301-00003-000001-01,D:\github\IOT_Project\dataset\mr_IXI_480i\mwp2IXI592-Guys-1085-MPRAGESEN_-sIXI59_-0301-00003-000001-01.nii,D:\github\IOT_Project\data\processed\volumes\test\mwp2IXI592-Guys-1085-MPRAGESEN_-sIXI59_-0301-00003-000001-01.npy,mr_IXI_480i,0,test,113.0,137.0,113.0,128.0,128.0,128.0,success,
mwp2IXI603-HH-2701-MADisoTFE1_-s3T248_-0301-00003-000001-01,D:\github\IOT_Project\dataset\mr_IXI_480i\mwp2IXI603-HH-2701-MADisoTFE1_-s3T248_-0301-00003-000001-01.nii,D:\github\IOT_Project\data\processed\volumes\test\mwp2IXI603-HH-2701-MADisoTFE1_-s3T248_-0301-00003-000001-01.npy,mr_IXI_480i,0,test,113.0,137.0,113.0,128.0,128.0,128.0,success,
mwp2IXI611-HH-2650-MADisoTFE1_-s3T245_-0301-00003-000001-01,D:\github\IOT_Project\dataset\mr_IXI_480i\mwp2IXI611-HH-2650-MADisoTFE1_-s3T245_-0301-00003-000001-01.nii,D:\github\IOT_Project\data\processed\volumes\test\mwp2IXI611-HH-2650-MADisoTFE1_-s3T245_-0301-00003-000001-01.npy,mr_IXI_480i,0,test,113.0,137.0,113.0,128.0,128.0,128.0,success,
mwp2IXI614-HH-2735-MADisoTFE1_-s3T251_-0301-00003-000001-01,D:\github\IOT_Project\dataset\mr_IXI_480i\mwp2IXI614-HH-2735-MADisoTFE1_-s3T251_-0301-00003-000001-01.nii,D:\github\IOT_Project\data\processed\volumes\test\mwp2IXI614-HH-2735-MADisoTFE1_-s3T251_-0301-00003-000001-01.npy,mr_IXI_480i,0,test,113.0,137.0,113.0,128.0,128.0,128.0,success,
mwp2IXI616-Guys-1092-MPRAGESEN_-s445_-0301-00003-000001-01,D:\github\IOT_Project\dataset\mr_IXI_480i\mwp2IXI616-Guys-1092-MPRAGESEN_-s445_-0301-00003-000001-01.nii,D:\github\IOT_Project\data\processed\volumes\test\mwp2IXI616-Guys-1092-MPRAGESEN_-s445_-0301-00003-000001-01.npy,mr_IXI_480i,0,test,113.0,137.0,113.0,128.0,128.0,128.0,success,
mwp2IXI637-HH-2785-MADisoTFE1_-s3T253_-0301-00003-000001-01,D:\github\IOT_Project\dataset\mr_IXI_480i\mwp2IXI637-HH-2785-MADisoTFE1_-s3T253_-0301-00003-000001-01.nii,D:\github\IOT_Project\data\processed\volumes\test\mwp2IXI637-HH-2785-MADisoTFE1_-s3T253_-0301-00003-000001-01.npy,mr_IXI_480i,0,test,113.0,137.0,113.0,128.0,128.0,128.0,success,
mwp2IXI642-Guys-1104-MPRAGESEN_-s451_-0401-00004-000001-01,D:\github\IOT_Project\dataset\mr_IXI_480i\mwp2IXI642-Guys-1104-MPRAGESEN_-s451_-0401-00004-000001-01.nii,D:\github\IOT_Project\data\processed\volumes\test\mwp2IXI642-Guys-1104-MPRAGESEN_-s451_-0401-00004-000001-01.npy,mr_IXI_480i,0,test,113.0,137.0,113.0,128.0,128.0,128.0,success,
mwp2IXI648-Guys-1107-MPRAGESEN_-sIXI0648_-0301-00003-000001-01,D:\github\IOT_Project\dataset\mr_IXI_480i\mwp2IXI648-Guys-1107-MPRAGESEN_-sIXI0648_-0301-00003-000001-01.nii,D:\github\IOT_Project\data\processed\volumes\test\mwp2IXI648-Guys-1107-MPRAGESEN_-sIXI0648_-0301-00003-000001-01.npy,mr_IXI_480i,0,test,113.0,137.0,113.0,128.0,128.0,128.0,success,
mwp2IXI651-Guys-1118-MPRAGESEN_-s454_-0301-00003-000001-01,D:\github\IOT_Project\dataset\mr_IXI_480i\mwp2IXI651-Guys-1118-MPRAGESEN_-s454_-0301-00003-000001-01.nii,D:\github\IOT_Project\data\processed\volumes\test\mwp2IXI651-Guys-1118-MPRAGESEN_-s454_-0301-00003-000001-01.npy,mr_IXI_480i,0,test,113.0,137.0,113.0,128.0,128.0,128.0,success,
mwp2IXI662-Guys-1120-MPRAGESEN_-s455_-0301-00003-000001-01,D:\github\IOT_Project\dataset\mr_IXI_480i\mwp2IXI662-Guys-1120-MPRAGESEN_-s455_-0301-00003-000001-01.nii,D:\github\IOT_Project\data\processed\volumes\test\mwp2IXI662-Guys-1120-MPRAGESEN_-s455_-0301-00003-000001-01.npy,mr_IXI_480i,0,test,113.0,137.0,113.0,128.0,128.0,128.0,success,
rh.ppIXI306-IOP-0867-SAGFSPGR_-sIXI30_-0003-00001-000001-01,D:\github\IOT_Project\dataset\mri_IXI_480_2\rh.ppIXI306-IOP-0867-SAGFSPGR_-sIXI30_-0003-00001-000001-01.nii,D:\github\IOT_Project\data\processed\volumes\test\rh.ppIXI306-IOP-0867-SAGFSPGR_-sIXI30_-0003-00001-000001-01.npy,mri_IXI_480_2,1,test,256.0,256.0,146.0,128.0,128.0,128.0,success,
rh.ppIXI313-HH-2241-MADisoTFE1_-s3t219_-0301-00003-000001-01,D:\github\IOT_Project\dataset\mri_IXI_480_2\rh.ppIXI313-HH-2241-MADisoTFE1_-s3t219_-0301-00003-000001-01.nii,D:\github\IOT_Project\data\processed\volumes\test\rh.ppIXI313-HH-2241-MADisoTFE1_-s3t219_-0301-00003-000001-01.npy,mri_IXI_480_2,1,test,256.0,256.0,150.0,128.0,128.0,128.0,success,
rh.pptnIXI306-IOP-0867-SAGFSPGR_-sIXI30_-0003-00001-000001-01,D:\github\IOT_Project\dataset\mri_IXI_480_2\rh.pptnIXI306-IOP-0867-SAGFSPGR_-sIXI30_-0003-00001-000001-01.nii,D:\github\IOT_Project\data\processed\volumes\test\rh.pptnIXI306-IOP-0867-SAGFSPGR_-sIXI30_-0003-00001-000001-01.npy,mri_IXI_480_2,1,test,256.0,256.0,146.0,128.0,128.0,128.0,success,
rh.pptnIXI308-Guys-0884-MPRAGESEN_-s302_-0301-00003-000001-01,D:\github\IOT_Project\dataset\mri_IXI_480_2\rh.pptnIXI308-Guys-0884-MPRAGESEN_-s302_-0301-00003-000001-01.nii,D:\github\IOT_Project\data\processed\volumes\test\rh.pptnIXI308-Guys-0884-MPRAGESEN_-s302_-0301-00003-000001-01.npy,mri_IXI_480_2,1,test,256.0,256.0,150.0,128.0,128.0,128.0,success,
wj_IXI115-Guys-0738-T1,D:\github\IOT_Project\dataset\mri_IXI_480_2\wj_IXI115-Guys-0738-T1.nii,D:\github\IOT_Project\data\processed\volumes\test\wj_IXI115-Guys-0738-T1.npy,mri_IXI_480_2,1,test,113.0,137.0,113.0,128.0,128.0,128.0,success,
wj_IXI123-Guys-0774-T1,D:\github\IOT_Project\dataset\mri_IXI_480_2\wj_IXI123-Guys-0774-T1.nii,D:\github\IOT_Project\data\processed\volumes\test\wj_IXI123-Guys-0774-T1.npy,mri_IXI_480_2,1,test,113.0,137.0,113.0,128.0,128.0,128.0,success,
wj_IXI134-Guys-0780-T1,D:\github\IOT_Project\dataset\mri_IXI_480_2\wj_IXI134-Guys-0780-T1.nii,D:\github\IOT_Project\data\processed\volumes\test\wj_IXI134-Guys-0780-T1.npy,mri_IXI_480_2,1,test,113.0,137.0,113.0,128.0,128.0,128.0,success,
wj_IXI136-HH-1452-T1,D:\github\IOT_Project\dataset\mri_IXI_480_2\wj_IXI136-HH-1452-T1.nii,D:\github\IOT_Project\data\processed\volumes\test\wj_IXI136-HH-1452-T1.npy,mri_IXI_480_2,1,test,113.0,137.0,113.0,128.0,128.0,128.0,success,
wj_IXI137-HH-1472-T1,D:\github\IOT_Project\dataset\mri_IXI_480_2\wj_IXI137-HH-1472-T1.nii,D:\github\IOT_Project\data\processed\volumes\test\wj_IXI137-HH-1472-T1.npy,mri_IXI_480_2,1,test,113.0,137.0,113.0,128.0,128.0,128.0,success,
wj_IXI139-Guys-0815-T1,D:\github\IOT_Project\dataset\mri_IXI_480_2\wj_IXI139-Guys-0815-T1.nii,D:\github\IOT_Project\data\processed\volumes\test\wj_IXI139-Guys-0815-T1.npy,mri_IXI_480_2,1,test,113.0,137.0,113.0,128.0,128.0,128.0,success,
wj_IXI153-Guys-0782-IXI3DMPRAG_-s249_-0301-00003-000001-01,D:\github\IOT_Project\dataset\mri_IXI_480_2\wj_IXI153-Guys-0782-IXI3DMPRAG_-s249_-0301-00003-000001-01.nii,D:\github\IOT_Project\data\processed\volumes\test\wj_IXI153-Guys-0782-IXI3DMPRAG_-s249_-0301-00003-000001-01.npy,mri_IXI_480_2,1,test,113.0,137.0,113.0,128.0,128.0,128.0,success,
wj_IXI154-Guys-0821-MPRAGESEN_-s255_-0301-00003-000001-01,D:\github\IOT_Project\dataset\mri_IXI_480_2\wj_IXI154-Guys-0821-MPRAGESEN_-s255_-0301-00003-000001-01.nii,D:\github\IOT_Project\data\processed\volumes\test\wj_IXI154-Guys-0821-MPRAGESEN_-s255_-0301-00003-000001-01.npy,mri_IXI_480_2,1,test,113.0,137.0,113.0,128.0,128.0,128.0,success,
wj_IXI157-Guys-0816-MPRAGESEN_-s254_-0301-00003-000001-01,D:\github\IOT_Project\dataset\mri_IXI_480_2\wj_IXI157-Guys-0816-MPRAGESEN_-s254_-0301-00003-000001-01.nii,D:\github\IOT_Project\data\processed\volumes\test\wj_IXI157-Guys-0816-MPRAGESEN_-s254_-0301-00003-000001-01.npy,mri_IXI_480_2,1,test,113.0,137.0,113.0,128.0,128.0,128.0,success,
wj_IXI158-Guys-0783-IXI3DMPRAG_-s249_-0301-00003-000001-01,D:\github\IOT_Project\dataset\mri_IXI_480_2\wj_IXI158-Guys-0783-IXI3DMPRAG_-s249_-0301-00003-000001-01.nii,D:\github\IOT_Project\data\processed\volumes\test\wj_IXI158-Guys-0783-IXI3DMPRAG_-s249_-0301-00003-000001-01.npy,mri_IXI_480_2,1,test,113.0,137.0,113.0,128.0,128.0,128.0,success,
wj_IXI162-HH-1548-IXIMADisoTFE12_-s3T144_-0301-00003-000001-01,D:\github\IOT_Project\dataset\mri_IXI_480_2\wj_IXI162-HH-1548-IXIMADisoTFE12_-s3T144_-0301-00003-000001-01.nii,D:\github\IOT_Project\data\processed\volumes\test\wj_IXI162-HH-1548-IXIMADisoTFE12_-s3T144_-0301-00003-000001-01.npy,mri_IXI_480_2,1,test,113.0,137.0,113.0,128.0,128.0,128.0,success,
wj_IXI163-HH-1621-IXIMADisoTFE12_-s3T152_-0301-00003-000001-01,D:\github\IOT_Project\dataset\mri_IXI_480_2\wj_IXI163-HH-1621-IXIMADisoTFE12_-s3T152_-0301-00003-000001-01.nii,D:\github\IOT_Project\data\processed\volumes\test\wj_IXI163-HH-1621-IXIMADisoTFE12_-s3T152_-0301-00003-000001-01.npy,mri_IXI_480_2,1,test,113.0,137.0,113.0,128.0,128.0,128.0,success,
wj_IXI166-Guys-0846-MPRAGESEN_-s262_-0301-00003-000001-01,D:\github\IOT_Project\dataset\mri_IXI_480_2\wj_IXI166-Guys-0846-MPRAGESEN_-s262_-0301-00003-000001-01.nii,D:\github\IOT_Project\data\processed\volumes\test\wj_IXI166-Guys-0846-MPRAGESEN_-s262_-0301-00003-000001-01.npy,mri_IXI_480_2,1,test,113.0,137.0,113.0,128.0,128.0,128.0,success,
wj_IXI172-Guys-0982-MPRAGESEN_-s417_-0301-00003-000001-01,D:\github\IOT_Project\dataset\mri_IXI_480_2\wj_IXI172-Guys-0982-MPRAGESEN_-s417_-0301-00003-000001-01.nii,D:\github\IOT_Project\data\processed\volumes\test\wj_IXI172-Guys-0982-MPRAGESEN_-s417_-0301-00003-000001-01.npy,mri_IXI_480_2,1,test,113.0,137.0,113.0,128.0,128.0,128.0,success,
wj_IXI191-Guys-0801-MPRAGESEN_-s252_-0301-00003-000001-01,D:\github\IOT_Project\dataset\mri_IXI_480_2\wj_IXI191-Guys-0801-MPRAGESEN_-s252_-0301-00003-000001-01.nii,D:\github\IOT_Project\data\processed\volumes\test\wj_IXI191-Guys-0801-MPRAGESEN_-s252_-0301-00003-000001-01.npy,mri_IXI_480_2,1,test,113.0,137.0,113.0,128.0,128.0,128.0,success,
wj_IXI193-Guys-0810-MPRAGESEN_-s254_-0401-00004-000001-01,D:\github\IOT_Project\dataset\mri_IXI_480_2\wj_IXI193-Guys-0810-MPRAGESEN_-s254_-0401-00004-000001-01.nii,D:\github\IOT_Project\data\processed\volumes\test\wj_IXI193-Guys-0810-MPRAGESEN_-s254_-0401-00004-000001-01.npy,mri_IXI_480_2,1,test,113.0,137.0,113.0,128.0,128.0,128.0,success,
wj_IXI196-Guys-0805-MPRAGESEN_-s253_-0301-00003-000001-01,D:\github\IOT_Project\dataset\mri_IXI_480_2\wj_IXI196-Guys-0805-MPRAGESEN_-s253_-0301-00003-000001-01.nii,D:\github\IOT_Project\data\processed\volumes\test\wj_IXI196-Guys-0805-MPRAGESEN_-s253_-0301-00003-000001-01.npy,mri_IXI_480_2,1,test,113.0,137.0,113.0,128.0,128.0,128.0,success,
wj_IXI208-Guys-0808-MPRAGESEN_-s253_-0301-00003-000001-01,D:\github\IOT_Project\dataset\mri_IXI_480_2\wj_IXI208-Guys-0808-MPRAGESEN_-s253_-0301-00003-000001-01.nii,D:\github\IOT_Project\data\processed\volumes\test\wj_IXI208-Guys-0808-MPRAGESEN_-s253_-0301-00003-000001-01.npy,mri_IXI_480_2,1,test,113.0,137.0,113.0,128.0,128.0,128.0,success,
wj_IXI214-HH-1636-IXIMADisoTFE12_-s3T154_-0301-00003-000001-01,D:\github\IOT_Project\dataset\mri_IXI_480_2\wj_IXI214-HH-1636-IXIMADisoTFE12_-s3T154_-0301-00003-000001-01.nii,D:\github\IOT_Project\data\processed\volumes\test\wj_IXI214-HH-1636-IXIMADisoTFE12_-s3T154_-0301-00003-000001-01.npy,mri_IXI_480_2,1,test,113.0,137.0,113.0,128.0,128.0,128.0,success,
wj_IXI217-HH-1638-IXIMADisoTFE12_-s3T154_-0301-00003-000001-01,D:\github\IOT_Project\dataset\mri_IXI_480_2\wj_IXI217-HH-1638-IXIMADisoTFE12_-s3T154_-0301-00003-000001-01.nii,D:\github\IOT_Project\data\processed\volumes\test\wj_IXI217-HH-1638-IXIMADisoTFE12_-s3T154_-0301-00003-000001-01.npy,mri_IXI_480_2,1,test,113.0,137.0,113.0,128.0,128.0,128.0,success,
wj_IXI228-Guys-0822-MPRAGESEN_-s255_-0301-00003-000001-01,D:\github\IOT_Project\dataset\mri_IXI_480_2\wj_IXI228-Guys-0822-MPRAGESEN_-s255_-0301-00003-000001-01.nii,D:\github\IOT_Project\data\processed\volumes\test\wj_IXI228-Guys-0822-MPRAGESEN_-s255_-0301-00003-000001-01.npy,mri_IXI_480_2,1,test,113.0,137.0,113.0,128.0,128.0,128.0,success,
wj_IXI232-IOP-0898-SAGFSPGR_-sIXI23_-0003-00001-000001-01,D:\github\IOT_Project\dataset\mri_IXI_480_2\wj_IXI232-IOP-0898-SAGFSPGR_-sIXI23_-0003-00001-000001-01.nii,D:\github\IOT_Project\data\processed\volumes\test\wj_IXI232-IOP-0898-SAGFSPGR_-sIXI23_-0003-00001-000001-01.npy,mri_IXI_480_2,1,test,113.0,137.0,113.0,128.0,128.0,128.0,success,
wj_IXI234-IOP-0870-SAGFSPGR_-sIXI23_-0003-00001-000001-01,D:\github\IOT_Project\dataset\mri_IXI_480_2\wj_IXI234-IOP-0870-SAGFSPGR_-sIXI23_-0003-00001-000001-01.nii,D:\github\IOT_Project\data\processed\volumes\test\wj_IXI234-IOP-0870-SAGFSPGR_-sIXI23_-0003-00001-000001-01.npy,mri_IXI_480_2,1,test,113.0,137.0,113.0,128.0,128.0,128.0,success,
wj_IXI240-Guys-0834-MPRAGESEN_-s258_-0301-00003-000001-01,D:\github\IOT_Project\dataset\mri_IXI_480_2\wj_IXI240-Guys-0834-MPRAGESEN_-s258_-0301-00003-000001-01.nii,D:\github\IOT_Project\data\processed\volumes\test\wj_IXI240-Guys-0834-MPRAGESEN_-s258_-0301-00003-000001-01.npy,mri_IXI_480_2,1,test,113.0,137.0,113.0,128.0,128.0,128.0,success,
wj_IXI244-Guys-0841-MPRAGESEN_-s260_-0301-00003-000001-01,D:\github\IOT_Project\dataset\mri_IXI_480_2\wj_IXI244-Guys-0841-MPRAGESEN_-s260_-0301-00003-000001-01.nii,D:\github\IOT_Project\data\processed\volumes\test\wj_IXI244-Guys-0841-MPRAGESEN_-s260_-0301-00003-000001-01.npy,mri_IXI_480_2,1,test,113.0,137.0,113.0,128.0,128.0,128.0,success,
wj_IXI256-HH-1723-MADisoTFE1_-s3T164_-0301-00003-000001-01,D:\github\IOT_Project\dataset\mri_IXI_480_2\wj_IXI256-HH-1723-MADisoTFE1_-s3T164_-0301-00003-000001-01.nii,D:\github\IOT_Project\data\processed\volumes\test\wj_IXI256-HH-1723-MADisoTFE1_-s3T164_-0301-00003-000001-01.npy,mri_IXI_480_2,1,test,113.0,137.0,113.0,128.0,128.0,128.0,success,
wj_IXI261-HH-1704-MADisoTFE1_-s3T162_-0301-00003-000001-01,D:\github\IOT_Project\dataset\mri_IXI_480_2\wj_IXI261-HH-1704-MADisoTFE1_-s3T162_-0301-00003-000001-01.nii,D:\github\IOT_Project\data\processed\volumes\test\wj_IXI261-HH-1704-MADisoTFE1_-s3T162_-0301-00003-000001-01.npy,mri_IXI_480_2,1,test,113.0,137.0,113.0,128.0,128.0,128.0,success,
wj_IXI263-HH-1684-MADisoTFE1_-s3T159_-0301-00003-000001-01,D:\github\IOT_Project\dataset\mri_IXI_480_2\wj_IXI263-HH-1684-MADisoTFE1_-s3T159_-0301-00003-000001-01.nii,D:\github\IOT_Project\data\processed\volumes\test\wj_IXI263-HH-1684-MADisoTFE1_-s3T159_-0301-00003-000001-01.npy,mri_IXI_480_2,1,test,113.0,137.0,113.0,128.0,128.0,128.0,success,
wj_IXI270-Guys-0847-MPRAGESEN_-s263_-0401-00004-000001-01,D:\github\IOT_Project\dataset\mri_IXI_480_2\wj_IXI270-Guys-0847-MPRAGESEN_-s263_-0401-00004-000001-01.nii,D:\github\IOT_Project\data\processed\volumes\test\wj_IXI270-Guys-0847-MPRAGESEN_-s263_-0401-00004-000001-01.npy,mri_IXI_480_2,1,test,113.0,137.0,113.0,128.0,128.0,128.0,success,
wj_IXI286-Guys-0859-MPRAGESEN_-s296_-0301-00003-000001-01,D:\github\IOT_Project\dataset\mri_IXI_480_2\wj_IXI286-Guys-0859-MPRAGESEN_-s296_-0301-00003-000001-01.nii,D:\github\IOT_Project\data\processed\volumes\test\wj_IXI286-Guys-0859-MPRAGESEN_-s296_-0301-00003-000001-01.npy,mri_IXI_480_2,1,test,113.0,137.0,113.0,128.0,128.0,128.0,success,
wj_IXI439-HH-2114-MADisoTFE1_-s3T203_-0301-00003-000001-01,D:\github\IOT_Project\dataset\mri_IXI_480_2\wj_IXI439-HH-2114-MADisoTFE1_-s3T203_-0301-00003-000001-01.nii,D:\github\IOT_Project\data\processed\volumes\test\wj_IXI439-HH-2114-MADisoTFE1_-s3T203_-0301-00003-000001-01.npy,mri_IXI_480_2,1,test,113.0,137.0,113.0,128.0,128.0,128.0,success,
wj_IXI442-IOP-1041-SAGFSPGR_-sIXI44_-0003-00001-000001-01,D:\github\IOT_Project\dataset\mri_IXI_480_2\wj_IXI442-IOP-1041-SAGFSPGR_-sIXI44_-0003-00001-000001-01.nii,D:\github\IOT_Project\data\processed\volumes\test\wj_IXI442-IOP-1041-SAGFSPGR_-sIXI44_-0003-00001-000001-01.npy,mri_IXI_480_2,1,test,113.0,137.0,113.0,128.0,128.0,128.0,success,
wj_IXI468-Guys-0985-MPRAGESEN_-s417_-0301-00003-000001-01,D:\github\IOT_Project\dataset\mri_IXI_480_2\wj_IXI468-Guys-0985-MPRAGESEN_-s417_-0301-00003-000001-01.nii,D:\github\IOT_Project\data\processed\volumes\test\wj_IXI468-Guys-0985-MPRAGESEN_-s417_-0301-00003-000001-01.npy,mri_IXI_480_2,1,test,113.0,137.0,113.0,128.0,128.0,128.0,success,
wj_IXI476-IOP-1140-SAGFSPGR_-sIXI47_-0003-00001-000001-01,D:\github\IOT_Project\dataset\mri_IXI_480_2\wj_IXI476-IOP-1140-SAGFSPGR_-sIXI47_-0003-00001-000001-01.nii,D:\github\IOT_Project\data\processed\volumes\test\wj_IXI476-IOP-1140-SAGFSPGR_-sIXI47_-0003-00001-000001-01.npy,mri_IXI_480_2,1,test,113.0,137.0,113.0,128.0,128.0,128.0,success,
wj_IXI480-Guys-1033-MPRAGESEN_-s425_-0301-00003-000001-01,D:\github\IOT_Project\dataset\mri_IXI_480_2\wj_IXI480-Guys-1033-MPRAGESEN_-s425_-0301-00003-000001-01.nii,D:\github\IOT_Project\data\processed\volumes\test\wj_IXI480-Guys-1033-MPRAGESEN_-s425_-0301-00003-000001-01.npy,mri_IXI_480_2,1,test,113.0,137.0,113.0,128.0,128.0,128.0,success,
wj_IXI496-Guys-1045-MPRAGESEN_-s421_-0301-00003-000001-01,D:\github\IOT_Project\dataset\mri_IXI_480_2\wj_IXI496-Guys-1045-MPRAGESEN_-s421_-0301-00003-000001-01.nii,D:\github\IOT_Project\data\processed\volumes\test\wj_IXI496-Guys-1045-MPRAGESEN_-s421_-0301-00003-000001-01.npy,mri_IXI_480_2,1,test,113.0,137.0,113.0,128.0,128.0,128.0,success,
wj_IXI504-Guys-1025-MPRAGESEN_-s424_-0301-00003-000001-01,D:\github\IOT_Project\dataset\mri_IXI_480_2\wj_IXI504-Guys-1025-MPRAGESEN_-s424_-0301-00003-000001-01.nii,D:\github\IOT_Project\data\processed\volumes\test\wj_IXI504-Guys-1025-MPRAGESEN_-s424_-0301-00003-000001-01.npy,mri_IXI_480_2,1,test,113.0,137.0,113.0,128.0,128.0,128.0,success,
wj_IXI506-Guys-1035-MPRAGESEN_-s425_-0301-00003-000001-01,D:\github\IOT_Project\dataset\mri_IXI_480_2\wj_IXI506-Guys-1035-MPRAGESEN_-s425_-0301-00003-000001-01.nii,D:\github\IOT_Project\data\processed\volumes\test\wj_IXI506-Guys-1035-MPRAGESEN_-s425_-0301-00003-000001-01.npy,mri_IXI_480_2,1,test,113.0,137.0,113.0,128.0,128.0,128.0,success,
wj_IXI524-HH-2412-MADisoTFE1_-s3T233_-0301-00003-000001-01,D:\github\IOT_Project\dataset\mri_IXI_480_2\wj_IXI524-HH-2412-MADisoTFE1_-s3T233_-0301-00003-000001-01.nii,D:\github\IOT_Project\data\processed\volumes\test\wj_IXI524-HH-2412-MADisoTFE1_-s3T233_-0301-00003-000001-01.npy,mri_IXI_480_2,1,test,113.0,137.0,113.0,128.0,128.0,128.0,success,
wj_IXI535-Guys-1061-MPRAGESEN_-s427_-0301-00003-000001-01,D:\github\IOT_Project\dataset\mri_IXI_480_2\wj_IXI535-Guys-1061-MPRAGESEN_-s427_-0301-00003-000001-01.nii,D:\github\IOT_Project\data\processed\volumes\test\wj_IXI535-Guys-1061-MPRAGESEN_-s427_-0301-00003-000001-01.npy,mri_IXI_480_2,1,test,113.0,137.0,113.0,128.0,128.0,128.0,success,
wj_IXI543-IOP-1148-SAGFSPGR_-sIXI54_-0003-00001-000001-01,D:\github\IOT_Project\dataset\mri_IXI_480_2\wj_IXI543-IOP-1148-SAGFSPGR_-sIXI54_-0003-00001-000001-01.nii,D:\github\IOT_Project\data\processed\volumes\test\wj_IXI543-IOP-1148-SAGFSPGR_-sIXI54_-0003-00001-000001-01.npy,mri_IXI_480_2,1,test,113.0,137.0,113.0,128.0,128.0,128.0,success,
wj_IXI546-HH-2450-MADisoTFE1_-s3T235_-0301-00003-000001-01,D:\github\IOT_Project\dataset\mri_IXI_480_2\wj_IXI546-HH-2450-MADisoTFE1_-s3T235_-0301-00003-000001-01.nii,D:\github\IOT_Project\data\processed\volumes\test\wj_IXI546-HH-2450-MADisoTFE1_-s3T235_-0301-00003-000001-01.npy,mri_IXI_480_2,1,test,113.0,137.0,113.0,128.0,128.0,128.0,success,
wj_IXI569-Guys-1101-MPRAGESEN_-s449_-0301-00003-000001-01,D:\github\IOT_Project\dataset\mri_IXI_480_2\wj_IXI569-Guys-1101-MPRAGESEN_-s449_-0301-00003-000001-01.nii,D:\github\IOT_Project\data\processed\volumes\test\wj_IXI569-Guys-1101-MPRAGESEN_-s449_-0301-00003-000001-01.npy,mri_IXI_480_2,1,test,113.0,137.0,113.0,128.0,128.0,128.0,success,
wj_IXI573-IOP-1155-SAGFSPGR_-sIXI57_-0003-00001-000001-01,D:\github\IOT_Project\dataset\mri_IXI_480_2\wj_IXI573-IOP-1155-SAGFSPGR_-sIXI57_-0003-00001-000001-01.nii,D:\github\IOT_Project\data\processed\volumes\test\wj_IXI573-IOP-1155-SAGFSPGR_-sIXI57_-0003-00001-000001-01.npy,mri_IXI_480_2,1,test,113.0,137.0,113.0,128.0,128.0,128.0,success,
wj_IXI579-Guys-1126-MPRAGESEN_-s433_-0301-00003-000001-01,D:\github\IOT_Project\dataset\mri_IXI_480_2\wj_IXI579-Guys-1126-MPRAGESEN_-s433_-0301-00003-000001-01.nii,D:\github\IOT_Project\data\processed\volumes\test\wj_IXI579-Guys-1126-MPRAGESEN_-s433_-0301-00003-000001-01.npy,mri_IXI_480_2,1,test,113.0,137.0,113.0,128.0,128.0,128.0,success,
wj_IXI591-Guys-1084-MPRAGESEN_-sIXI59_-0301-00003-000001-01,D:\github\IOT_Project\dataset\mri_IXI_480_2\wj_IXI591-Guys-1084-MPRAGESEN_-sIXI59_-0301-00003-000001-01.nii,D:\github\IOT_Project\data\processed\volumes\test\wj_IXI591-Guys-1084-MPRAGESEN_-sIXI59_-0301-00003-000001-01.npy,mri_IXI_480_2,1,test,113.0,137.0,113.0,128.0,128.0,128.0,success,
wj_IXI596-IOP-1160-SAGFSPGR_-sIXI59_-0003-00001-000001-01,D:\github\IOT_Project\dataset\mri_IXI_480_2\wj_IXI596-IOP-1160-SAGFSPGR_-sIXI59_-0003-00001-000001-01.nii,D:\github\IOT_Project\data\processed\volumes\test\wj_IXI596-IOP-1160-SAGFSPGR_-sIXI59_-0003-00001-000001-01.npy,mri_IXI_480_2,1,test,113.0,137.0,113.0,128.0,128.0,128.0,success,
wj_IXI613-HH-2734-MADisoTFE1_-s3T251_-0301-00003-000001-01,D:\github\IOT_Project\dataset\mri_IXI_480_2\wj_IXI613-HH-2734-MADisoTFE1_-s3T251_-0301-00003-000001-01.nii,D:\github\IOT_Project\data\processed\volumes\test\wj_IXI613-HH-2734-MADisoTFE1_-s3T251_-0301-00003-000001-01.npy,mri_IXI_480_2,1,test,113.0,137.0,113.0,128.0,128.0,128.0,success,
wj_IXI627-Guys-1103-MPRAGESEN_-s450_-0301-00003-000001-01,D:\github\IOT_Project\dataset\mri_IXI_480_2\wj_IXI627-Guys-1103-MPRAGESEN_-s450_-0301-00003-000001-01.nii,D:\github\IOT_Project\data\processed\volumes\test\wj_IXI627-Guys-1103-MPRAGESEN_-s450_-0301-00003-000001-01.npy,mri_IXI_480_2,1,test,113.0,137.0,113.0,128.0,128.0,128.0,success,
wj_IXI637-HH-2785-MADisoTFE1_-s3T253_-0301-00003-000001-01,D:\github\IOT_Project\dataset\mri_IXI_480_2\wj_IXI637-HH-2785-MADisoTFE1_-s3T253_-0301-00003-000001-01.nii,D:\github\IOT_Project\data\processed\volumes\test\wj_IXI637-HH-2785-MADisoTFE1_-s3T253_-0301-00003-000001-01.npy,mri_IXI_480_2,1,test,113.0,137.0,113.0,128.0,128.0,128.0,success,
wj_IXI642-Guys-1104-MPRAGESEN_-s451_-0401-00004-000001-01,D:\github\IOT_Project\dataset\mri_IXI_480_2\wj_IXI642-Guys-1104-MPRAGESEN_-s451_-0401-00004-000001-01.nii,D:\github\IOT_Project\data\processed\volumes\test\wj_IXI642-Guys-1104-MPRAGESEN_-s451_-0401-00004-000001-01.npy,mri_IXI_480_2,1,test,113.0,137.0,113.0,128.0,128.0,128.0,success,
wj_IXI651-Guys-1118-MPRAGESEN_-s454_-0301-00003-000001-01,D:\github\IOT_Project\dataset\mri_IXI_480_2\wj_IXI651-Guys-1118-MPRAGESEN_-s454_-0301-00003-000001-01.nii,D:\github\IOT_Project\data\processed\volumes\test\wj_IXI651-Guys-1118-MPRAGESEN_-s454_-0301-00003-000001-01.npy,mri_IXI_480_2,1,test,113.0,137.0,113.0,128.0,128.0,128.0,success,
wmIXI122-Guys-0773-T1,D:\github\IOT_Project\dataset\mri_IXI_480_2\wmIXI122-Guys-0773-T1.nii,D:\github\IOT_Project\data\processed\volumes\test\wmIXI122-Guys-0773-T1.npy,mri_IXI_480_2,1,test,113.0,137.0,113.0,128.0,128.0,128.0,success,
wmIXI123-Guys-0774-T1,D:\github\IOT_Project\dataset\mri_IXI_480_2\wmIXI123-Guys-0774-T1.nii,D:\github\IOT_Project\data\processed\volumes\test\wmIXI123-Guys-0774-T1.npy,mri_IXI_480_2,1,test,113.0,137.0,113.0,128.0,128.0,128.0,success,
wmIXI136-HH-1452-T1,D:\github\IOT_Project\dataset\mri_IXI_480_2\wmIXI136-HH-1452-T1.nii,D:\github\IOT_Project\data\processed\volumes\test\wmIXI136-HH-1452-T1.npy,mri_IXI_480_2,1,test,113.0,137.0,113.0,128.0,128.0,128.0,success,
wmIXI144-Guys-0788-T1,D:\github\IOT_Project\dataset\mri_IXI_480_2\wmIXI144-Guys-0788-T1.nii,D:\github\IOT_Project\data\processed\volumes\test\wmIXI144-Guys-0788-T1.npy,mri_IXI_480_2,1,test,113.0,137.0,113.0,128.0,128.0,128.0,success,
wmIXI157-Guys-0816-MPRAGESEN_-s254_-0301-00003-000001-01,D:\github\IOT_Project\dataset\mri_IXI_480_2\wmIXI157-Guys-0816-MPRAGESEN_-s254_-0301-00003-000001-01.nii,D:\github\IOT_Project\data\processed\volumes\test\wmIXI157-Guys-0816-MPRAGESEN_-s254_-0301-00003-000001-01.npy,mri_IXI_480_2,1,test,113.0,137.0,113.0,128.0,128.0,128.0,success,
wmIXI158-Guys-0783-IXI3DMPRAG_-s249_-0301-00003-000001-01,D:\github\IOT_Project\dataset\mri_IXI_480_2\wmIXI158-Guys-0783-IXI3DMPRAG_-s249_-0301-00003-000001-01.nii,D:\github\IOT_Project\data\processed\volumes\test\wmIXI158-Guys-0783-IXI3DMPRAG_-s249_-0301-00003-000001-01.npy,mri_IXI_480_2,1,test,113.0,137.0,113.0,128.0,128.0,128.0,success,
wmIXI160-HH-1637-IXIMADisoTFE12_-s3T154_-0301-00003-000001-01,D:\github\IOT_Project\dataset\mri_IXI_480_2\wmIXI160-HH-1637-IXIMADisoTFE12_-s3T154_-0301-00003-000001-01.nii,D:\github\IOT_Project\data\processed\volumes\test\wmIXI160-HH-1637-IXIMADisoTFE12_-s3T154_-0301-00003-000001-01.npy,mri_IXI_480_2,1,test,113.0,137.0,113.0,128.0,128.0,128.0,success,
wmIXI163-HH-1621-IXIMADisoTFE12_-s3T152_-0301-00003-000001-01,D:\github\IOT_Project\dataset\mri_IXI_480_2\wmIXI163-HH-1621-IXIMADisoTFE12_-s3T152_-0301-00003-000001-01.nii,D:\github\IOT_Project\data\processed\volumes\test\wmIXI163-HH-1621-IXIMADisoTFE12_-s3T152_-0301-00003-000001-01.npy,mri_IXI_480_2,1,test,113.0,137.0,113.0,128.0,128.0,128.0,success,
wmIXI174-HH-1571-IXIMADisoTFE12_-s3T147_-0301-00003-000001-01,D:\github\IOT_Project\dataset\mri_IXI_480_2\wmIXI174-HH-1571-IXIMADisoTFE12_-s3T147_-0301-00003-000001-01.nii,D:\github\IOT_Project\data\processed\volumes\test\wmIXI174-HH-1571-IXIMADisoTFE12_-s3T147_-0301-00003-000001-01.npy,mri_IXI_480_2,1,test,113.0,137.0,113.0,128.0,128.0,128.0,success,
wmIXI180-HH-1605-IXIMADisoTFE12_-s3T151_-0301-00003-000001-01,D:\github\IOT_Project\dataset\mri_IXI_480_2\wmIXI180-HH-1605-IXIMADisoTFE12_-s3T151_-0301-00003-000001-01.nii,D:\github\IOT_Project\data\processed\volumes\test\wmIXI180-HH-1605-IXIMADisoTFE12_-s3T151_-0301-00003-000001-01.npy,mri_IXI_480_2,1,test,113.0,137.0,113.0,128.0,128.0,128.0,success,
wmIXI188-Guys-0798-MPRAGESEN_-s252_-0301-00003-000001-01,D:\github\IOT_Project\dataset\mri_IXI_480_2\wmIXI188-Guys-0798-MPRAGESEN_-s252_-0301-00003-000001-01.nii,D:\github\IOT_Project\data\processed\volumes\test\wmIXI188-Guys-0798-MPRAGESEN_-s252_-0301-00003-000001-01.npy,mri_IXI_480_2,1,test,113.0,137.0,113.0,128.0,128.0,128.0,success,
wmIXI210-Guys-0856-MPRAGESEN_-s295_-0301-00003-000001-01,D:\github\IOT_Project\dataset\mri_IXI_480_2\wmIXI210-Guys-0856-MPRAGESEN_-s295_-0301-00003-000001-01.nii,D:\github\IOT_Project\data\processed\volumes\test\wmIXI210-Guys-0856-MPRAGESEN_-s295_-0301-00003-000001-01.npy,mri_IXI_480_2,1,test,113.0,137.0,113.0,128.0,128.0,128.0,success,
wmIXI222-Guys-0819-MPRAGESEN_-s222_-0301-00003-000001-01,D:\github\IOT_Project\dataset\mri_IXI_480_2\wmIXI222-Guys-0819-MPRAGESEN_-s222_-0301-00003-000001-01.nii,D:\github\IOT_Project\data\processed\volumes\test\wmIXI222-Guys-0819-MPRAGESEN_-s222_-0301-00003-000001-01.npy,mri_IXI_480_2,1,test,113.0,137.0,113.0,128.0,128.0,128.0,success,
wmIXI229-Guys-0980-MPRAGESEN_-s416_-0301-00003-000001-01,D:\github\IOT_Project\dataset\mri_IXI_480_2\wmIXI229-Guys-0980-MPRAGESEN_-s416_-0301-00003-000001-01.nii,D:\github\IOT_Project\data\processed\volumes\test\wmIXI229-Guys-0980-MPRAGESEN_-s416_-0301-00003-000001-01.npy,mri_IXI_480_2,1,test,113.0,137.0,113.0,128.0,128.0,128.0,success,
wmIXI250-Guys-0836-MPRAGESEN_-s259_-0301-00003-000001-01,D:\github\IOT_Project\dataset\mri_IXI_480_2\wmIXI250-Guys-0836-MPRAGESEN_-s259_-0301-00003-000001-01.nii,D:\github\IOT_Project\data\processed\volumes\test\wmIXI250-Guys-0836-MPRAGESEN_-s259_-0301-00003-000001-01.npy,mri_IXI_480_2,1,test,113.0,137.0,113.0,128.0,128.0,128.0,success,
wmIXI255-HH-1882-MADisoTFE1_-s3T178_-0301-00003-000001-01,D:\github\IOT_Project\dataset\mri_IXI_480_2\wmIXI255-HH-1882-MADisoTFE1_-s3T178_-0301-00003-000001-01.nii,D:\github\IOT_Project\data\processed\volumes\test\wmIXI255-HH-1882-MADisoTFE1_-s3T178_-0301-00003-000001-01.npy,mri_IXI_480_2,1,test,113.0,137.0,113.0,128.0,128.0,128.0,success,
wmIXI258-HH-1769-MADisoTFE1_-s3T168_-0301-00003-000001-01,D:\github\IOT_Project\dataset\mri_IXI_480_2\wmIXI258-HH-1769-MADisoTFE1_-s3T168_-0301-00003-000001-01.nii,D:\github\IOT_Project\data\processed\volumes\test\wmIXI258-HH-1769-MADisoTFE1_-s3T168_-0301-00003-000001-01.npy,mri_IXI_480_2,1,test,113.0,137.0,113.0,128.0,128.0,128.0,success,
wmIXI260-HH-1805-MADisoTFE1_-s3T170_-0301-00003-000001-01,D:\github\IOT_Project\dataset\mri_IXI_480_2\wmIXI260-HH-1805-MADisoTFE1_-s3T170_-0301-00003-000001-01.nii,D:\github\IOT_Project\data\processed\volumes\test\wmIXI260-HH-1805-MADisoTFE1_-s3T170_-0301-00003-000001-01.npy,mri_IXI_480_2,1,test,113.0,137.0,113.0,128.0,128.0,128.0,success,
wmIXI284-HH-2354-MADisoTFE1_-s3T227_-0301-00003-000001-01,D:\github\IOT_Project\dataset\mri_IXI_480_2\wmIXI284-HH-2354-MADisoTFE1_-s3T227_-0301-00003-000001-01.nii,D:\github\IOT_Project\data\processed\volumes\test\wmIXI284-HH-2354-MADisoTFE1_-s3T227_-0301-00003-000001-01.npy,mri_IXI_480_2,1,test,113.0,137.0,113.0,128.0,128.0,128.0,success,
wmIXI289-Guys-0864-MPRAGESEN_-s298_-0301-00003-000001-01,D:\github\IOT_Project\dataset\mri_IXI_480_2\wmIXI289-Guys-0864-MPRAGESEN_-s298_-0301-00003-000001-01.nii,D:\github\IOT_Project\data\processed\volumes\test\wmIXI289-Guys-0864-MPRAGESEN_-s298_-0301-00003-000001-01.npy,mri_IXI_480_2,1,test,113.0,137.0,113.0,128.0,128.0,128.0,success,
wmIXI295-HH-1814-MADisoTFE1_-s3T171_-0301-00003-000001-01,D:\github\IOT_Project\dataset\mri_IXI_480_2\wmIXI295-HH-1814-MADisoTFE1_-s3T171_-0301-00003-000001-01.nii,D:\github\IOT_Project\data\processed\volumes\test\wmIXI295-HH-1814-MADisoTFE1_-s3T171_-0301-00003-000001-01.npy,mri_IXI_480_2,1,test,113.0,137.0,113.0,128.0,128.0,128.0,success,
wmIXI298-Guys-0861-MPRAGESEN_-s298_-0301-00003-000001-01,D:\github\IOT_Project\dataset\mri_IXI_480_2\wmIXI298-Guys-0861-MPRAGESEN_-s298_-0301-00003-000001-01.nii,D:\github\IOT_Project\data\processed\volumes\test\wmIXI298-Guys-0861-MPRAGESEN_-s298_-0301-00003-000001-01.npy,mri_IXI_480_2,1,test,113.0,137.0,113.0,128.0,128.0,128.0,success,
wmIXI300-Guys-0880-MPRAGESEN_-s299_-0301-00003-000001-01,D:\github\IOT_Project\dataset\mri_IXI_480_2\wmIXI300-Guys-0880-MPRAGESEN_-s299_-0301-00003-000001-01.nii,D:\github\IOT_Project\data\processed\volumes\test\wmIXI300-Guys-0880-MPRAGESEN_-s299_-0301-00003-000001-01.npy,mri_IXI_480_2,1,test,113.0,137.0,113.0,128.0,128.0,128.0,success,
wmIXI303-IOP-0968-SAGFSPGR_-sIXI30_-0003-00001-000001-01,D:\github\IOT_Project\dataset\mri_IXI_480_2\wmIXI303-IOP-0968-SAGFSPGR_-sIXI30_-0003-00001-000001-01.nii,D:\github\IOT_Project\data\processed\volumes\test\wmIXI303-IOP-0968-SAGFSPGR_-sIXI30_-0003-00001-000001-01.npy,mri_IXI_480_2,1,test,113.0,137.0,113.0,128.0,128.0,128.0,success,
wmIXI307-IOP-0872-SAGFSPGR_-sIXI30_-0003-00001-000001-01,D:\github\IOT_Project\dataset\mri_IXI_480_2\wmIXI307-IOP-0872-SAGFSPGR_-sIXI30_-0003-00001-000001-01.nii,D:\github\IOT_Project\data\processed\volumes\test\wmIXI307-IOP-0872-SAGFSPGR_-sIXI30_-0003-00001-000001-01.npy,mri_IXI_480_2,1,test,113.0,137.0,113.0,128.0,128.0,128.0,success,
wmIXI321-Guys-0903-MPRAGESEN_-s306_-0301-00003-000001-01,D:\github\IOT_Project\dataset\mri_IXI_480_2\wmIXI321-Guys-0903-MPRAGESEN_-s306_-0301-00003-000001-01.nii,D:\github\IOT_Project\data\processed\volumes\test\wmIXI321-Guys-0903-MPRAGESEN_-s306_-0301-00003-000001-01.npy,mri_IXI_480_2,1,test,113.0,137.0,113.0,128.0,128.0,128.0,success,
wmIXI327-HH-1999-MADisoTFE1_-s3T190_-0301-00003-000001-01,D:\github\IOT_Project\dataset\mri_IXI_480_2\wmIXI327-HH-1999-MADisoTFE1_-s3T190_-0301-00003-000001-01.nii,D:\github\IOT_Project\data\processed\volumes\test\wmIXI327-HH-1999-MADisoTFE1_-s3T190_-0301-00003-000001-01.npy,mri_IXI_480_2,1,test,113.0,137.0,113.0,128.0,128.0,128.0,success,
wmIXI338-HH-1971-MADisoTFE1_-s3T188_-0301-00003-000001-01,D:\github\IOT_Project\dataset\mri_IXI_480_2\wmIXI338-HH-1971-MADisoTFE1_-s3T188_-0301-00003-000001-01.nii,,mri_IXI_480_2,1,test,,,,,,,failed,"Whoops, not enough data in file"
wmIXI342-Guys-0909-MPRAGESEN_-s034_-0301-00003-000001-01,D:\github\IOT_Project\dataset\mri_IXI_480_2\wmIXI342-Guys-0909-MPRAGESEN_-s034_-0301-00003-000001-01.nii,,mri_IXI_480_2,1,test,,,,,,,failed,"Whoops, not enough data in file"
wmIXI398-Guys-0952-MPRAGESEN_-s412_-0401-00004-000001-01,D:\github\IOT_Project\dataset\mri_IXI_480_2\wmIXI398-Guys-0952-MPRAGESEN_-s412_-0401-00004-000001-01.nii,D:\github\IOT_Project\data\processed\volumes\test\wmIXI398-Guys-0952-MPRAGESEN_-s412_-0401-00004-000001-01.npy,mri_IXI_480_2,1,test,113.0,137.0,113.0,128.0,128.0,128.0,success,
wmIXI433-IOP-0989-SAGFSPGR_-sIXI43_-0003-00001-000001-01,D:\github\IOT_Project\dataset\mri_IXI_480_2\wmIXI433-IOP-0989-SAGFSPGR_-sIXI43_-0003-00001-000001-01.nii,D:\github\IOT_Project\data\processed\volumes\test\wmIXI433-IOP-0989-SAGFSPGR_-sIXI43_-0003-00001-000001-01.npy,mri_IXI_480_2,1,test,113.0,137.0,113.0,128.0,128.0,128.0,success,
wmIXI435-IOP-1040-SAGFSPGR_-sIXI43_-0003-00001-000001-01,D:\github\IOT_Project\dataset\mri_IXI_480_2\wmIXI435-IOP-1040-SAGFSPGR_-sIXI43_-0003-00001-000001-01.nii,D:\github\IOT_Project\data\processed\volumes\test\wmIXI435-IOP-1040-SAGFSPGR_-sIXI43_-0003-00001-000001-01.npy,mri_IXI_480_2,1,test,113.0,137.0,113.0,128.0,128.0,128.0,success,
wmIXI437-HH-2152-MADisoTFE1_-s3T207_-0301-00003-000001-01,D:\github\IOT_Project\dataset\mri_IXI_480_2\wmIXI437-HH-2152-MADisoTFE1_-s3T207_-0301-00003-000001-01.nii,D:\github\IOT_Project\data\processed\volumes\test\wmIXI437-HH-2152-MADisoTFE1_-s3T207_-0301-00003-000001-01.npy,mri_IXI_480_2,1,test,113.0,137.0,113.0,128.0,128.0,128.0,success,
wmIXI438-HH-2155-MADisoTFE1_-s3T207_-0301-00003-000001-01,D:\github\IOT_Project\dataset\mri_IXI_480_2\wmIXI438-HH-2155-MADisoTFE1_-s3T207_-0301-00003-000001-01.nii,D:\github\IOT_Project\data\processed\volumes\test\wmIXI438-HH-2155-MADisoTFE1_-s3T207_-0301-00003-000001-01.npy,mri_IXI_480_2,1,test,113.0,137.0,113.0,128.0,128.0,128.0,success,
wmIXI444-HH-2270-MADisoTFE1_-s3T221_-0301-00003-000001-01,D:\github\IOT_Project\dataset\mri_IXI_480_2\wmIXI444-HH-2270-MADisoTFE1_-s3T221_-0301-00003-000001-01.nii,D:\github\IOT_Project\data\processed\volumes\test\wmIXI444-HH-2270-MADisoTFE1_-s3T221_-0301-00003-000001-01.npy,mri_IXI_480_2,1,test,113.0,137.0,113.0,128.0,128.0,128.0,success,
wmIXI463-IOP-1043-SAGFSPGR_-sIXI46_-0003-00001-000001-01,D:\github\IOT_Project\dataset\mri_IXI_480_2\wmIXI463-IOP-1043-SAGFSPGR_-sIXI46_-0003-00001-000001-01.nii,D:\github\IOT_Project\data\processed\volumes\test\wmIXI463-IOP-1043-SAGFSPGR_-sIXI46_-0003-00001-000001-01.npy,mri_IXI_480_2,1,test,113.0,137.0,113.0,128.0,128.0,128.0,success,
wmIXI465-HH-2176-MADisoTFE1_-s3T208_-0301-00003-000001-01,D:\github\IOT_Project\dataset\mri_IXI_480_2\wmIXI465-HH-2176-MADisoTFE1_-s3T208_-0301-00003-000001-01.nii,D:\github\IOT_Project\data\processed\volumes\test\wmIXI465-HH-2176-MADisoTFE1_-s3T208_-0301-00003-000001-01.npy,mri_IXI_480_2,1,test,113.0,137.0,113.0,128.0,128.0,128.0,success,
wmIXI473-IOP-1137-SAGFSPGR_-sIXI47_-0003-00001-000001-01,D:\github\IOT_Project\dataset\mri_IXI_480_2\wmIXI473-IOP-1137-SAGFSPGR_-sIXI47_-0003-00001-000001-01.nii,D:\github\IOT_Project\data\processed\volumes\test\wmIXI473-IOP-1137-SAGFSPGR_-sIXI47_-0003-00001-000001-01.npy,mri_IXI_480_2,1,test,113.0,137.0,113.0,128.0,128.0,128.0,success,
wmIXI475-IOP-1139-SAGFSPGR_-sIXI47_-0003-00001-000001-01,D:\github\IOT_Project\dataset\mri_IXI_480_2\wmIXI475-IOP-1139-SAGFSPGR_-sIXI47_-0003-00001-000001-01.nii,D:\github\IOT_Project\data\processed\volumes\test\wmIXI475-IOP-1139-SAGFSPGR_-sIXI47_-0003-00001-000001-01.npy,mri_IXI_480_2,1,test,113.0,137.0,113.0,128.0,128.0,128.0,success,
wmIXI479-Guys-1034-MPRAGESEN_-s425_-0301-00003-000001-01,D:\github\IOT_Project\dataset\mri_IXI_480_2\wmIXI479-Guys-1034-MPRAGESEN_-s425_-0301-00003-000001-01.nii,D:\github\IOT_Project\data\processed\volumes\test\wmIXI479-Guys-1034-MPRAGESEN_-s425_-0301-00003-000001-01.npy,mri_IXI_480_2,1,test,113.0,137.0,113.0,128.0,128.0,128.0,success,
wmIXI480-Guys-1033-MPRAGESEN_-s425_-0301-00003-000001-01,D:\github\IOT_Project\dataset\mri_IXI_480_2\wmIXI480-Guys-1033-MPRAGESEN_-s425_-0301-00003-000001-01.nii,D:\github\IOT_Project\data\processed\volumes\test\wmIXI480-Guys-1033-MPRAGESEN_-s425_-0301-00003-000001-01.npy,mri_IXI_480_2,1,test,113.0,137.0,113.0,128.0,128.0,128.0,success,
wmIXI484-HH-2179-MADisoTFE1_-s3T211_-0301-00003-000001-01,D:\github\IOT_Project\dataset\mri_IXI_480_2\wmIXI484-HH-2179-MADisoTFE1_-s3T211_-0301-00003-000001-01.nii,D:\github\IOT_Project\data\processed\volumes\test\wmIXI484-HH-2179-MADisoTFE1_-s3T211_-0301-00003-000001-01.npy,mri_IXI_480_2,1,test,113.0,137.0,113.0,128.0,128.0,128.0,success,
wmIXI487-Guys-1037-MPRAGESEN_-s425_-0301-00003-000001-01,D:\github\IOT_Project\dataset\mri_IXI_480_2\wmIXI487-Guys-1037-MPRAGESEN_-s425_-0301-00003-000001-01.nii,D:\github\IOT_Project\data\processed\volumes\test\wmIXI487-Guys-1037-MPRAGESEN_-s425_-0301-00003-000001-01.npy,mri_IXI_480_2,1,test,113.0,137.0,113.0,128.0,128.0,128.0,success,
wmIXI497-Guys-1002-MPRAGESEN_-s420_-0301-00003-000001-01,D:\github\IOT_Project\dataset\mri_IXI_480_2\wmIXI497-Guys-1002-MPRAGESEN_-s420_-0301-00003-000001-01.nii,D:\github\IOT_Project\data\processed\volumes\test\wmIXI497-Guys-1002-MPRAGESEN_-s420_-0301-00003-000001-01.npy,mri_IXI_480_2,1,test,113.0,137.0,113.0,128.0,128.0,128.0,success,
wmIXI500-Guys-1017-MPRAGESEN_-s422_-0301-00003-000001-01,D:\github\IOT_Project\dataset\mri_IXI_480_2\wmIXI500-Guys-1017-MPRAGESEN_-s422_-0301-00003-000001-01.nii,D:\github\IOT_Project\data\processed\volumes\test\wmIXI500-Guys-1017-MPRAGESEN_-s422_-0301-00003-000001-01.npy,mri_IXI_480_2,1,test,113.0,137.0,113.0,128.0,128.0,128.0,success,
wmIXI505-Guys-1026-MPRAGESEN_-s424_-0301-00003-000001-01,D:\github\IOT_Project\dataset\mri_IXI_480_2\wmIXI505-Guys-1026-MPRAGESEN_-s424_-0301-00003-000001-01.nii,D:\github\IOT_Project\data\processed\volumes\test\wmIXI505-Guys-1026-MPRAGESEN_-s424_-0301-00003-000001-01.npy,mri_IXI_480_2,1,test,113.0,137.0,113.0,128.0,128.0,128.0,success,
wmIXI508-HH-2268-MADisoTFE1_-s3T221_-0301-00003-000001-01,D:\github\IOT_Project\dataset\mri_IXI_480_2\wmIXI508-HH-2268-MADisoTFE1_-s3T221_-0301-00003-000001-01.nii,D:\github\IOT_Project\data\processed\volumes\test\wmIXI508-HH-2268-MADisoTFE1_-s3T221_-0301-00003-000001-01.npy,mri_IXI_480_2,1,test,113.0,137.0,113.0,128.0,128.0,128.0,success,
wmIXI519-HH-2240-MADisoTFE1_-s3T219_-0301-00003-000001-01,D:\github\IOT_Project\dataset\mri_IXI_480_2\wmIXI519-HH-2240-MADisoTFE1_-s3T219_-0301-00003-000001-01.nii,D:\github\IOT_Project\data\processed\volumes\test\wmIXI519-HH-2240-MADisoTFE1_-s3T219_-0301-00003-000001-01.npy,mri_IXI_480_2,1,test,113.0,137.0,113.0,128.0,128.0,128.0,success,
wmIXI524-HH-2412-MADisoTFE1_-s3T233_-0301-00003-000001-01,D:\github\IOT_Project\dataset\mri_IXI_480_2\wmIXI524-HH-2412-MADisoTFE1_-s3T233_-0301-00003-000001-01.nii,D:\github\IOT_Project\data\processed\volumes\test\wmIXI524-HH-2412-MADisoTFE1_-s3T233_-0301-00003-000001-01.npy,mri_IXI_480_2,1,test,113.0,137.0,113.0,128.0,128.0,128.0,success,
wmIXI532-IOP-1145-SAGFSPGR_-sIXI53_-0003-00001-000001-01,D:\github\IOT_Project\dataset\mri_IXI_480_2\wmIXI532-IOP-1145-SAGFSPGR_-sIXI53_-0003-00001-000001-01.nii,D:\github\IOT_Project\data\processed\volumes\test\wmIXI532-IOP-1145-SAGFSPGR_-sIXI53_-0003-00001-000001-01.npy,mri_IXI_480_2,1,test,113.0,137.0,113.0,128.0,128.0,128.0,success,
wmIXI548-IOP-1150-SAGFSPGR_-sIXI54_-0003-00001-000001-01,D:\github\IOT_Project\dataset\mri_IXI_480_2\wmIXI548-IOP-1150-SAGFSPGR_-sIXI54_-0003-00001-000001-01.nii,D:\github\IOT_Project\data\processed\volumes\test\wmIXI548-IOP-1150-SAGFSPGR_-sIXI54_-0003-00001-000001-01.npy,mri_IXI_480_2,1,test,113.0,137.0,113.0,128.0,128.0,128.0,success,
wmIXI555-Guys-1074-MPRAGESEN_-sIXI55_-0301-00003-000001-01,D:\github\IOT_Project\dataset\mri_IXI_480_2\wmIXI555-Guys-1074-MPRAGESEN_-sIXI55_-0301-00003-000001-01.nii,D:\github\IOT_Project\data\processed\volumes\test\wmIXI555-Guys-1074-MPRAGESEN_-sIXI55_-0301-00003-000001-01.npy,mri_IXI_480_2,1,test,113.0,137.0,113.0,128.0,128.0,128.0,success,
wmIXI556-HH-2452-MADisoTFE1_-s3T236_-0301-00003-000001-01,D:\github\IOT_Project\dataset\mri_IXI_480_2\wmIXI556-HH-2452-MADisoTFE1_-s3T236_-0301-00003-000001-01.nii,D:\github\IOT_Project\data\processed\volumes\test\wmIXI556-HH-2452-MADisoTFE1_-s3T236_-0301-00003-000001-01.npy,mri_IXI_480_2,1,test,113.0,137.0,113.0,128.0,128.0,128.0,success,
wmIXI560-Guys-1070-MPRAGESEN_-s429_-0301-00003-000001-01,D:\github\IOT_Project\dataset\mri_IXI_480_2\wmIXI560-Guys-1070-MPRAGESEN_-s429_-0301-00003-000001-01.nii,D:\github\IOT_Project\data\processed\volumes\test\wmIXI560-Guys-1070-MPRAGESEN_-s429_-0301-00003-000001-01.npy,mri_IXI_480_2,1,test,113.0,137.0,113.0,128.0,128.0,128.0,success,
wmIXI568-HH-2607-MADisoTFE1_-s3T242_-0301-00003-000001-01,D:\github\IOT_Project\dataset\mri_IXI_480_2\wmIXI568-HH-2607-MADisoTFE1_-s3T242_-0301-00003-000001-01.nii,D:\github\IOT_Project\data\processed\volumes\test\wmIXI568-HH-2607-MADisoTFE1_-s3T242_-0301-00003-000001-01.npy,mri_IXI_480_2,1,test,113.0,137.0,113.0,128.0,128.0,128.0,success,
wmIXI571-IOP-1154-SAGFSPGR_-sIXI57_-0003-00001-000001-01,D:\github\IOT_Project\dataset\mri_IXI_480_2\wmIXI571-IOP-1154-SAGFSPGR_-sIXI57_-0003-00001-000001-01.nii,D:\github\IOT_Project\data\processed\volumes\test\wmIXI571-IOP-1154-SAGFSPGR_-sIXI57_-0003-00001-000001-01.npy,mri_IXI_480_2,1,test,113.0,137.0,113.0,128.0,128.0,128.0,success,
wmIXI579-Guys-1126-MPRAGESEN_-s433_-0301-00003-000001-01,D:\github\IOT_Project\dataset\mri_IXI_480_2\wmIXI579-Guys-1126-MPRAGESEN_-s433_-0301-00003-000001-01.nii,D:\github\IOT_Project\data\processed\volumes\test\wmIXI579-Guys-1126-MPRAGESEN_-s433_-0301-00003-000001-01.npy,mri_IXI_480_2,1,test,113.0,137.0,113.0,128.0,128.0,128.0,success,
wmIXI584-Guys-1129-MPRAGESEN_-sIXI58_-0301-00003-000001-01,D:\github\IOT_Project\dataset\mri_IXI_480_2\wmIXI584-Guys-1129-MPRAGESEN_-sIXI58_-0301-00003-000001-01.nii,D:\github\IOT_Project\data\processed\volumes\test\wmIXI584-Guys-1129-MPRAGESEN_-sIXI58_-0301-00003-000001-01.npy,mri_IXI_480_2,1,test,113.0,137.0,113.0,128.0,128.0,128.0,success,
wmIXI588-IOP-1158-SAGFSPGR_-sIXI58_-0003-00001-000001-01,D:\github\IOT_Project\dataset\mri_IXI_480_2\wmIXI588-IOP-1158-SAGFSPGR_-sIXI58_-0003-00001-000001-01.nii,D:\github\IOT_Project\data\processed\volumes\test\wmIXI588-IOP-1158-SAGFSPGR_-sIXI58_-0003-00001-000001-01.npy,mri_IXI_480_2,1,test,113.0,137.0,113.0,128.0,128.0,128.0,success,
wmIXI591-Guys-1084-MPRAGESEN_-sIXI59_-0301-00003-000001-01,D:\github\IOT_Project\dataset\mri_IXI_480_2\wmIXI591-Guys-1084-MPRAGESEN_-sIXI59_-0301-00003-000001-01.nii,D:\github\IOT_Project\data\processed\volumes\test\wmIXI591-Guys-1084-MPRAGESEN_-sIXI59_-0301-00003-000001-01.npy,mri_IXI_480_2,1,test,113.0,137.0,113.0,128.0,128.0,128.0,success,
wmIXI597-IOP-1161-SAGFSPGR_-sIXI59_-0003-00001-000001-01,D:\github\IOT_Project\dataset\mri_IXI_480_2\wmIXI597-IOP-1161-SAGFSPGR_-sIXI59_-0003-00001-000001-01.nii,D:\github\IOT_Project\data\processed\volumes\test\wmIXI597-IOP-1161-SAGFSPGR_-sIXI59_-0003-00001-000001-01.npy,mri_IXI_480_2,1,test,113.0,137.0,113.0,128.0,128.0,128.0,success,
wmIXI603-HH-2701-MADisoTFE1_-s3T248_-0301-00003-000001-01,D:\github\IOT_Project\dataset\mri_IXI_480_2\wmIXI603-HH-2701-MADisoTFE1_-s3T248_-0301-00003-000001-01.nii,D:\github\IOT_Project\data\processed\volumes\test\wmIXI603-HH-2701-MADisoTFE1_-s3T248_-0301-00003-000001-01.npy,mri_IXI_480_2,1,test,113.0,137.0,113.0,128.0,128.0,128.0,success,
wmIXI639-Guys-1088-MPRAGESEN_-s445_-0301-00003-000001-01,D:\github\IOT_Project\dataset\mri_IXI_480_2\wmIXI639-Guys-1088-MPRAGESEN_-s445_-0301-00003-000001-01.nii,D:\github\IOT_Project\data\processed\volumes\test\wmIXI639-Guys-1088-MPRAGESEN_-s445_-0301-00003-000001-01.npy,mri_IXI_480_2,1,test,113.0,137.0,113.0,128.0,128.0,128.0,success,
wmIXI646-HH-2653-MADisoTFE1_-s3T245_-0301-00003-000001-01,D:\github\IOT_Project\dataset\mri_IXI_480_2\wmIXI646-HH-2653-MADisoTFE1_-s3T245_-0301-00003-000001-01.nii,D:\github\IOT_Project\data\processed\volumes\test\wmIXI646-HH-2653-MADisoTFE1_-s3T245_-0301-00003-000001-01.npy,mri_IXI_480_2,1,test,113.0,137.0,113.0,128.0,128.0,128.0,success,
lh.ppIXI315-IOP-0888-SAGFSPGR_-sIXI31_-0003-00001-000001-01,D:\github\IOT_Project\dataset\mr_IXI_480i\lh.ppIXI315-IOP-0888-SAGFSPGR_-sIXI31_-0003-00001-000001-01.nii,,mr_IXI_480i,0,train,,,,,,,failed,"Whoops, not enough data in file"
lh.ppIXI329-HH-1908-MADisoTFE1_-s3T181_-0301-00003-000001-01,D:\github\IOT_Project\dataset\mr_IXI_480i\lh.ppIXI329-HH-1908-MADisoTFE1_-s3T181_-0301-00003-000001-01.nii,D:\github\IOT_Project\data\processed\volumes\train\lh.ppIXI329-HH-1908-MADisoTFE1_-s3T181_-0301-00003-000001-01.npy,mr_IXI_480i,0,train,256.0,256.0,150.0,128.0,128.0,128.0,success,
lh.pptnIXI319-Guys-0901-MPRAGESEN_-s306_-0301-00003-000001-01,D:\github\IOT_Project\dataset\mr_IXI_480i\lh.pptnIXI319-Guys-0901-MPRAGESEN_-s306_-0301-00003-000001-01.nii,D:\github\IOT_Project\data\processed\volumes\train\lh.pptnIXI319-Guys-0901-MPRAGESEN_-s306_-0301-00003-000001-01.npy,mr_IXI_480i,0,train,256.0,256.0,150.0,128.0,128.0,128.0,success,
mwp1IXI115-Guys-0738-T1,D:\github\IOT_Project\dataset\mr_IXI_480i\mwp1IXI115-Guys-0738-T1.nii,D:\github\IOT_Project\data\processed\volumes\train\mwp1IXI115-Guys-0738-T1.npy,mr_IXI_480i,0,train,113.0,137.0,113.0,128.0,128.0,128.0,success,
mwp1IXI116-Guys-0739-T1,D:\github\IOT_Project\dataset\mr_IXI_480i\mwp1IXI116-Guys-0739-T1.nii,D:\github\IOT_Project\data\processed\volumes\train\mwp1IXI116-Guys-0739-T1.npy,mr_IXI_480i,0,train,113.0,137.0,113.0,128.0,128.0,128.0,success,
mwp1IXI117-Guys-0763-T1,D:\github\IOT_Project\dataset\mr_IXI_480i\mwp1IXI117-Guys-0763-T1.nii,D:\github\IOT_Project\data\processed\volumes\train\mwp1IXI117-Guys-0763-T1.npy,mr_IXI_480i,0,train,113.0,137.0,113.0,128.0,128.0,128.0,success,
mwp1IXI119-Guys-0765-T1,D:\github\IOT_Project\dataset\mr_IXI_480i\mwp1IXI119-Guys-0765-T1.nii,D:\github\IOT_Project\data\processed\volumes\train\mwp1IXI119-Guys-0765-T1.npy,mr_IXI_480i,0,train,113.0,137.0,113.0,128.0,128.0,128.0,success,
mwp1IXI120-Guys-0766-T1,D:\github\IOT_Project\dataset\mr_IXI_480i\mwp1IXI120-Guys-0766-T1.nii,D:\github\IOT_Project\data\processed\volumes\train\mwp1IXI120-Guys-0766-T1.npy,mr_IXI_480i,0,train,113.0,137.0,113.0,128.0,128.0,128.0,success,
mwp1IXI121-Guys-0772-T1,D:\github\IOT_Project\dataset\mr_IXI_480i\mwp1IXI121-Guys-0772-T1.nii,D:\github\IOT_Project\data\processed\volumes\train\mwp1IXI121-Guys-0772-T1.npy,mr_IXI_480i,0,train,113.0,137.0,113.0,128.0,128.0,128.0,success,
mwp1IXI122-Guys-0773-T1,D:\github\IOT_Project\dataset\mr_IXI_480i\mwp1IXI122-Guys-0773-T1.nii,D:\github\IOT_Project\data\processed\volumes\train\mwp1IXI122-Guys-0773-T1.npy,mr_IXI_480i,0,train,113.0,137.0,113.0,128.0,128.0,128.0,success,
mwp1IXI127-HH-1451-T1,D:\github\IOT_Project\dataset\mr_IXI_480i\mwp1IXI127-HH-1451-T1.nii,D:\github\IOT_Project\data\processed\volumes\train\mwp1IXI127-HH-1451-T1.npy,mr_IXI_480i,0,train,113.0,137.0,113.0,128.0,128.0,128.0,success,
mwp1IXI128-HH-1470-T1,D:\github\IOT_Project\dataset\mr_IXI_480i\mwp1IXI128-HH-1470-T1.nii,D:\github\IOT_Project\data\processed\volumes\train\mwp1IXI128-HH-1470-T1.npy,mr_IXI_480i,0,train,113.0,137.0,113.0,128.0,128.0,128.0,success,
mwp1IXI129-Guys-0775-T1,D:\github\IOT_Project\dataset\mr_IXI_480i\mwp1IXI129-Guys-0775-T1.nii,D:\github\IOT_Project\data\processed\volumes\train\mwp1IXI129-Guys-0775-T1.npy,mr_IXI_480i,0,train,113.0,137.0,113.0,128.0,128.0,128.0,success,
mwp1IXI130-HH-1528-T1,D:\github\IOT_Project\dataset\mr_IXI_480i\mwp1IXI130-HH-1528-T1.nii,D:\github\IOT_Project\data\processed\volumes\train\mwp1IXI130-HH-1528-T1.npy,mr_IXI_480i,0,train,113.0,137.0,113.0,128.0,128.0,128.0,success,
mwp1IXI131-HH-1527-T1,D:\github\IOT_Project\dataset\mr_IXI_480i\mwp1IXI131-HH-1527-T1.nii,D:\github\IOT_Project\data\processed\volumes\train\mwp1IXI131-HH-1527-T1.npy,mr_IXI_480i,0,train,113.0,137.0,113.0,128.0,128.0,128.0,success,
mwp1IXI135-Guys-0779-T1,D:\github\IOT_Project\dataset\mr_IXI_480i\mwp1IXI135-Guys-0779-T1.nii,D:\github\IOT_Project\data\processed\volumes\train\mwp1IXI135-Guys-0779-T1.npy,mr_IXI_480i,0,train,113.0,137.0,113.0,128.0,128.0,128.0,success,
mwp1IXI136-HH-1452-T1,D:\github\IOT_Project\dataset\mr_IXI_480i\mwp1IXI136-HH-1452-T1.nii,D:\github\IOT_Project\data\processed\volumes\train\mwp1IXI136-HH-1452-T1.npy,mr_IXI_480i,0,train,113.0,137.0,113.0,128.0,128.0,128.0,success,
mwp1IXI137-HH-1472-T1,D:\github\IOT_Project\dataset\mr_IXI_480i\mwp1IXI137-HH-1472-T1.nii,D:\github\IOT_Project\data\processed\volumes\train\mwp1IXI137-HH-1472-T1.npy,mr_IXI_480i,0,train,113.0,137.0,113.0,128.0,128.0,128.0,success,
mwp1IXI138-Guys-0746-T1,D:\github\IOT_Project\dataset\mr_IXI_480i\mwp1IXI138-Guys-0746-T1.nii,D:\github\IOT_Project\data\processed\volumes\train\mwp1IXI138-Guys-0746-T1.npy,mr_IXI_480i,0,train,113.0,137.0,113.0,128.0,128.0,128.0,success,
mwp1IXI139-Guys-0815-T1,D:\github\IOT_Project\dataset\mr_IXI_480i\mwp1IXI139-Guys-0815-T1.nii,D:\github\IOT_Project\data\processed\volumes\train\mwp1IXI139-Guys-0815-T1.npy,mr_IXI_480i,0,train,113.0,137.0,113.0,128.0,128.0,128.0,success,
mwp1IXI141-Guys-0789-T1,D:\github\IOT_Project\dataset\mr_IXI_480i\mwp1IXI141-Guys-0789-T1.nii,D:\github\IOT_Project\data\processed\volumes\train\mwp1IXI141-Guys-0789-T1.npy,mr_IXI_480i,0,train,113.0,137.0,113.0,128.0,128.0,128.0,success,
mwp1IXI142-Guys-0786-T1,D:\github\IOT_Project\dataset\mr_IXI_480i\mwp1IXI142-Guys-0786-T1.nii,D:\github\IOT_Project\data\processed\volumes\train\mwp1IXI142-Guys-0786-T1.npy,mr_IXI_480i,0,train,113.0,137.0,113.0,128.0,128.0,128.0,success,
mwp1IXI143-Guys-0785-T1,D:\github\IOT_Project\dataset\mr_IXI_480i\mwp1IXI143-Guys-0785-T1.nii,D:\github\IOT_Project\data\processed\volumes\train\mwp1IXI143-Guys-0785-T1.npy,mr_IXI_480i,0,train,113.0,137.0,113.0,128.0,128.0,128.0,success,
mwp1IXI144-Guys-0788-T1,D:\github\IOT_Project\dataset\mr_IXI_480i\mwp1IXI144-Guys-0788-T1.nii,D:\github\IOT_Project\data\processed\volumes\train\mwp1IXI144-Guys-0788-T1.npy,mr_IXI_480i,0,train,113.0,137.0,113.0,128.0,128.0,128.0,success,
mwp1IXI146-HH-1389-T1,D:\github\IOT_Project\dataset\mr_IXI_480i\mwp1IXI146-HH-1389-T1.nii,D:\github\IOT_Project\data\processed\volumes\train\mwp1IXI146-HH-1389-T1.npy,mr_IXI_480i,0,train,113.0,137.0,113.0,128.0,128.0,128.0,success,
mwp1IXI153-Guys-0782-IXI3DMPRAG_-s249_-0301-00003-000001-01,D:\github\IOT_Project\dataset\mr_IXI_480i\mwp1IXI153-Guys-0782-IXI3DMPRAG_-s249_-0301-00003-000001-01.nii,D:\github\IOT_Project\data\processed\volumes\train\mwp1IXI153-Guys-0782-IXI3DMPRAG_-s249_-0301-00003-000001-01.npy,mr_IXI_480i,0,train,113.0,137.0,113.0,128.0,128.0,128.0,success,
mwp1IXI154-Guys-0821-MPRAGESEN_-s255_-0301-00003-000001-01,D:\github\IOT_Project\dataset\mr_IXI_480i\mwp1IXI154-Guys-0821-MPRAGESEN_-s255_-0301-00003-000001-01.nii,D:\github\IOT_Project\data\processed\volumes\train\mwp1IXI154-Guys-0821-MPRAGESEN_-s255_-0301-00003-000001-01.npy,mr_IXI_480i,0,train,113.0,137.0,113.0,128.0,128.0,128.0,success,
mwp1IXI156-Guys-0837-MPRAGESEN_-s259_-0301-00003-000001-01,D:\github\IOT_Project\dataset\mr_IXI_480i\mwp1IXI156-Guys-0837-MPRAGESEN_-s259_-0301-00003-000001-01.nii,D:\github\IOT_Project\data\processed\volumes\train\mwp1IXI156-Guys-0837-MPRAGESEN_-s259_-0301-00003-000001-01.npy,mr_IXI_480i,0,train,113.0,137.0,113.0,128.0,128.0,128.0,success,
mwp1IXI158-Guys-0783-IXI3DMPRAG_-s249_-0301-00003-000001-01,D:\github\IOT_Project\dataset\mr_IXI_480i\mwp1IXI158-Guys-0783-IXI3DMPRAG_-s249_-0301-00003-000001-01.nii,D:\github\IOT_Project\data\processed\volumes\train\mwp1IXI158-Guys-0783-IXI3DMPRAG_-s249_-0301-00003-000001-01.npy,mr_IXI_480i,0,train,113.0,137.0,113.0,128.0,128.0,128.0,success,
mwp1IXI159-HH-1549-IXIMADisoTFE12_-s3T145_-0301-00003-000001-01,D:\github\IOT_Project\dataset\mr_IXI_480i\mwp1IXI159-HH-1549-IXIMADisoTFE12_-s3T145_-0301-00003-000001-01.nii,D:\github\IOT_Project\data\processed\volumes\train\mwp1IXI159-HH-1549-IXIMADisoTFE12_-s3T145_-0301-00003-000001-01.npy,mr_IXI_480i,0,train,113.0,137.0,113.0,128.0,128.0,128.0,success,
mwp1IXI160-HH-1637-IXIMADisoTFE12_-s3T154_-0301-00003-000001-01,D:\github\IOT_Project\dataset\mr_IXI_480i\mwp1IXI160-HH-1637-IXIMADisoTFE12_-s3T154_-0301-00003-000001-01.nii,D:\github\IOT_Project\data\processed\volumes\train\mwp1IXI160-HH-1637-IXIMADisoTFE12_-s3T154_-0301-00003-000001-01.npy,mr_IXI_480i,0,train,113.0,137.0,113.0,128.0,128.0,128.0,success,
mwp1IXI161-HH-2533-MADisoTFE1_-s3T238_-0301-00003-000001-01,D:\github\IOT_Project\dataset\mr_IXI_480i\mwp1IXI161-HH-2533-MADisoTFE1_-s3T238_-0301-00003-000001-01.nii,D:\github\IOT_Project\data\processed\volumes\train\mwp1IXI161-HH-2533-MADisoTFE1_-s3T238_-0301-00003-000001-01.npy,mr_IXI_480i,0,train,113.0,137.0,113.0,128.0,128.0,128.0,success,
mwp1IXI162-HH-1548-IXIMADisoTFE12_-s3T144_-0301-00003-000001-01,D:\github\IOT_Project\dataset\mr_IXI_480i\mwp1IXI162-HH-1548-IXIMADisoTFE12_-s3T144_-0301-00003-000001-01.nii,D:\github\IOT_Project\data\processed\volumes\train\mwp1IXI162-HH-1548-IXIMADisoTFE12_-s3T144_-0301-00003-000001-01.npy,mr_IXI_480i,0,train,113.0,137.0,113.0,128.0,128.0,128.0,success,
mwp1IXI163-HH-1621-IXIMADisoTFE12_-s3T152_-0301-00003-000001-01,D:\github\IOT_Project\dataset\mr_IXI_480i\mwp1IXI163-HH-1621-IXIMADisoTFE12_-s3T152_-0301-00003-000001-01.nii,D:\github\IOT_Project\data\processed\volumes\train\mwp1IXI163-HH-1621-IXIMADisoTFE12_-s3T152_-0301-00003-000001-01.npy,mr_IXI_480i,0,train,113.0,137.0,113.0,128.0,128.0,128.0,success,
mwp1IXI165-HH-1589-IXIMADisoTFE12_-s3T149_-0301-00003-000001-01,D:\github\IOT_Project\dataset\mr_IXI_480i\mwp1IXI165-HH-1589-IXIMADisoTFE12_-s3T149_-0301-00003-000001-01.nii,D:\github\IOT_Project\data\processed\volumes\train\mwp1IXI165-HH-1589-IXIMADisoTFE12_-s3T149_-0301-00003-000001-01.npy,mr_IXI_480i,0,train,113.0,137.0,113.0,128.0,128.0,128.0,success,
mwp1IXI166-Guys-0846-MPRAGESEN_-s262_-0301-00003-000001-01,D:\github\IOT_Project\dataset\mr_IXI_480i\mwp1IXI166-Guys-0846-MPRAGESEN_-s262_-0301-00003-000001-01.nii,D:\github\IOT_Project\data\processed\volumes\train\mwp1IXI166-Guys-0846-MPRAGESEN_-s262_-0301-00003-000001-01.npy,mr_IXI_480i,0,train,113.0,137.0,113.0,128.0,128.0,128.0,success,
mwp1IXI167-HH-1569-IXIMADisoTFE12_-s3T147_-0301-00003-000001-01,D:\github\IOT_Project\dataset\mr_IXI_480i\mwp1IXI167-HH-1569-IXIMADisoTFE12_-s3T147_-0301-00003-000001-01.nii,D:\github\IOT_Project\data\processed\volumes\train\mwp1IXI167-HH-1569-IXIMADisoTFE12_-s3T147_-0301-00003-000001-01.npy,mr_IXI_480i,0,train,113.0,137.0,113.0,128.0,128.0,128.0,success,
mwp1IXI168-HH-1607-IXIMADisoTFE12_-s3T151_-0301-00003-000001-01,D:\github\IOT_Project\dataset\mr_IXI_480i\mwp1IXI168-HH-1607-IXIMADisoTFE12_-s3T151_-0301-00003-000001-01.nii,D:\github\IOT_Project\data\processed\volumes\train\mwp1IXI168-HH-1607-IXIMADisoTFE12_-s3T151_-0301-00003-000001-01.npy,mr_IXI_480i,0,train,113.0,137.0,113.0,128.0,128.0,128.0,success,
mwp1IXI170-Guys-0843-MPRAGESEN_-s260_-0401-00004-000001-01,D:\github\IOT_Project\dataset\mr_IXI_480i\mwp1IXI170-Guys-0843-MPRAGESEN_-s260_-0401-00004-000001-01.nii,D:\github\IOT_Project\data\processed\volumes\train\mwp1IXI170-Guys-0843-MPRAGESEN_-s260_-0401-00004-000001-01.npy,mr_IXI_480i,0,train,113.0,137.0,113.0,128.0,128.0,128.0,success,
mwp1IXI172-Guys-0982-MPRAGESEN_-s417_-0301-00003-000001-01,D:\github\IOT_Project\dataset\mr_IXI_480i\mwp1IXI172-Guys-0982-MPRAGESEN_-s417_-0301-00003-000001-01.nii,D:\github\IOT_Project\data\processed\volumes\train\mwp1IXI172-Guys-0982-MPRAGESEN_-s417_-0301-00003-000001-01.npy,mr_IXI_480i,0,train,113.0,137.0,113.0,128.0,128.0,128.0,success,
mwp1IXI173-HH-1590-IXIMADisoTFE12_-s3T149_-0301-00003-000001-01,D:\github\IOT_Project\dataset\mr_IXI_480i\mwp1IXI173-HH-1590-IXIMADisoTFE12_-s3T149_-0301-00003-000001-01.nii,D:\github\IOT_Project\data\processed\volumes\train\mwp1IXI173-HH-1590-IXIMADisoTFE12_-s3T149_-0301-00003-000001-01.npy,mr_IXI_480i,0,train,113.0,137.0,113.0,128.0,128.0,128.0,success,
mwp1IXI174-HH-1571-IXIMADisoTFE12_-s3T147_-0301-00003-000001-01,D:\github\IOT_Project\dataset\mr_IXI_480i\mwp1IXI174-HH-1571-IXIMADisoTFE12_-s3T147_-0301-00003-000001-01.nii,D:\github\IOT_Project\data\processed\volumes\train\mwp1IXI174-HH-1571-IXIMADisoTFE12_-s3T147_-0301-00003-000001-01.npy,mr_IXI_480i,0,train,113.0,137.0,113.0,128.0,128.0,128.0,success,
mwp1IXI175-HH-1570-IXIMADisoTFE12_-s3T147_-0301-00003-000001-01,D:\github\IOT_Project\dataset\mr_IXI_480i\mwp1IXI175-HH-1570-IXIMADisoTFE12_-s3T147_-0301-00003-000001-01.nii,D:\github\IOT_Project\data\processed\volumes\train\mwp1IXI175-HH-1570-IXIMADisoTFE12_-s3T147_-0301-00003-000001-01.npy,mr_IXI_480i,0,train,113.0,137.0,113.0,128.0,128.0,128.0,success,
mwp1IXI177-Guys-0831-MPRAGESEN_-s257_-0301-00003-000001-01,D:\github\IOT_Project\dataset\mr_IXI_480i\mwp1IXI177-Guys-0831-MPRAGESEN_-s257_-0301-00003-000001-01.nii,D:\github\IOT_Project\data\processed\volumes\train\mwp1IXI177-Guys-0831-MPRAGESEN_-s257_-0301-00003-000001-01.npy,mr_IXI_480i,0,train,113.0,137.0,113.0,128.0,128.0,128.0,success,
mwp1IXI178-Guys-0778-IXI3DMPRAG_-s248_-0301-00003-000001-01,D:\github\IOT_Project\dataset\mr_IXI_480i\mwp1IXI178-Guys-0778-IXI3DMPRAG_-s248_-0301-00003-000001-01.nii,D:\github\IOT_Project\data\processed\volumes\train\mwp1IXI178-Guys-0778-IXI3DMPRAG_-s248_-0301-00003-000001-01.npy,mr_IXI_480i,0,train,113.0,137.0,113.0,128.0,128.0,128.0,success,
mwp1IXI179-Guys-0777-IXI3DMPRAG_-s247_-0401-00004-000001-01,D:\github\IOT_Project\dataset\mr_IXI_480i\mwp1IXI179-Guys-0777-IXI3DMPRAG_-s247_-0401-00004-000001-01.nii,D:\github\IOT_Project\data\processed\volumes\train\mwp1IXI179-Guys-0777-IXI3DMPRAG_-s247_-0401-00004-000001-01.npy,mr_IXI_480i,0,train,113.0,137.0,113.0,128.0,128.0,128.0,success,
mwp1IXI181-Guys-0790-MPRAGESEN_-s251_-0301-00003-000001-01,D:\github\IOT_Project\dataset\mr_IXI_480i\mwp1IXI181-Guys-0790-MPRAGESEN_-s251_-0301-00003-000001-01.nii,D:\github\IOT_Project\data\processed\volumes\train\mwp1IXI181-Guys-0790-MPRAGESEN_-s251_-0301-00003-000001-01.npy,mr_IXI_480i,0,train,113.0,137.0,113.0,128.0,128.0,128.0,success,
mwp1IXI183-Guys-0791-MPRAGESEN_-s251_-0301-00003-000001-01,D:\github\IOT_Project\dataset\mr_IXI_480i\mwp1IXI183-Guys-0791-MPRAGESEN_-s251_-0301-00003-000001-01.nii,D:\github\IOT_Project\data\processed\volumes\train\mwp1IXI183-Guys-0791-MPRAGESEN_-s251_-0301-00003-000001-01.npy,mr_IXI_480i,0,train,113.0,137.0,113.0,128.0,128.0,128.0,success,
mwp1IXI184-Guys-0794-MPRAGESEN_-s252_-0301-00003-000001-01,D:\github\IOT_Project\dataset\mr_IXI_480i\mwp1IXI184-Guys-0794-MPRAGESEN_-s252_-0301-00003-000001-01.nii,D:\github\IOT_Project\data\processed\volumes\train\mwp1IXI184-Guys-0794-MPRAGESEN_-s252_-0301-00003-000001-01.npy,mr_IXI_480i,0,train,113.0,137.0,113.0,128.0,128.0,128.0,success,
mwp1IXI185-Guys-0795-MPRAGESEN_-s252_-0301-00003-000001-01,D:\github\IOT_Project\dataset\mr_IXI_480i\mwp1IXI185-Guys-0795-MPRAGESEN_-s252_-0301-00003-000001-01.nii,D:\github\IOT_Project\data\processed\volumes\train\mwp1IXI185-Guys-0795-MPRAGESEN_-s252_-0301-00003-000001-01.npy,mr_IXI_480i,0,train,113.0,137.0,113.0,128.0,128.0,128.0,success,
mwp1IXI186-Guys-0796-MPRAGESEN_-s252_-0301-00003-000001-01,D:\github\IOT_Project\dataset\mr_IXI_480i\mwp1IXI186-Guys-0796-MPRAGESEN_-s252_-0301-00003-000001-01.nii,D:\github\IOT_Project\data\processed\volumes\train\mwp1IXI186-Guys-0796-MPRAGESEN_-s252_-0301-00003-000001-01.npy,mr_IXI_480i,0,train,113.0,137.0,113.0,128.0,128.0,128.0,success,
mwp1IXI188-Guys-0798-MPRAGESEN_-s252_-0301-00003-000001-01,D:\github\IOT_Project\dataset\mr_IXI_480i\mwp1IXI188-Guys-0798-MPRAGESEN_-s252_-0301-00003-000001-01.nii,D:\github\IOT_Project\data\processed\volumes\train\mwp1IXI188-Guys-0798-MPRAGESEN_-s252_-0301-00003-000001-01.npy,mr_IXI_480i,0,train,113.0,137.0,113.0,128.0,128.0,128.0,success,
mwp1IXI189-Guys-0799-MPRAGESEN_-s252_-0301-00003-000001-01,D:\github\IOT_Project\dataset\mr_IXI_480i\mwp1IXI189-Guys-0799-MPRAGESEN_-s252_-0301-00003-000001-01.nii,D:\github\IOT_Project\data\processed\volumes\train\mwp1IXI189-Guys-0799-MPRAGESEN_-s252_-0301-00003-000001-01.npy,mr_IXI_480i,0,train,113.0,137.0,113.0,128.0,128.0,128.0,success,
mwp1IXI192-Guys-0878-MPRAGESEN_-s299_-0301-00003-000001-01,D:\github\IOT_Project\dataset\mr_IXI_480i\mwp1IXI192-Guys-0878-MPRAGESEN_-s299_-0301-00003-000001-01.nii,D:\github\IOT_Project\data\processed\volumes\train\mwp1IXI192-Guys-0878-MPRAGESEN_-s299_-0301-00003-000001-01.npy,mr_IXI_480i,0,train,113.0,137.0,113.0,128.0,128.0,128.0,success,
mwp1IXI193-Guys-0810-MPRAGESEN_-s254_-0401-00004-000001-01,D:\github\IOT_Project\dataset\mr_IXI_480i\mwp1IXI193-Guys-0810-MPRAGESEN_-s254_-0401-00004-000001-01.nii,D:\github\IOT_Project\data\processed\volumes\train\mwp1IXI193-Guys-0810-MPRAGESEN_-s254_-0401-00004-000001-01.npy,mr_IXI_480i,0,train,113.0,137.0,113.0,128.0,128.0,128.0,success,
mwp1IXI194-Guys-0818-MPRAGESEN_-s254_-0301-00003-000001-01,D:\github\IOT_Project\dataset\mr_IXI_480i\mwp1IXI194-Guys-0818-MPRAGESEN_-s254_-0301-00003-000001-01.nii,D:\github\IOT_Project\data\processed\volumes\train\mwp1IXI194-Guys-0818-MPRAGESEN_-s254_-0301-00003-000001-01.npy,mr_IXI_480i,0,train,113.0,137.0,113.0,128.0,128.0,128.0,success,
mwp1IXI195-HH-1620-IXIMADisoTFE12_-s3T152_-0301-00003-000001-01,D:\github\IOT_Project\dataset\mr_IXI_480i\mwp1IXI195-HH-1620-IXIMADisoTFE12_-s3T152_-0301-00003-000001-01.nii,D:\github\IOT_Project\data\processed\volumes\train\mwp1IXI195-HH-1620-IXIMADisoTFE12_-s3T152_-0301-00003-000001-01.npy,mr_IXI_480i,0,train,113.0,137.0,113.0,128.0,128.0,128.0,success,
mwp1IXI196-Guys-0805-MPRAGESEN_-s253_-0301-00003-000001-01,D:\github\IOT_Project\dataset\mr_IXI_480i\mwp1IXI196-Guys-0805-MPRAGESEN_-s253_-0301-00003-000001-01.nii,D:\github\IOT_Project\data\processed\volumes\train\mwp1IXI196-Guys-0805-MPRAGESEN_-s253_-0301-00003-000001-01.npy,mr_IXI_480i,0,train,113.0,137.0,113.0,128.0,128.0,128.0,success,
mwp1IXI197-Guys-0811-MPRAGESEN_-s253_-0301-00003-000001-01,D:\github\IOT_Project\dataset\mr_IXI_480i\mwp1IXI197-Guys-0811-MPRAGESEN_-s253_-0301-00003-000001-01.nii,D:\github\IOT_Project\data\processed\volumes\train\mwp1IXI197-Guys-0811-MPRAGESEN_-s253_-0301-00003-000001-01.npy,mr_IXI_480i,0,train,113.0,137.0,113.0,128.0,128.0,128.0,success,
mwp1IXI198-Guys-0803-MPRAGESEN_-s253_-0301-00003-000001-01,D:\github\IOT_Project\dataset\mr_IXI_480i\mwp1IXI198-Guys-0803-MPRAGESEN_-s253_-0301-00003-000001-01.nii,D:\github\IOT_Project\data\processed\volumes\train\mwp1IXI198-Guys-0803-MPRAGESEN_-s253_-0301-00003-000001-01.npy,mr_IXI_480i,0,train,113.0,137.0,113.0,128.0,128.0,128.0,success,
mwp1IXI199-Guys-0802-MPRAGESEN_-s253_-0301-00003-000001-01,D:\github\IOT_Project\dataset\mr_IXI_480i\mwp1IXI199-Guys-0802-MPRAGESEN_-s253_-0301-00003-000001-01.nii,D:\github\IOT_Project\data\processed\volumes\train\mwp1IXI199-Guys-0802-MPRAGESEN_-s253_-0301-00003-000001-01.npy,mr_IXI_480i,0,train,113.0,137.0,113.0,128.0,128.0,128.0,success,
mwp1IXI201-HH-1588-IXIMADisoTFE12_-s3T149_-0301-00003-000001-01,D:\github\IOT_Project\dataset\mr_IXI_480i\mwp1IXI201-HH-1588-IXIMADisoTFE12_-s3T149_-0301-00003-000001-01.nii,D:\github\IOT_Project\data\processed\volumes\train\mwp1IXI201-HH-1588-IXIMADisoTFE12_-s3T149_-0301-00003-000001-01.npy,mr_IXI_480i,0,train,113.0,137.0,113.0,128.0,128.0,128.0,success,
mwp1IXI202-HH-1526-IXIMADisoTFE12_-s3T142_-0301-00003-000001-01,D:\github\IOT_Project\dataset\mr_IXI_480i\mwp1IXI202-HH-1526-IXIMADisoTFE12_-s3T142_-0301-00003-000001-01.nii,D:\github\IOT_Project\data\processed\volumes\train\mwp1IXI202-HH-1526-IXIMADisoTFE12_-s3T142_-0301-00003-000001-01.npy,mr_IXI_480i,0,train,113.0,137.0,113.0,128.0,128.0,128.0,success,
mwp1IXI204-HH-1651-IXIMADisoTFE12_-s3T156_-0301-00003-000001-01,D:\github\IOT_Project\dataset\mr_IXI_480i\mwp1IXI204-HH-1651-IXIMADisoTFE12_-s3T156_-0301-00003-000001-01.nii,D:\github\IOT_Project\data\processed\volumes\train\mwp1IXI204-HH-1651-IXIMADisoTFE12_-s3T156_-0301-00003-000001-01.npy,mr_IXI_480i,0,train,113.0,137.0,113.0,128.0,128.0,128.0,success,
mwp1IXI205-HH-1649-IXIMADisoTFE12_-s3T155_-0301-00003-000001-01,D:\github\IOT_Project\dataset\mr_IXI_480i\mwp1IXI205-HH-1649-IXIMADisoTFE12_-s3T155_-0301-00003-000001-01.nii,D:\github\IOT_Project\data\processed\volumes\train\mwp1IXI205-HH-1649-IXIMADisoTFE12_-s3T155_-0301-00003-000001-01.npy,mr_IXI_480i,0,train,113.0,137.0,113.0,128.0,128.0,128.0,success,
mwp1IXI207-Guys-0809-MPRAGESEN_-s253_-0301-00003-000001-01,D:\github\IOT_Project\dataset\mr_IXI_480i\mwp1IXI207-Guys-0809-MPRAGESEN_-s253_-0301-00003-000001-01.nii,D:\github\IOT_Project\data\processed\volumes\train\mwp1IXI207-Guys-0809-MPRAGESEN_-s253_-0301-00003-000001-01.npy,mr_IXI_480i,0,train,113.0,137.0,113.0,128.0,128.0,128.0,success,
mwp1IXI209-Guys-0804-MPRAGESEN_-s253_-0301-00003-000001-01,D:\github\IOT_Project\dataset\mr_IXI_480i\mwp1IXI209-Guys-0804-MPRAGESEN_-s253_-0301-00003-000001-01.nii,D:\github\IOT_Project\data\processed\volumes\train\mwp1IXI209-Guys-0804-MPRAGESEN_-s253_-0301-00003-000001-01.npy,mr_IXI_480i,0,train,113.0,137.0,113.0,128.0,128.0,128.0,success,
mwp1IXI210-Guys-0856-MPRAGESEN_-s295_-0301-00003-000001-01,D:\github\IOT_Project\dataset\mr_IXI_480i\mwp1IXI210-Guys-0856-MPRAGESEN_-s295_-0301-00003-000001-01.nii,D:\github\IOT_Project\data\processed\volumes\train\mwp1IXI210-Guys-0856-MPRAGESEN_-s295_-0301-00003-000001-01.npy,mr_IXI_480i,0,train,113.0,137.0,113.0,128.0,128.0,128.0,success,
mwp1IXI211-HH-1568-IXIMADisoTFE12_-s3T147_-0301-00003-000001-01,D:\github\IOT_Project\dataset\mr_IXI_480i\mwp1IXI211-HH-1568-IXIMADisoTFE12_-s3T147_-0301-00003-000001-01.nii,D:\github\IOT_Project\data\processed\volumes\train\mwp1IXI211-HH-1568-IXIMADisoTFE12_-s3T147_-0301-00003-000001-01.npy,mr_IXI_480i,0,train,113.0,137.0,113.0,128.0,128.0,128.0,success,
mwp1IXI213-HH-1642-IXIMADisoTFE12_-s3T155_-0301-00003-000001-01,D:\github\IOT_Project\dataset\mr_IXI_480i\mwp1IXI213-HH-1642-IXIMADisoTFE12_-s3T155_-0301-00003-000001-01.nii,D:\github\IOT_Project\data\processed\volumes\train\mwp1IXI213-HH-1642-IXIMADisoTFE12_-s3T155_-0301-00003-000001-01.npy,mr_IXI_480i,0,train,113.0,137.0,113.0,128.0,128.0,128.0,success,
mwp1IXI214-HH-1636-IXIMADisoTFE12_-s3T154_-0301-00003-000001-01,D:\github\IOT_Project\dataset\mr_IXI_480i\mwp1IXI214-HH-1636-IXIMADisoTFE12_-s3T154_-0301-00003-000001-01.nii,D:\github\IOT_Project\data\processed\volumes\train\mwp1IXI214-HH-1636-IXIMADisoTFE12_-s3T154_-0301-00003-000001-01.npy,mr_IXI_480i,0,train,113.0,137.0,113.0,128.0,128.0,128.0,success,
mwp1IXI216-HH-1635-IXIMADisoTFE12_-s3T154_-0301-00003-000001-01,D:\github\IOT_Project\dataset\mr_IXI_480i\mwp1IXI216-HH-1635-IXIMADisoTFE12_-s3T154_-0301-00003-000001-01.nii,D:\github\IOT_Project\data\processed\volumes\train\mwp1IXI216-HH-1635-IXIMADisoTFE12_-s3T154_-0301-00003-000001-01.npy,mr_IXI_480i,0,train,113.0,137.0,113.0,128.0,128.0,128.0,success,
mwp1IXI218-HH-1815-MADisoTFE1_-s3T171_-0301-00003-000001-01,D:\github\IOT_Project\dataset\mr_IXI_480i\mwp1IXI218-HH-1815-MADisoTFE1_-s3T171_-0301-00003-000001-01.nii,D:\github\IOT_Project\data\processed\volumes\train\mwp1IXI218-HH-1815-MADisoTFE1_-s3T171_-0301-00003-000001-01.npy,mr_IXI_480i,0,train,113.0,137.0,113.0,128.0,128.0,128.0,success,
mwp1IXI219-Guys-0894-MPRAGESEN_-s304_-0301-00003-000001-01,D:\github\IOT_Project\dataset\mr_IXI_480i\mwp1IXI219-Guys-0894-MPRAGESEN_-s304_-0301-00003-000001-01.nii,D:\github\IOT_Project\data\processed\volumes\train\mwp1IXI219-Guys-0894-MPRAGESEN_-s304_-0301-00003-000001-01.npy,mr_IXI_480i,0,train,113.0,137.0,113.0,128.0,128.0,128.0,success,
mwp1IXI223-Guys-0830-MPRAGESEN_-s256_-0301-00003-000001-01,D:\github\IOT_Project\dataset\mr_IXI_480i\mwp1IXI223-Guys-0830-MPRAGESEN_-s256_-0301-00003-000001-01.nii,D:\github\IOT_Project\data\processed\volumes\train\mwp1IXI223-Guys-0830-MPRAGESEN_-s256_-0301-00003-000001-01.npy,mr_IXI_480i,0,train,113.0,137.0,113.0,128.0,128.0,128.0,success,
mwp1IXI224-Guys-0823-MPRAGESEN_-s255_-0301-00003-000001-01,D:\github\IOT_Project\dataset\mr_IXI_480i\mwp1IXI224-Guys-0823-MPRAGESEN_-s255_-0301-00003-000001-01.nii,D:\github\IOT_Project\data\processed\volumes\train\mwp1IXI224-Guys-0823-MPRAGESEN_-s255_-0301-00003-000001-01.npy,mr_IXI_480i,0,train,113.0,137.0,113.0,128.0,128.0,128.0,success,
mwp1IXI226-HH-1618-IXIMADisoTFE12_-s3T152_-0301-00003-000001-01,D:\github\IOT_Project\dataset\mr_IXI_480i\mwp1IXI226-HH-1618-IXIMADisoTFE12_-s3T152_-0301-00003-000001-01.nii,D:\github\IOT_Project\data\processed\volumes\train\mwp1IXI226-HH-1618-IXIMADisoTFE12_-s3T152_-0301-00003-000001-01.npy,mr_IXI_480i,0,train,113.0,137.0,113.0,128.0,128.0,128.0,success,
mwp1IXI227-Guys-0813-MPRAGESEN_-s254_-0301-00003-000001-01,D:\github\IOT_Project\dataset\mr_IXI_480i\mwp1IXI227-Guys-0813-MPRAGESEN_-s254_-0301-00003-000001-01.nii,D:\github\IOT_Project\data\processed\volumes\train\mwp1IXI227-Guys-0813-MPRAGESEN_-s254_-0301-00003-000001-01.npy,mr_IXI_480i,0,train,113.0,137.0,113.0,128.0,128.0,128.0,success,
mwp1IXI230-IOP-0869-SAGFSPGR_-sIXI23_-0003-00001-000001-01,D:\github\IOT_Project\dataset\mr_IXI_480i\mwp1IXI230-IOP-0869-SAGFSPGR_-sIXI23_-0003-00001-000001-01.nii,D:\github\IOT_Project\data\processed\volumes\train\mwp1IXI230-IOP-0869-SAGFSPGR_-sIXI23_-0003-00001-000001-01.npy,mr_IXI_480i,0,train,113.0,137.0,113.0,128.0,128.0,128.0,success,
mwp1IXI231-IOP-0866-SAGFSPGR_-sIXI23_-0003-00001-000001-01,D:\github\IOT_Project\dataset\mr_IXI_480i\mwp1IXI231-IOP-0866-SAGFSPGR_-sIXI23_-0003-00001-000001-01.nii,D:\github\IOT_Project\data\processed\volumes\train\mwp1IXI231-IOP-0866-SAGFSPGR_-sIXI23_-0003-00001-000001-01.npy,mr_IXI_480i,0,train,113.0,137.0,113.0,128.0,128.0,128.0,success,
mwp1IXI232-IOP-0898-SAGFSPGR_-sIXI23_-0003-00001-000001-01,D:\github\IOT_Project\dataset\mr_IXI_480i\mwp1IXI232-IOP-0898-SAGFSPGR_-sIXI23_-0003-00001-000001-01.nii,D:\github\IOT_Project\data\processed\volumes\train\mwp1IXI232-IOP-0898-SAGFSPGR_-sIXI23_-0003-00001-000001-01.npy,mr_IXI_480i,0,train,113.0,137.0,113.0,128.0,128.0,128.0,success,
mwp1IXI233-IOP-0875-SAGFSPGR_-sIXI23_-0003-00001-000001-01,D:\github\IOT_Project\dataset\mr_IXI_480i\mwp1IXI233-IOP-0875-SAGFSPGR_-sIXI23_-0003-00001-000001-01.nii,D:\github\IOT_Project\data\processed\volumes\train\mwp1IXI233-IOP-0875-SAGFSPGR_-sIXI23_-0003-00001-000001-01.npy,mr_IXI_480i,0,train,113.0,137.0,113.0,128.0,128.0,128.0,success,
mwp1IXI234-IOP-0870-SAGFSPGR_-sIXI23_-0003-00001-000001-01,D:\github\IOT_Project\dataset\mr_IXI_480i\mwp1IXI234-IOP-0870-SAGFSPGR_-sIXI23_-0003-00001-000001-01.nii,D:\github\IOT_Project\data\processed\volumes\train\mwp1IXI234-IOP-0870-SAGFSPGR_-sIXI23_-0003-00001-000001-01.npy,mr_IXI_480i,0,train,113.0,137.0,113.0,128.0,128.0,128.0,success,
mwp1IXI237-Guys-1049-MPRAGESEN_-s426_-0301-00003-000001-01,D:\github\IOT_Project\dataset\mr_IXI_480i\mwp1IXI237-Guys-1049-MPRAGESEN_-s426_-0301-00003-000001-01.nii,D:\github\IOT_Project\data\processed\volumes\train\mwp1IXI237-Guys-1049-MPRAGESEN_-s426_-0301-00003-000001-01.npy,mr_IXI_480i,0,train,113.0,137.0,113.0,128.0,128.0,128.0,success,
mwp1IXI238-IOP-0883-SAGFSPGR_-sIXI23_-0003-00001-000001-01,D:\github\IOT_Project\dataset\mr_IXI_480i\mwp1IXI238-IOP-0883-SAGFSPGR_-sIXI23_-0003-00001-000001-01.nii,D:\github\IOT_Project\data\processed\volumes\train\mwp1IXI238-IOP-0883-SAGFSPGR_-sIXI23_-0003-00001-000001-01.npy,mr_IXI_480i,0,train,113.0,137.0,113.0,128.0,128.0,128.0,success,
mwp1IXI239-HH-2296-MADisoTFE1_-s3T223_-0301-00003-000001-01,D:\github\IOT_Project\dataset\mr_IXI_480i\mwp1IXI239-HH-2296-MADisoTFE1_-s3T223_-0301-00003-000001-01.nii,D:\github\IOT_Project\data\processed\volumes\train\mwp1IXI239-HH-2296-MADisoTFE1_-s3T223_-0301-00003-000001-01.npy,mr_IXI_480i,0,train,113.0,137.0,113.0,128.0,128.0,128.0,success,
mwp1IXI240-Guys-0834-MPRAGESEN_-s258_-0301-00003-000001-01,D:\github\IOT_Project\dataset\mr_IXI_480i\mwp1IXI240-Guys-0834-MPRAGESEN_-s258_-0301-00003-000001-01.nii,D:\github\IOT_Project\data\processed\volumes\train\mwp1IXI240-Guys-0834-MPRAGESEN_-s258_-0301-00003-000001-01.npy,mr_IXI_480i,0,train,113.0,137.0,113.0,128.0,128.0,128.0,success,
mwp1IXI241-Guys-0833-MPRAGESEN_-s257_-0301-00003-000001-01,D:\github\IOT_Project\dataset\mr_IXI_480i\mwp1IXI241-Guys-0833-MPRAGESEN_-s257_-0301-00003-000001-01.nii,D:\github\IOT_Project\data\processed\volumes\train\mwp1IXI241-Guys-0833-MPRAGESEN_-s257_-0301-00003-000001-01.npy,mr_IXI_480i,0,train,113.0,137.0,113.0,128.0,128.0,128.0,success,
mwp1IXI242-HH-1722-MADisoTFE1_-s3T164_-0301-00003-000001-01,D:\github\IOT_Project\dataset\mr_IXI_480i\mwp1IXI242-HH-1722-MADisoTFE1_-s3T164_-0301-00003-000001-01.nii,D:\github\IOT_Project\data\processed\volumes\train\mwp1IXI242-HH-1722-MADisoTFE1_-s3T164_-0301-00003-000001-01.npy,mr_IXI_480i,0,train,113.0,137.0,113.0,128.0,128.0,128.0,success,
mwp1IXI244-Guys-0841-MPRAGESEN_-s260_-0301-00003-000001-01,D:\github\IOT_Project\dataset\mr_IXI_480i\mwp1IXI244-Guys-0841-MPRAGESEN_-s260_-0301-00003-000001-01.nii,D:\github\IOT_Project\data\processed\volumes\train\mwp1IXI244-Guys-0841-MPRAGESEN_-s260_-0301-00003-000001-01.npy,mr_IXI_480i,0,train,113.0,137.0,113.0,128.0,128.0,128.0,success,
mwp1IXI246-Guys-0840-MPRAGESEN_-s260_-0301-00003-000001-01,D:\github\IOT_Project\dataset\mr_IXI_480i\mwp1IXI246-Guys-0840-MPRAGESEN_-s260_-0301-00003-000001-01.nii,D:\github\IOT_Project\data\processed\volumes\train\mwp1IXI246-Guys-0840-MPRAGESEN_-s260_-0301-00003-000001-01.npy,mr_IXI_480i,0,train,113.0,137.0,113.0,128.0,128.0,128.0,success,
mwp1IXI250-Guys-0836-MPRAGESEN_-s259_-0301-00003-000001-01,D:\github\IOT_Project\dataset\mr_IXI_480i\mwp1IXI250-Guys-0836-MPRAGESEN_-s259_-0301-00003-000001-01.nii,D:\github\IOT_Project\data\processed\volumes\train\mwp1IXI250-Guys-0836-MPRAGESEN_-s259_-0301-00003-000001-01.npy,mr_IXI_480i,0,train,113.0,137.0,113.0,128.0,128.0,128.0,success,
mwp1IXI251-Guys-1055-MPRAGESEN_-s426_-0301-00003-000001-01,D:\github\IOT_Project\dataset\mr_IXI_480i\mwp1IXI251-Guys-1055-MPRAGESEN_-s426_-0301-00003-000001-01.nii,D:\github\IOT_Project\data\processed\volumes\train\mwp1IXI251-Guys-1055-MPRAGESEN_-s426_-0301-00003-000001-01.npy,mr_IXI_480i,0,train,113.0,137.0,113.0,128.0,128.0,128.0,success,
mwp1IXI252-HH-1693-MADisoTFE1_-s3T160_-0301-00003-000001-01,D:\github\IOT_Project\dataset\mr_IXI_480i\mwp1IXI252-HH-1693-MADisoTFE1_-s3T160_-0301-00003-000001-01.nii,D:\github\IOT_Project\data\processed\volumes\train\mwp1IXI252-HH-1693-MADisoTFE1_-s3T160_-0301-00003-000001-01.npy,mr_IXI_480i,0,train,113.0,137.0,113.0,128.0,128.0,128.0,success,
mwp1IXI253-HH-1694-MADisoTFE1_-s3T161_-0301-00003-000001-01,D:\github\IOT_Project\dataset\mr_IXI_480i\mwp1IXI253-HH-1694-MADisoTFE1_-s3T161_-0301-00003-000001-01.nii,D:\github\IOT_Project\data\processed\volumes\train\mwp1IXI253-HH-1694-MADisoTFE1_-s3T161_-0301-00003-000001-01.npy,mr_IXI_480i,0,train,113.0,137.0,113.0,128.0,128.0,128.0,success,
mwp1IXI257-HH-1724-MADisoTFE1_-s3T164_-0301-00003-000001-01,D:\github\IOT_Project\dataset\mr_IXI_480i\mwp1IXI257-HH-1724-MADisoTFE1_-s3T164_-0301-00003-000001-01.nii,D:\github\IOT_Project\data\processed\volumes\train\mwp1IXI257-HH-1724-MADisoTFE1_-s3T164_-0301-00003-000001-01.npy,mr_IXI_480i,0,train,113.0,137.0,113.0,128.0,128.0,128.0,success,
mwp1IXI258-HH-1769-MADisoTFE1_-s3T168_-0301-00003-000001-01,D:\github\IOT_Project\dataset\mr_IXI_480i\mwp1IXI258-HH-1769-MADisoTFE1_-s3T168_-0301-00003-000001-01.nii,D:\github\IOT_Project\data\processed\volumes\train\mwp1IXI258-HH-1769-MADisoTFE1_-s3T168_-0301-00003-000001-01.npy,mr_IXI_480i,0,train,113.0,137.0,113.0,128.0,128.0,128.0,success,
mwp1IXI259-HH-1804-MADisoTFE1_-s3T170_-0301-00003-000001-01,D:\github\IOT_Project\dataset\mr_IXI_480i\mwp1IXI259-HH-1804-MADisoTFE1_-s3T170_-0301-00003-000001-01.nii,D:\github\IOT_Project\data\processed\volumes\train\mwp1IXI259-HH-1804-MADisoTFE1_-s3T170_-0301-00003-000001-01.npy,mr_IXI_480i,0,train,113.0,137.0,113.0,128.0,128.0,128.0,success,
mwp1IXI261-HH-1704-MADisoTFE1_-s3T162_-0301-00003-000001-01,D:\github\IOT_Project\dataset\mr_IXI_480i\mwp1IXI261-HH-1704-MADisoTFE1_-s3T162_-0301-00003-000001-01.nii,D:\github\IOT_Project\data\processed\volumes\train\mwp1IXI261-HH-1704-MADisoTFE1_-s3T162_-0301-00003-000001-01.npy,mr_IXI_480i,0,train,113.0,137.0,113.0,128.0,128.0,128.0,success,
mwp1IXI262-HH-1861-MADisoTFE1_-s3T176_-0301-00003-000001-01,D:\github\IOT_Project\dataset\mr_IXI_480i\mwp1IXI262-HH-1861-MADisoTFE1_-s3T176_-0301-00003-000001-01.nii,D:\github\IOT_Project\data\processed\volumes\train\mwp1IXI262-HH-1861-MADisoTFE1_-s3T176_-0301-00003-000001-01.npy,mr_IXI_480i,0,train,113.0,137.0,113.0,128.0,128.0,128.0,success,
mwp1IXI263-HH-1684-MADisoTFE1_-s3T159_-0301-00003-000001-01,D:\github\IOT_Project\dataset\mr_IXI_480i\mwp1IXI263-HH-1684-MADisoTFE1_-s3T159_-0301-00003-000001-01.nii,D:\github\IOT_Project\data\processed\volumes\train\mwp1IXI263-HH-1684-MADisoTFE1_-s3T159_-0301-00003-000001-01.npy,mr_IXI_480i,0,train,113.0,137.0,113.0,128.0,128.0,128.0,success,
mwp1IXI265-Guys-0845-MPRAGESEN_-s262_-0301-00003-000001-01,D:\github\IOT_Project\dataset\mr_IXI_480i\mwp1IXI265-Guys-0845-MPRAGESEN_-s262_-0301-00003-000001-01.nii,D:\github\IOT_Project\data\processed\volumes\train\mwp1IXI265-Guys-0845-MPRAGESEN_-s262_-0301-00003-000001-01.npy,mr_IXI_480i,0,train,113.0,137.0,113.0,128.0,128.0,128.0,success,
mwp1IXI266-Guys-0853-MPRAGESEN_-s294_-0301-00003-000001-01,D:\github\IOT_Project\dataset\mr_IXI_480i\mwp1IXI266-Guys-0853-MPRAGESEN_-s294_-0301-00003-000001-01.nii,D:\github\IOT_Project\data\processed\volumes\train\mwp1IXI266-Guys-0853-MPRAGESEN_-s294_-0301-00003-000001-01.npy,mr_IXI_480i,0,train,113.0,137.0,113.0,128.0,128.0,128.0,success,
mwp1IXI267-HH-1772-MADisoTFE1_-s3T168_-0301-00003-000001-01,D:\github\IOT_Project\dataset\mr_IXI_480i\mwp1IXI267-HH-1772-MADisoTFE1_-s3T168_-0301-00003-000001-01.nii,D:\github\IOT_Project\data\processed\volumes\train\mwp1IXI267-HH-1772-MADisoTFE1_-s3T168_-0301-00003-000001-01.npy,mr_IXI_480i,0,train,113.0,137.0,113.0,128.0,128.0,128.0,success,
mwp1IXI268-Guys-0858-MPRAGESEN_-s296_-0301-00003-000001-01,D:\github\IOT_Project\dataset\mr_IXI_480i\mwp1IXI268-Guys-0858-MPRAGESEN_-s296_-0301-00003-000001-01.nii,D:\github\IOT_Project\data\processed\volumes\train\mwp1IXI268-Guys-0858-MPRAGESEN_-s296_-0301-00003-000001-01.npy,mr_IXI_480i,0,train,113.0,137.0,113.0,128.0,128.0,128.0,success,
mwp1IXI270-Guys-0847-MPRAGESEN_-s263_-0401-00004-000001-01,D:\github\IOT_Project\dataset\mr_IXI_480i\mwp1IXI270-Guys-0847-MPRAGESEN_-s263_-0401-00004-000001-01.nii,D:\github\IOT_Project\data\processed\volumes\train\mwp1IXI270-Guys-0847-MPRAGESEN_-s263_-0401-00004-000001-01.npy,mr_IXI_480i,0,train,113.0,137.0,113.0,128.0,128.0,128.0,success,
mwp1IXI274-HH-2294-MADisoTFE1_-s3T223_-0301-00003-000001-01,D:\github\IOT_Project\dataset\mr_IXI_480i\mwp1IXI274-HH-2294-MADisoTFE1_-s3T223_-0301-00003-000001-01.nii,D:\github\IOT_Project\data\processed\volumes\train\mwp1IXI274-HH-2294-MADisoTFE1_-s3T223_-0301-00003-000001-01.npy,mr_IXI_480i,0,train,113.0,137.0,113.0,128.0,128.0,128.0,success,
mwp1IXI277-HH-1770-MADisoTFE1_-s3T168_-0301-00003-000001-01,D:\github\IOT_Project\dataset\mr_IXI_480i\mwp1IXI277-HH-1770-MADisoTFE1_-s3T168_-0301-00003-000001-01.nii,D:\github\IOT_Project\data\processed\volumes\train\mwp1IXI277-HH-1770-MADisoTFE1_-s3T168_-0301-00003-000001-01.npy,mr_IXI_480i,0,train,113.0,137.0,113.0,128.0,128.0,128.0,success,
mwp1IXI278-HH-1771-MADisoTFE1_-s3T168_-0301-00003-000001-01,D:\github\IOT_Project\dataset\mr_IXI_480i\mwp1IXI278-HH-1771-MADisoTFE1_-s3T168_-0301-00003-000001-01.nii,D:\github\IOT_Project\data\processed\volumes\train\mwp1IXI278-HH-1771-MADisoTFE1_-s3T168_-0301-00003-000001-01.npy,mr_IXI_480i,0,train,113.0,137.0,113.0,128.0,128.0,128.0,success,
mwp1IXI280-HH-1860-MADisoTFE1_-s3T176_-0301-00003-000001-01,D:\github\IOT_Project\dataset\mr_IXI_480i\mwp1IXI280-HH-1860-MADisoTFE1_-s3T176_-0301-00003-000001-01.nii,D:\github\IOT_Project\data\processed\volumes\train\mwp1IXI280-HH-1860-MADisoTFE1_-s3T176_-0301-00003-000001-01.npy,mr_IXI_480i,0,train,113.0,137.0,113.0,128.0,128.0,128.0,success,
mwp1IXI282-HH-2025-MADisoTFE1_-s3T193_-0301-00003-000001-01,D:\github\IOT_Project\dataset\mr_IXI_480i\mwp1IXI282-HH-2025-MADisoTFE1_-s3T193_-0301-00003-000001-01.nii,D:\github\IOT_Project\data\processed\volumes\train\mwp1IXI282-HH-2025-MADisoTFE1_-s3T193_-0301-00003-000001-01.npy,mr_IXI_480i,0,train,113.0,137.0,113.0,128.0,128.0,128.0,success,
mwp1IXI284-HH-2354-MADisoTFE1_-s3T227_-0301-00003-000001-01,D:\github\IOT_Project\dataset\mr_IXI_480i\mwp1IXI284-HH-2354-MADisoTFE1_-s3T227_-0301-00003-000001-01.nii,D:\github\IOT_Project\data\processed\volumes\train\mwp1IXI284-HH-2354-MADisoTFE1_-s3T227_-0301-00003-000001-01.npy,mr_IXI_480i,0,train,113.0,137.0,113.0,128.0,128.0,128.0,success,
mwp1IXI285-Guys-0857-MPRAGESEN_-s295_-0301-00003-000001-01,D:\github\IOT_Project\dataset\mr_IXI_480i\mwp1IXI285-Guys-0857-MPRAGESEN_-s295_-0301-00003-000001-01.nii,D:\github\IOT_Project\data\processed\volumes\train\mwp1IXI285-Guys-0857-MPRAGESEN_-s295_-0301-00003-000001-01.npy,mr_IXI_480i,0,train,113.0,137.0,113.0,128.0,128.0,128.0,success,
mwp1IXI286-Guys-0859-MPRAGESEN_-s296_-0301-00003-000001-01,D:\github\IOT_Project\dataset\mr_IXI_480i\mwp1IXI286-Guys-0859-MPRAGESEN_-s296_-0301-00003-000001-01.nii,D:\github\IOT_Project\data\processed\volumes\train\mwp1IXI286-Guys-0859-MPRAGESEN_-s296_-0301-00003-000001-01.npy,mr_IXI_480i,0,train,113.0,137.0,113.0,128.0,128.0,128.0,success,
mwp1IXI288-Guys-0879-MPRAGESEN_-s299_-0501-00005-000001-01,D:\github\IOT_Project\dataset\mr_IXI_480i\mwp1IXI288-Guys-0879-MPRAGESEN_-s299_-0501-00005-000001-01.nii,D:\github\IOT_Project\data\processed\volumes\train\mwp1IXI288-Guys-0879-MPRAGESEN_-s299_-0501-00005-000001-01.npy,mr_IXI_480i,0,train,113.0,137.0,113.0,128.0,128.0,128.0,success,
mwp1IXI289-Guys-0864-MPRAGESEN_-s298_-0301-00003-000001-01,D:\github\IOT_Project\dataset\mr_IXI_480i\mwp1IXI289-Guys-0864-MPRAGESEN_-s298_-0301-00003-000001-01.nii,D:\github\IOT_Project\data\processed\volumes\train\mwp1IXI289-Guys-0864-MPRAGESEN_-s298_-0301-00003-000001-01.npy,mr_IXI_480i,0,train,113.0,137.0,113.0,128.0,128.0,128.0,success,
mwp1IXI293-IOP-0876-SAGFSPGR_-sIXI29_-0003-00001-000001-01,D:\github\IOT_Project\dataset\mr_IXI_480i\mwp1IXI293-IOP-0876-SAGFSPGR_-sIXI29_-0003-00001-000001-01.nii,D:\github\IOT_Project\data\processed\volumes\train\mwp1IXI293-IOP-0876-SAGFSPGR_-sIXI29_-0003-00001-000001-01.npy,mr_IXI_480i,0,train,113.0,137.0,113.0,128.0,128.0,128.0,success,
mwp1IXI294-IOP-0868-SAGFSPGR_-sIXI29_-0003-00001-000001-01,D:\github\IOT_Project\dataset\mr_IXI_480i\mwp1IXI294-IOP-0868-SAGFSPGR_-sIXI29_-0003-00001-000001-01.nii,D:\github\IOT_Project\data\processed\volumes\train\mwp1IXI294-IOP-0868-SAGFSPGR_-sIXI29_-0003-00001-000001-01.npy,mr_IXI_480i,0,train,113.0,137.0,113.0,128.0,128.0,128.0,success,
mwp1IXI295-HH-1814-MADisoTFE1_-s3T171_-0301-00003-000001-01,D:\github\IOT_Project\dataset\mr_IXI_480i\mwp1IXI295-HH-1814-MADisoTFE1_-s3T171_-0301-00003-000001-01.nii,D:\github\IOT_Project\data\processed\volumes\train\mwp1IXI295-HH-1814-MADisoTFE1_-s3T171_-0301-00003-000001-01.npy,mr_IXI_480i,0,train,113.0,137.0,113.0,128.0,128.0,128.0,success,
mwp1IXI296-HH-1970-MADisoTFE1_-s3T188_-0301-00003-000001-01,D:\github\IOT_Project\dataset\mr_IXI_480i\mwp1IXI296-HH-1970-MADisoTFE1_-s3T188_-0301-00003-000001-01.nii,D:\github\IOT_Project\data\processed\volumes\train\mwp1IXI296-HH-1970-MADisoTFE1_-s3T188_-0301-00003-000001-01.npy,mr_IXI_480i,0,train,113.0,137.0,113.0,128.0,128.0,128.0,success,
mwp1IXI298-Guys-0861-MPRAGESEN_-s298_-0301-00003-000001-01,D:\github\IOT_Project\dataset\mr_IXI_480i\mwp1IXI298-Guys-0861-MPRAGESEN_-s298_-0301-00003-000001-01.nii,D:\github\IOT_Project\data\processed\volumes\train\mwp1IXI298-Guys-0861-MPRAGESEN_-s298_-0301-00003-000001-01.npy,mr_IXI_480i,0,train,113.0,137.0,113.0,128.0,128.0,128.0,success,
mwp1IXI299-Guys-0893-MPRAGESEN_-s304_-0301-00003-000001-01,D:\github\IOT_Project\dataset\mr_IXI_480i\mwp1IXI299-Guys-0893-MPRAGESEN_-s304_-0301-00003-000001-01.nii,D:\github\IOT_Project\data\processed\volumes\train\mwp1IXI299-Guys-0893-MPRAGESEN_-s304_-0301-00003-000001-01.npy,mr_IXI_480i,0,train,113.0,137.0,113.0,128.0,128.0,128.0,success,
mwp1IXI300-Guys-0880-MPRAGESEN_-s299_-0301-00003-000001-01,D:\github\IOT_Project\dataset\mr_IXI_480i\mwp1IXI300-Guys-0880-MPRAGESEN_-s299_-0301-00003-000001-01.nii,D:\github\IOT_Project\data\processed\volumes\train\mwp1IXI300-Guys-0880-MPRAGESEN_-s299_-0301-00003-000001-01.npy,mr_IXI_480i,0,train,113.0,137.0,113.0,128.0,128.0,128.0,success,
mwp1IXI303-IOP-0968-SAGFSPGR_-sIXI30_-0003-00001-000001-01,D:\github\IOT_Project\dataset\mr_IXI_480i\mwp1IXI303-IOP-0968-SAGFSPGR_-sIXI30_-0003-00001-000001-01.nii,D:\github\IOT_Project\data\processed\volumes\train\mwp1IXI303-IOP-0968-SAGFSPGR_-sIXI30_-0003-00001-000001-01.npy,mr_IXI_480i,0,train,113.0,137.0,113.0,128.0,128.0,128.0,success,
mwp1IXI304-Guys-0862-MPRAGESEN_-s298_-0301-00003-000001-01,D:\github\IOT_Project\dataset\mr_IXI_480i\mwp1IXI304-Guys-0862-MPRAGESEN_-s298_-0301-00003-000001-01.nii,D:\github\IOT_Project\data\processed\volumes\train\mwp1IXI304-Guys-0862-MPRAGESEN_-s298_-0301-00003-000001-01.npy,mr_IXI_480i,0,train,113.0,137.0,113.0,128.0,128.0,128.0,success,
mwp1IXI305-IOP-0871-SAGFSPGR_-sIXI30_-0003-00001-000001-01,D:\github\IOT_Project\dataset\mr_IXI_480i\mwp1IXI305-IOP-0871-SAGFSPGR_-sIXI30_-0003-00001-000001-01.nii,D:\github\IOT_Project\data\processed\volumes\train\mwp1IXI305-IOP-0871-SAGFSPGR_-sIXI30_-0003-00001-000001-01.npy,mr_IXI_480i,0,train,113.0,137.0,113.0,128.0,128.0,128.0,success,
mwp1IXI306-IOP-0867-SAGFSPGR_-sIXI30_-0003-00001-000001-01,D:\github\IOT_Project\dataset\mr_IXI_480i\mwp1IXI306-IOP-0867-SAGFSPGR_-sIXI30_-0003-00001-000001-01.nii,D:\github\IOT_Project\data\processed\volumes\train\mwp1IXI306-IOP-0867-SAGFSPGR_-sIXI30_-0003-00001-000001-01.npy,mr_IXI_480i,0,train,113.0,137.0,113.0,128.0,128.0,128.0,success,
mwp1IXI307-IOP-0872-SAGFSPGR_-sIXI30_-0003-00001-000001-01,D:\github\IOT_Project\dataset\mr_IXI_480i\mwp1IXI307-IOP-0872-SAGFSPGR_-sIXI30_-0003-00001-000001-01.nii,D:\github\IOT_Project\data\processed\volumes\train\mwp1IXI307-IOP-0872-SAGFSPGR_-sIXI30_-0003-00001-000001-01.npy,mr_IXI_480i,0,train,113.0,137.0,113.0,128.0,128.0,128.0,success,
mwp1IXI308-Guys-0884-MPRAGESEN_-s302_-0301-00003-000001-01,D:\github\IOT_Project\dataset\mr_IXI_480i\mwp1IXI308-Guys-0884-MPRAGESEN_-s302_-0301-00003-000001-01.nii,D:\github\IOT_Project\data\processed\volumes\train\mwp1IXI308-Guys-0884-MPRAGESEN_-s302_-0301-00003-000001-01.npy,mr_IXI_480i,0,train,113.0,137.0,113.0,128.0,128.0,128.0,success,
mwp1IXI309-IOP-0897-SAGFSPGR_-sIXI30_-0003-00001-000001-01,D:\github\IOT_Project\dataset\mr_IXI_480i\mwp1IXI309-IOP-0897-SAGFSPGR_-sIXI30_-0003-00001-000001-01.nii,D:\github\IOT_Project\data\processed\volumes\train\mwp1IXI309-IOP-0897-SAGFSPGR_-sIXI30_-0003-00001-000001-01.npy,mr_IXI_480i,0,train,113.0,137.0,113.0,128.0,128.0,128.0,success,
mwp1IXI310-IOP-0890-SAGFSPGR_-sIXI31_-0003-00001-000001-01,D:\github\IOT_Project\dataset\mr_IXI_480i\mwp1IXI310-IOP-0890-SAGFSPGR_-sIXI31_-0003-00001-000001-01.nii,D:\github\IOT_Project\data\processed\volumes\train\mwp1IXI310-IOP-0890-SAGFSPGR_-sIXI31_-0003-00001-000001-01.npy,mr_IXI_480i,0,train,113.0,137.0,113.0,128.0,128.0,128.0,success,
mwp1IXI311-Guys-0885-MPRAGESEN_-s302_-0301-00003-000001-01,D:\github\IOT_Project\dataset\mr_IXI_480i\mwp1IXI311-Guys-0885-MPRAGESEN_-s302_-0301-00003-000001-01.nii,D:\github\IOT_Project\data\processed\volumes\train\mwp1IXI311-Guys-0885-MPRAGESEN_-s302_-0301-00003-000001-01.npy,mr_IXI_480i,0,train,113.0,137.0,113.0,128.0,128.0,128.0,success,
mwp1IXI312-Guys-0887-MPRAGESEN_-s302_-0301-00003-000001-01,D:\github\IOT_Project\dataset\mr_IXI_480i\mwp1IXI312-Guys-0887-MPRAGESEN_-s302_-0301-00003-000001-01.nii,D:\github\IOT_Project\data\processed\volumes\train\mwp1IXI312-Guys-0887-MPRAGESEN_-s302_-0301-00003-000001-01.npy,mr_IXI_480i,0,train,113.0,137.0,113.0,128.0,128.0,128.0,success,
mwp1IXI313-HH-2241-MADisoTFE1_-s3t219_-0301-00003-000001-01,D:\github\IOT_Project\dataset\mr_IXI_480i\mwp1IXI313-HH-2241-MADisoTFE1_-s3t219_-0301-00003-000001-01.nii,D:\github\IOT_Project\data\processed\volumes\train\mwp1IXI313-HH-2241-MADisoTFE1_-s3t219_-0301-00003-000001-01.npy,mr_IXI_480i,0,train,113.0,137.0,113.0,128.0,128.0,128.0,success,
mwp1IXI314-IOP-0889-SAGFSPGR_-sIXI31_-0003-00001-000001-01,D:\github\IOT_Project\dataset\mr_IXI_480i\mwp1IXI314-IOP-0889-SAGFSPGR_-sIXI31_-0003-00001-000001-01.nii,,mr_IXI_480i,0,train,,,,,,,failed,"Whoops, not enough data in file"
mwp1IXI316-HH-1862-MADisoTFE1_-s3T176_-0301-00003-000001-01,D:\github\IOT_Project\dataset\mr_IXI_480i\mwp1IXI316-HH-1862-MADisoTFE1_-s3T176_-0301-00003-000001-01.nii,,mr_IXI_480i,0,train,,,,,,,failed,"Whoops, not enough data in file"
mwp1IXI319-Guys-0901-MPRAGESEN_-s306_-0301-00003-000001-01,D:\github\IOT_Project\dataset\mr_IXI_480i\mwp1IXI319-Guys-0901-MPRAGESEN_-s306_-0301-00003-000001-01.nii,D:\github\IOT_Project\data\processed\volumes\train\mwp1IXI319-Guys-0901-MPRAGESEN_-s306_-0301-00003-000001-01.npy,mr_IXI_480i,0,train,113.0,137.0,113.0,128.0,128.0,128.0,success,
mwp1IXI326-Guys-0907-MPRAGESEN_-s307_-0301-00003-000001-01,D:\github\IOT_Project\dataset\mr_IXI_480i\mwp1IXI326-Guys-0907-MPRAGESEN_-s307_-0301-00003-000001-01.nii,D:\github\IOT_Project\data\processed\volumes\train\mwp1IXI326-Guys-0907-MPRAGESEN_-s307_-0301-00003-000001-01.npy,mr_IXI_480i,0,train,113.0,137.0,113.0,128.0,128.0,128.0,success,
mwp1IXI328-HH-2295-MADisoTFE1_-s3T223_-0301-00003-000001-01,D:\github\IOT_Project\dataset\mr_IXI_480i\mwp1IXI328-HH-2295-MADisoTFE1_-s3T223_-0301-00003-000001-01.nii,D:\github\IOT_Project\data\processed\volumes\train\mwp1IXI328-HH-2295-MADisoTFE1_-s3T223_-0301-00003-000001-01.npy,mr_IXI_480i,0,train,113.0,137.0,113.0,128.0,128.0,128.0,success,
mwp1IXI334-HH-1907-MADisoTFE1_-s3T180_-0301-00003-000001-01,D:\github\IOT_Project\dataset\mr_IXI_480i\mwp1IXI334-HH-1907-MADisoTFE1_-s3T180_-0301-00003-000001-01.nii,,mr_IXI_480i,0,train,,,,,,,failed,"Whoops, not enough data in file"
mwp1IXI344-Guys-0905-MPRAGESEN_-s306_-0301-00003-000001-01,D:\github\IOT_Project\dataset\mr_IXI_480i\mwp1IXI344-Guys-0905-MPRAGESEN_-s306_-0301-00003-000001-01.nii,,mr_IXI_480i,0,train,,,,,,,failed,"Whoops, not enough data in file"
mwp1IXI369-Guys-0924-MPRAGESEN_-s402_-0301-00003-000001-01,D:\github\IOT_Project\dataset\mr_IXI_480i\mwp1IXI369-Guys-0924-MPRAGESEN_-s402_-0301-00003-000001-01.nii,,mr_IXI_480i,0,train,,,,,,,failed,"Whoops, not enough data in file"
mwp1IXI378-IOP-0972-SAGFSPGR_-sIXI37_-0003-00001-000001-01,D:\github\IOT_Project\dataset\mr_IXI_480i\mwp1IXI378-IOP-0972-SAGFSPGR_-sIXI37_-0003-00001-000001-01.nii,,mr_IXI_480i,0,train,,,,,,,failed,"Whoops, not enough data in file"
mwp1IXI388-IOP-0973-SAGFSPGR_-sIXI38_-0003-00001-000001-01,D:\github\IOT_Project\dataset\mr_IXI_480i\mwp1IXI388-IOP-0973-SAGFSPGR_-sIXI38_-0003-00001-000001-01.nii,,mr_IXI_480i,0,train,,,,,,,failed,"Whoops, not enough data in file"
mwp1IXI398-Guys-0952-MPRAGESEN_-s412_-0401-00004-000001-01,D:\github\IOT_Project\dataset\mr_IXI_480i\mwp1IXI398-Guys-0952-MPRAGESEN_-s412_-0401-00004-000001-01.nii,D:\github\IOT_Project\data\processed\volumes\train\mwp1IXI398-Guys-0952-MPRAGESEN_-s412_-0401-00004-000001-01.npy,mr_IXI_480i,0,train,113.0,137.0,113.0,128.0,128.0,128.0,success,
mwp1IXI399-Guys-0966-MPRAGESEN_-s413_-0301-00003-000001-01,D:\github\IOT_Project\dataset\mr_IXI_480i\mwp1IXI399-Guys-0966-MPRAGESEN_-s413_-0301-00003-000001-01.nii,,mr_IXI_480i,0,train,,,,,,,failed,"Whoops, not enough data in file"
mwp1IXI437-HH-2152-MADisoTFE1_-s3T207_-0301-00003-000001-01,D:\github\IOT_Project\dataset\mr_IXI_480i\mwp1IXI437-HH-2152-MADisoTFE1_-s3T207_-0301-00003-000001-01.nii,D:\github\IOT_Project\data\processed\volumes\train\mwp1IXI437-HH-2152-MADisoTFE1_-s3T207_-0301-00003-000001-01.npy,mr_IXI_480i,0,train,113.0,137.0,113.0,128.0,128.0,128.0,success,
mwp1IXI438-HH-2155-MADisoTFE1_-s3T207_-0301-00003-000001-01,D:\github\IOT_Project\dataset\mr_IXI_480i\mwp1IXI438-HH-2155-MADisoTFE1_-s3T207_-0301-00003-000001-01.nii,D:\github\IOT_Project\data\processed\volumes\train\mwp1IXI438-HH-2155-MADisoTFE1_-s3T207_-0301-00003-000001-01.npy,mr_IXI_480i,0,train,113.0,137.0,113.0,128.0,128.0,128.0,success,
mwp1IXI441-HH-2154-MADisoTFE1_-s3T207_-0301-00003-000001-01,D:\github\IOT_Project\dataset\mr_IXI_480i\mwp1IXI441-HH-2154-MADisoTFE1_-s3T207_-0301-00003-000001-01.nii,D:\github\IOT_Project\data\processed\volumes\train\mwp1IXI441-HH-2154-MADisoTFE1_-s3T207_-0301-00003-000001-01.npy,mr_IXI_480i,0,train,113.0,137.0,113.0,128.0,128.0,128.0,success,
mwp1IXI442-IOP-1041-SAGFSPGR_-sIXI44_-0003-00001-000001-01,D:\github\IOT_Project\dataset\mr_IXI_480i\mwp1IXI442-IOP-1041-SAGFSPGR_-sIXI44_-0003-00001-000001-01.nii,D:\github\IOT_Project\data\processed\volumes\train\mwp1IXI442-IOP-1041-SAGFSPGR_-sIXI44_-0003-00001-000001-01.npy,mr_IXI_480i,0,train,113.0,137.0,113.0,128.0,128.0,128.0,success,
mwp1IXI443-HH-2215-MADisoTFE1_-s3T216_-0301-00003-000001-01,D:\github\IOT_Project\dataset\mr_IXI_480i\mwp1IXI443-HH-2215-MADisoTFE1_-s3T216_-0301-00003-000001-01.nii,D:\github\IOT_Project\data\processed\volumes\train\mwp1IXI443-HH-2215-MADisoTFE1_-s3T216_-0301-00003-000001-01.npy,mr_IXI_480i,0,train,113.0,137.0,113.0,128.0,128.0,128.0,success,
mwp1IXI444-HH-2270-MADisoTFE1_-s3T221_-0301-00003-000001-01,D:\github\IOT_Project\dataset\mr_IXI_480i\mwp1IXI444-HH-2270-MADisoTFE1_-s3T221_-0301-00003-000001-01.nii,D:\github\IOT_Project\data\processed\volumes\train\mwp1IXI444-HH-2270-MADisoTFE1_-s3T221_-0301-00003-000001-01.npy,mr_IXI_480i,0,train,113.0,137.0,113.0,128.0,128.0,128.0,success,
mwp1IXI445-HH-2269-MADisoTFE1_-s3T221_-0301-00003-000001-01,D:\github\IOT_Project\dataset\mr_IXI_480i\mwp1IXI445-HH-2269-MADisoTFE1_-s3T221_-0301-00003-000001-01.nii,D:\github\IOT_Project\data\processed\volumes\train\mwp1IXI445-HH-2269-MADisoTFE1_-s3T221_-0301-00003-000001-01.npy,mr_IXI_480i,0,train,113.0,137.0,113.0,128.0,128.0,128.0,success,
mwp1IXI446-HH-2325-MADisoTFE1_-s3T225_-0301-00003-000001-01,D:\github\IOT_Project\dataset\mr_IXI_480i\mwp1IXI446-HH-2325-MADisoTFE1_-s3T225_-0301-00003-000001-01.nii,D:\github\IOT_Project\data\processed\volumes\train\mwp1IXI446-HH-2325-MADisoTFE1_-s3T225_-0301-00003-000001-01.npy,mr_IXI_480i,0,train,113.0,137.0,113.0,128.0,128.0,128.0,success,
mwp1IXI447-Guys-0979-MPRAGESEN_-s416_-0301-00003-000001-01,D:\github\IOT_Project\dataset\mr_IXI_480i\mwp1IXI447-Guys-0979-MPRAGESEN_-s416_-0301-00003-000001-01.nii,D:\github\IOT_Project\data\processed\volumes\train\mwp1IXI447-Guys-0979-MPRAGESEN_-s416_-0301-00003-000001-01.npy,mr_IXI_480i,0,train,113.0,137.0,113.0,128.0,128.0,128.0,success,
mwp1IXI449-Guys-1082-MPRAGESEN_-s442_-0301-00003-000001-01,D:\github\IOT_Project\dataset\mr_IXI_480i\mwp1IXI449-Guys-1082-MPRAGESEN_-s442_-0301-00003-000001-01.nii,D:\github\IOT_Project\data\processed\volumes\train\mwp1IXI449-Guys-1082-MPRAGESEN_-s442_-0301-00003-000001-01.npy,mr_IXI_480i,0,train,113.0,137.0,113.0,128.0,128.0,128.0,success,
mwp1IXI452-HH-2213-MADisoTFE1_-s3T216_-0301-00003-000001-01,D:\github\IOT_Project\dataset\mr_IXI_480i\mwp1IXI452-HH-2213-MADisoTFE1_-s3T216_-0301-00003-000001-01.nii,D:\github\IOT_Project\data\processed\volumes\train\mwp1IXI452-HH-2213-MADisoTFE1_-s3T216_-0301-00003-000001-01.npy,mr_IXI_480i,0,train,113.0,137.0,113.0,128.0,128.0,128.0,success,
mwp1IXI454-Guys-1083-MPRAGESEN_-sIXI45_-0301-00003-000001-01,D:\github\IOT_Project\dataset\mr_IXI_480i\mwp1IXI454-Guys-1083-MPRAGESEN_-sIXI45_-0301-00003-000001-01.nii,D:\github\IOT_Project\data\processed\volumes\train\mwp1IXI454-Guys-1083-MPRAGESEN_-sIXI45_-0301-00003-000001-01.npy,mr_IXI_480i,0,train,113.0,137.0,113.0,128.0,128.0,128.0,success,
mwp1IXI455-Guys-0981-MPRAGESEN_-s416_-0301-00003-000001-01,D:\github\IOT_Project\dataset\mr_IXI_480i\mwp1IXI455-Guys-0981-MPRAGESEN_-s416_-0301-00003-000001-01.nii,D:\github\IOT_Project\data\processed\volumes\train\mwp1IXI455-Guys-0981-MPRAGESEN_-s416_-0301-00003-000001-01.npy,mr_IXI_480i,0,train,113.0,137.0,113.0,128.0,128.0,128.0,success,
mwp1IXI456-Guys-1019-MPRAGESEN_-s423_-0301-00003-000001-01,D:\github\IOT_Project\dataset\mr_IXI_480i\mwp1IXI456-Guys-1019-MPRAGESEN_-s423_-0301-00003-000001-01.nii,D:\github\IOT_Project\data\processed\volumes\train\mwp1IXI456-Guys-1019-MPRAGESEN_-s423_-0301-00003-000001-01.npy,mr_IXI_480i,0,train,113.0,137.0,113.0,128.0,128.0,128.0,success,
mwp1IXI457-Guys-0984-MPRAGESEN_-s417_-0301-00003-000001-01,D:\github\IOT_Project\dataset\mr_IXI_480i\mwp1IXI457-Guys-0984-MPRAGESEN_-s417_-0301-00003-000001-01.nii,D:\github\IOT_Project\data\processed\volumes\train\mwp1IXI457-Guys-0984-MPRAGESEN_-s417_-0301-00003-000001-01.npy,mr_IXI_480i,0,train,113.0,137.0,113.0,128.0,128.0,128.0,success,
mwp1IXI459-Guys-0992-MPRAGESEN_-s418_-0601-00006-000001-01,D:\github\IOT_Project\dataset\mr_IXI_480i\mwp1IXI459-Guys-0992-MPRAGESEN_-s418_-0601-00006-000001-01.nii,D:\github\IOT_Project\data\processed\volumes\train\mwp1IXI459-Guys-0992-MPRAGESEN_-s418_-0601-00006-000001-01.npy,mr_IXI_480i,0,train,113.0,137.0,113.0,128.0,128.0,128.0,success,
mwp1IXI460-Guys-0999-MPRAGESEN_-s419_-0301-00003-000001-01,D:\github\IOT_Project\dataset\mr_IXI_480i\mwp1IXI460-Guys-0999-MPRAGESEN_-s419_-0301-00003-000001-01.nii,D:\github\IOT_Project\data\processed\volumes\train\mwp1IXI460-Guys-0999-MPRAGESEN_-s419_-0301-00003-000001-01.npy,mr_IXI_480i,0,train,113.0,137.0,113.0,128.0,128.0,128.0,success,
mwp1IXI461-Guys-0998-MPRAGESEN_-s419_-0301-00003-000001-01,D:\github\IOT_Project\dataset\mr_IXI_480i\mwp1IXI461-Guys-0998-MPRAGESEN_-s419_-0301-00003-000001-01.nii,D:\github\IOT_Project\data\processed\volumes\train\mwp1IXI461-Guys-0998-MPRAGESEN_-s419_-0301-00003-000001-01.npy,mr_IXI_480i,0,train,113.0,137.0,113.0,128.0,128.0,128.0,success,
mwp1IXI462-IOP-1042-SAGFSPGR_-sIXI46_-0003-00001-000001-01,D:\github\IOT_Project\dataset\mr_IXI_480i\mwp1IXI462-IOP-1042-SAGFSPGR_-sIXI46_-0003-00001-000001-01.nii,D:\github\IOT_Project\data\processed\volumes\train\mwp1IXI462-IOP-1042-SAGFSPGR_-sIXI46_-0003-00001-000001-01.npy,mr_IXI_480i,0,train,113.0,137.0,113.0,128.0,128.0,128.0,success,
mwp1IXI463-IOP-1043-SAGFSPGR_-sIXI46_-0003-00001-000001-01,D:\github\IOT_Project\dataset\mr_IXI_480i\mwp1IXI463-IOP-1043-SAGFSPGR_-sIXI46_-0003-00001-000001-01.nii,D:\github\IOT_Project\data\processed\volumes\train\mwp1IXI463-IOP-1043-SAGFSPGR_-sIXI46_-0003-00001-000001-01.npy,mr_IXI_480i,0,train,113.0,137.0,113.0,128.0,128.0,128.0,success,
mwp1IXI465-HH-2176-MADisoTFE1_-s3T208_-0301-00003-000001-01,D:\github\IOT_Project\dataset\mr_IXI_480i\mwp1IXI465-HH-2176-MADisoTFE1_-s3T208_-0301-00003-000001-01.nii,D:\github\IOT_Project\data\processed\volumes\train\mwp1IXI465-HH-2176-MADisoTFE1_-s3T208_-0301-00003-000001-01.npy,mr_IXI_480i,0,train,113.0,137.0,113.0,128.0,128.0,128.0,success,
mwp1IXI469-IOP-1136-SAGFSPGR_-sIXI46_-0005-00001-000001-01,D:\github\IOT_Project\dataset\mr_IXI_480i\mwp1IXI469-IOP-1136-SAGFSPGR_-sIXI46_-0005-00001-000001-01.nii,D:\github\IOT_Project\data\processed\volumes\train\mwp1IXI469-IOP-1136-SAGFSPGR_-sIXI46_-0005-00001-000001-01.npy,mr_IXI_480i,0,train,113.0,137.0,113.0,128.0,128.0,128.0,success,
mwp1IXI470-IOP-1030-SAGFSPGR_-sIXI47_-0003-00001-000001-01,D:\github\IOT_Project\dataset\mr_IXI_480i\mwp1IXI470-IOP-1030-SAGFSPGR_-sIXI47_-0003-00001-000001-01.nii,D:\github\IOT_Project\data\processed\volumes\train\mwp1IXI470-IOP-1030-SAGFSPGR_-sIXI47_-0003-00001-000001-01.npy,mr_IXI_480i,0,train,113.0,137.0,113.0,128.0,128.0,128.0,success,
mwp1IXI473-IOP-1137-SAGFSPGR_-sIXI47_-0003-00001-000001-01,D:\github\IOT_Project\dataset\mr_IXI_480i\mwp1IXI473-IOP-1137-SAGFSPGR_-sIXI47_-0003-00001-000001-01.nii,D:\github\IOT_Project\data\processed\volumes\train\mwp1IXI473-IOP-1137-SAGFSPGR_-sIXI47_-0003-00001-000001-01.npy,mr_IXI_480i,0,train,113.0,137.0,113.0,128.0,128.0,128.0,success,
mwp1IXI474-IOP-1138-SAGFSPGR_-sIXI47_-0003-00001-000001-01,D:\github\IOT_Project\dataset\mr_IXI_480i\mwp1IXI474-IOP-1138-SAGFSPGR_-sIXI47_-0003-00001-000001-01.nii,D:\github\IOT_Project\data\processed\volumes\train\mwp1IXI474-IOP-1138-SAGFSPGR_-sIXI47_-0003-00001-000001-01.npy,mr_IXI_480i,0,train,113.0,137.0,113.0,128.0,128.0,128.0,success,
mwp1IXI475-IOP-1139-SAGFSPGR_-sIXI47_-0003-00001-000001-01,D:\github\IOT_Project\dataset\mr_IXI_480i\mwp1IXI475-IOP-1139-SAGFSPGR_-sIXI47_-0003-00001-000001-01.nii,D:\github\IOT_Project\data\processed\volumes\train\mwp1IXI475-IOP-1139-SAGFSPGR_-sIXI47_-0003-00001-000001-01.npy,mr_IXI_480i,0,train,113.0,137.0,113.0,128.0,128.0,128.0,success,
mwp1IXI476-IOP-1140-SAGFSPGR_-sIXI47_-0003-00001-000001-01,D:\github\IOT_Project\dataset\mr_IXI_480i\mwp1IXI476-IOP-1140-SAGFSPGR_-sIXI47_-0003-00001-000001-01.nii,D:\github\IOT_Project\data\processed\volumes\train\mwp1IXI476-IOP-1140-SAGFSPGR_-sIXI47_-0003-00001-000001-01.npy,mr_IXI_480i,0,train,113.0,137.0,113.0,128.0,128.0,128.0,success,
mwp1IXI481-HH-2175-MADisoTFE1_-s3T208_-0301-00003-000001-01,D:\github\IOT_Project\dataset\mr_IXI_480i\mwp1IXI481-HH-2175-MADisoTFE1_-s3T208_-0301-00003-000001-01.nii,D:\github\IOT_Project\data\processed\volumes\train\mwp1IXI481-HH-2175-MADisoTFE1_-s3T208_-0301-00003-000001-01.npy,mr_IXI_480i,0,train,113.0,137.0,113.0,128.0,128.0,128.0,success,
mwp1IXI482-HH-2178-MADisoTFE1_-s3T211_-0301-00003-000001-01,D:\github\IOT_Project\dataset\mr_IXI_480i\mwp1IXI482-HH-2178-MADisoTFE1_-s3T211_-0301-00003-000001-01.nii,D:\github\IOT_Project\data\processed\volumes\train\mwp1IXI482-HH-2178-MADisoTFE1_-s3T211_-0301-00003-000001-01.npy,mr_IXI_480i,0,train,113.0,137.0,113.0,128.0,128.0,128.0,success,
mwp1IXI484-HH-2179-MADisoTFE1_-s3T211_-0301-00003-000001-01,D:\github\IOT_Project\dataset\mr_IXI_480i\mwp1IXI484-HH-2179-MADisoTFE1_-s3T211_-0301-00003-000001-01.nii,D:\github\IOT_Project\data\processed\volumes\train\mwp1IXI484-HH-2179-MADisoTFE1_-s3T211_-0301-00003-000001-01.npy,mr_IXI_480i,0,train,113.0,137.0,113.0,128.0,128.0,128.0,success,
mwp1IXI485-HH-2180-MADisoTFE1_-s3T221_-0301-00003-000001-01,D:\github\IOT_Project\dataset\mr_IXI_480i\mwp1IXI485-HH-2180-MADisoTFE1_-s3T221_-0301-00003-000001-01.nii,D:\github\IOT_Project\data\processed\volumes\train\mwp1IXI485-HH-2180-MADisoTFE1_-s3T221_-0301-00003-000001-01.npy,mr_IXI_480i,0,train,113.0,137.0,113.0,128.0,128.0,128.0,success,
mwp1IXI486-Guys-1005-MPRAGESEN_-s420_-0301-00003-000001-01,D:\github\IOT_Project\dataset\mr_IXI_480i\mwp1IXI486-Guys-1005-MPRAGESEN_-s420_-0301-00003-000001-01.nii,D:\github\IOT_Project\data\processed\volumes\train\mwp1IXI486-Guys-1005-MPRAGESEN_-s420_-0301-00003-000001-01.npy,mr_IXI_480i,0,train,113.0,137.0,113.0,128.0,128.0,128.0,success,
mwp1IXI487-Guys-1037-MPRAGESEN_-s425_-0301-00003-000001-01,D:\github\IOT_Project\dataset\mr_IXI_480i\mwp1IXI487-Guys-1037-MPRAGESEN_-s425_-0301-00003-000001-01.nii,D:\github\IOT_Project\data\processed\volumes\train\mwp1IXI487-Guys-1037-MPRAGESEN_-s425_-0301-00003-000001-01.npy,mr_IXI_480i,0,train,113.0,137.0,113.0,128.0,128.0,128.0,success,
mwp1IXI491-Guys-1032-MPRAGESEN_-s425_-0401-00004-000001-01,D:\github\IOT_Project\dataset\mr_IXI_480i\mwp1IXI491-Guys-1032-MPRAGESEN_-s425_-0401-00004-000001-01.nii,D:\github\IOT_Project\data\processed\volumes\train\mwp1IXI491-Guys-1032-MPRAGESEN_-s425_-0401-00004-000001-01.npy,mr_IXI_480i,0,train,113.0,137.0,113.0,128.0,128.0,128.0,success,
mwp1IXI492-Guys-1022-MPRAGESEN_-s423_-0301-00003-000001-01,D:\github\IOT_Project\dataset\mr_IXI_480i\mwp1IXI492-Guys-1022-MPRAGESEN_-s423_-0301-00003-000001-01.nii,D:\github\IOT_Project\data\processed\volumes\train\mwp1IXI492-Guys-1022-MPRAGESEN_-s423_-0301-00003-000001-01.npy,mr_IXI_480i,0,train,113.0,137.0,113.0,128.0,128.0,128.0,success,
mwp1IXI493-Guys-1007-MPRAGESEN_-s420_-0601-00006-000001-01,D:\github\IOT_Project\dataset\mr_IXI_480i\mwp1IXI493-Guys-1007-MPRAGESEN_-s420_-0601-00006-000001-01.nii,D:\github\IOT_Project\data\processed\volumes\train\mwp1IXI493-Guys-1007-MPRAGESEN_-s420_-0601-00006-000001-01.npy,mr_IXI_480i,0,train,113.0,137.0,113.0,128.0,128.0,128.0,success,
mwp1IXI494-Guys-1008-MPRAGESEN_-s421_-0301-00003-000001-01,D:\github\IOT_Project\dataset\mr_IXI_480i\mwp1IXI494-Guys-1008-MPRAGESEN_-s421_-0301-00003-000001-01.nii,D:\github\IOT_Project\data\processed\volumes\train\mwp1IXI494-Guys-1008-MPRAGESEN_-s421_-0301-00003-000001-01.npy,mr_IXI_480i,0,train,113.0,137.0,113.0,128.0,128.0,128.0,success,
mwp1IXI496-Guys-1045-MPRAGESEN_-s421_-0301-00003-000001-01,D:\github\IOT_Project\dataset\mr_IXI_480i\mwp1IXI496-Guys-1045-MPRAGESEN_-s421_-0301-00003-000001-01.nii,D:\github\IOT_Project\data\processed\volumes\train\mwp1IXI496-Guys-1045-MPRAGESEN_-s421_-0301-00003-000001-01.npy,mr_IXI_480i,0,train,113.0,137.0,113.0,128.0,128.0,128.0,success,
mwp1IXI497-Guys-1002-MPRAGESEN_-s420_-0301-00003-000001-01,D:\github\IOT_Project\dataset\mr_IXI_480i\mwp1IXI497-Guys-1002-MPRAGESEN_-s420_-0301-00003-000001-01.nii,D:\github\IOT_Project\data\processed\volumes\train\mwp1IXI497-Guys-1002-MPRAGESEN_-s420_-0301-00003-000001-01.npy,mr_IXI_480i,0,train,113.0,137.0,113.0,128.0,128.0,128.0,success,
mwp1IXI498-Guys-1050-MPRAGESEN_-s426_-0301-00003-000001-01,D:\github\IOT_Project\dataset\mr_IXI_480i\mwp1IXI498-Guys-1050-MPRAGESEN_-s426_-0301-00003-000001-01.nii,D:\github\IOT_Project\data\processed\volumes\train\mwp1IXI498-Guys-1050-MPRAGESEN_-s426_-0301-00003-000001-01.npy,mr_IXI_480i,0,train,113.0,137.0,113.0,128.0,128.0,128.0,success,
mwp1IXI500-Guys-1017-MPRAGESEN_-s422_-0301-00003-000001-01,D:\github\IOT_Project\dataset\mr_IXI_480i\mwp1IXI500-Guys-1017-MPRAGESEN_-s422_-0301-00003-000001-01.nii,D:\github\IOT_Project\data\processed\volumes\train\mwp1IXI500-Guys-1017-MPRAGESEN_-s422_-0301-00003-000001-01.npy,mr_IXI_480i,0,train,113.0,137.0,113.0,128.0,128.0,128.0,success,
mwp1IXI501-Guys-1016-MPRAGESEN_-s422_-0301-00003-000001-01,D:\github\IOT_Project\dataset\mr_IXI_480i\mwp1IXI501-Guys-1016-MPRAGESEN_-s422_-0301-00003-000001-01.nii,D:\github\IOT_Project\data\processed\volumes\train\mwp1IXI501-Guys-1016-MPRAGESEN_-s422_-0301-00003-000001-01.npy,mr_IXI_480i,0,train,113.0,137.0,113.0,128.0,128.0,128.0,success,
mwp1IXI502-Guys-1020-MPRAGESEN_-s422_-0301-00003-000001-01,D:\github\IOT_Project\dataset\mr_IXI_480i\mwp1IXI502-Guys-1020-MPRAGESEN_-s422_-0301-00003-000001-01.nii,D:\github\IOT_Project\data\processed\volumes\train\mwp1IXI502-Guys-1020-MPRAGESEN_-s422_-0301-00003-000001-01.npy,mr_IXI_480i,0,train,113.0,137.0,113.0,128.0,128.0,128.0,success,
mwp1IXI503-Guys-1021-MPRAGESEN_-s423_-0301-00003-000001-01,D:\github\IOT_Project\dataset\mr_IXI_480i\mwp1IXI503-Guys-1021-MPRAGESEN_-s423_-0301-00003-000001-01.nii,D:\github\IOT_Project\data\processed\volumes\train\mwp1IXI503-Guys-1021-MPRAGESEN_-s423_-0301-00003-000001-01.npy,mr_IXI_480i,0,train,113.0,137.0,113.0,128.0,128.0,128.0,success,
mwp1IXI505-Guys-1026-MPRAGESEN_-s424_-0301-00003-000001-01,D:\github\IOT_Project\dataset\mr_IXI_480i\mwp1IXI505-Guys-1026-MPRAGESEN_-s424_-0301-00003-000001-01.nii,D:\github\IOT_Project\data\processed\volumes\train\mwp1IXI505-Guys-1026-MPRAGESEN_-s424_-0301-00003-000001-01.npy,mr_IXI_480i,0,train,113.0,137.0,113.0,128.0,128.0,128.0,success,
mwp1IXI508-HH-2268-MADisoTFE1_-s3T221_-0301-00003-000001-01,D:\github\IOT_Project\dataset\mr_IXI_480i\mwp1IXI508-HH-2268-MADisoTFE1_-s3T221_-0301-00003-000001-01.nii,D:\github\IOT_Project\data\processed\volumes\train\mwp1IXI508-HH-2268-MADisoTFE1_-s3T221_-0301-00003-000001-01.npy,mr_IXI_480i,0,train,113.0,137.0,113.0,128.0,128.0,128.0,success,
mwp1IXI510-IOP-1143-SAGFSPGR_-sIXI51_-0003-00001-000001-01,D:\github\IOT_Project\dataset\mr_IXI_480i\mwp1IXI510-IOP-1143-SAGFSPGR_-sIXI51_-0003-00001-000001-01.nii,D:\github\IOT_Project\data\processed\volumes\train\mwp1IXI510-IOP-1143-SAGFSPGR_-sIXI51_-0003-00001-000001-01.npy,mr_IXI_480i,0,train,113.0,137.0,113.0,128.0,128.0,128.0,success,
mwp1IXI512-Guys-1054-MPRAGESEN_-s426_-0301-00003-000001-01,D:\github\IOT_Project\dataset\mr_IXI_480i\mwp1IXI512-Guys-1054-MPRAGESEN_-s426_-0301-00003-000001-01.nii,D:\github\IOT_Project\data\processed\volumes\train\mwp1IXI512-Guys-1054-MPRAGESEN_-s426_-0301-00003-000001-01.npy,mr_IXI_480i,0,train,113.0,137.0,113.0,128.0,128.0,128.0,success,
mwp1IXI515-HH-2377-MADisoTFE1_-s3T229_-0301-00003-000001-01,D:\github\IOT_Project\dataset\mr_IXI_480i\mwp1IXI515-HH-2377-MADisoTFE1_-s3T229_-0301-00003-000001-01.nii,D:\github\IOT_Project\data\processed\volumes\train\mwp1IXI515-HH-2377-MADisoTFE1_-s3T229_-0301-00003-000001-01.npy,mr_IXI_480i,0,train,113.0,137.0,113.0,128.0,128.0,128.0,success,
mwp1IXI517-IOP-1144-SAGFSPGR_-sIXI51_-0003-00001-000001-01,D:\github\IOT_Project\dataset\mr_IXI_480i\mwp1IXI517-IOP-1144-SAGFSPGR_-sIXI51_-0003-00001-000001-01.nii,D:\github\IOT_Project\data\processed\volumes\train\mwp1IXI517-IOP-1144-SAGFSPGR_-sIXI51_-0003-00001-000001-01.npy,mr_IXI_480i,0,train,113.0,137.0,113.0,128.0,128.0,128.0,success,
mwp1IXI518-HH-2239-MADisoTFE1_-s3T219_-0301-00003-000001-01,D:\github\IOT_Project\dataset\mr_IXI_480i\mwp1IXI518-HH-2239-MADisoTFE1_-s3T219_-0301-00003-000001-01.nii,D:\github\IOT_Project\data\processed\volumes\train\mwp1IXI518-HH-2239-MADisoTFE1_-s3T219_-0301-00003-000001-01.npy,mr_IXI_480i,0,train,113.0,137.0,113.0,128.0,128.0,128.0,success,
mwp1IXI521-HH-2353-MADisoTFE1_-s3T227_-0301-00003-000001-01,D:\github\IOT_Project\dataset\mr_IXI_480i\mwp1IXI521-HH-2353-MADisoTFE1_-s3T227_-0301-00003-000001-01.nii,D:\github\IOT_Project\data\processed\volumes\train\mwp1IXI521-HH-2353-MADisoTFE1_-s3T227_-0301-00003-000001-01.npy,mr_IXI_480i,0,train,113.0,137.0,113.0,128.0,128.0,128.0,success,
mwp1IXI522-HH-2453-MADisoTFE1_-s3T237_-0301-00003-000001-01,D:\github\IOT_Project\dataset\mr_IXI_480i\mwp1IXI522-HH-2453-MADisoTFE1_-s3T237_-0301-00003-000001-01.nii,D:\github\IOT_Project\data\processed\volumes\train\mwp1IXI522-HH-2453-MADisoTFE1_-s3T237_-0301-00003-000001-01.npy,mr_IXI_480i,0,train,113.0,137.0,113.0,128.0,128.0,128.0,success,
mwp1IXI524-HH-2412-MADisoTFE1_-s3T233_-0301-00003-000001-01,D:\github\IOT_Project\dataset\mr_IXI_480i\mwp1IXI524-HH-2412-MADisoTFE1_-s3T233_-0301-00003-000001-01.nii,D:\github\IOT_Project\data\processed\volumes\train\mwp1IXI524-HH-2412-MADisoTFE1_-s3T233_-0301-00003-000001-01.npy,mr_IXI_480i,0,train,113.0,137.0,113.0,128.0,128.0,128.0,success,
mwp1IXI525-HH-2413-MADisoTFE1_-s3T233_-0301-00003-000001-01,D:\github\IOT_Project\dataset\mr_IXI_480i\mwp1IXI525-HH-2413-MADisoTFE1_-s3T233_-0301-00003-000001-01.nii,D:\github\IOT_Project\data\processed\volumes\train\mwp1IXI525-HH-2413-MADisoTFE1_-s3T233_-0301-00003-000001-01.npy,mr_IXI_480i,0,train,113.0,137.0,113.0,128.0,128.0,128.0,success,
mwp1IXI526-HH-2392-MADisoTFE1_-s3T231_-0301-00003-000001-01,D:\github\IOT_Project\dataset\mr_IXI_480i\mwp1IXI526-HH-2392-MADisoTFE1_-s3T231_-0301-00003-000001-01.nii,D:\github\IOT_Project\data\processed\volumes\train\mwp1IXI526-HH-2392-MADisoTFE1_-s3T231_-0301-00003-000001-01.npy,mr_IXI_480i,0,train,113.0,137.0,113.0,128.0,128.0,128.0,success,
mwp1IXI527-HH-2376-MADisoTFE1_-s3T229_-0501-00005-000001-01,D:\github\IOT_Project\dataset\mr_IXI_480i\mwp1IXI527-HH-2376-MADisoTFE1_-s3T229_-0501-00005-000001-01.nii,D:\github\IOT_Project\data\processed\volumes\train\mwp1IXI527-HH-2376-MADisoTFE1_-s3T229_-0501-00005-000001-01.npy,mr_IXI_480i,0,train,113.0,137.0,113.0,128.0,128.0,128.0,success,
mwp1IXI528-Guys-1073-MPRAGESEN_-sIXI52_-0301-00003-000001-01,D:\github\IOT_Project\dataset\mr_IXI_480i\mwp1IXI528-Guys-1073-MPRAGESEN_-sIXI52_-0301-00003-000001-01.nii,D:\github\IOT_Project\data\processed\volumes\train\mwp1IXI528-Guys-1073-MPRAGESEN_-sIXI52_-0301-00003-000001-01.npy,mr_IXI_480i,0,train,113.0,137.0,113.0,128.0,128.0,128.0,success,
mwp1IXI532-IOP-1145-SAGFSPGR_-sIXI53_-0003-00001-000001-01,D:\github\IOT_Project\dataset\mr_IXI_480i\mwp1IXI532-IOP-1145-SAGFSPGR_-sIXI53_-0003-00001-000001-01.nii,D:\github\IOT_Project\data\processed\volumes\train\mwp1IXI532-IOP-1145-SAGFSPGR_-sIXI53_-0003-00001-000001-01.npy,mr_IXI_480i,0,train,113.0,137.0,113.0,128.0,128.0,128.0,success,
mwp1IXI533-Guys-1066-MPRAGESEN_-s428_-0401-00004-000001-01,D:\github\IOT_Project\dataset\mr_IXI_480i\mwp1IXI533-Guys-1066-MPRAGESEN_-s428_-0401-00004-000001-01.nii,D:\github\IOT_Project\data\processed\volumes\train\mwp1IXI533-Guys-1066-MPRAGESEN_-s428_-0401-00004-000001-01.npy,mr_IXI_480i,0,train,113.0,137.0,113.0,128.0,128.0,128.0,success,
mwp1IXI534-Guys-1062-MPRAGESEN_-s427_-0301-00003-000001-01,D:\github\IOT_Project\dataset\mr_IXI_480i\mwp1IXI534-Guys-1062-MPRAGESEN_-s427_-0301-00003-000001-01.nii,D:\github\IOT_Project\data\processed\volumes\train\mwp1IXI534-Guys-1062-MPRAGESEN_-s427_-0301-00003-000001-01.npy,mr_IXI_480i,0,train,113.0,137.0,113.0,128.0,128.0,128.0,success,
mwp1IXI535-Guys-1061-MPRAGESEN_-s427_-0301-00003-000001-01,D:\github\IOT_Project\dataset\mr_IXI_480i\mwp1IXI535-Guys-1061-MPRAGESEN_-s427_-0301-00003-000001-01.nii,D:\github\IOT_Project\data\processed\volumes\train\mwp1IXI535-Guys-1061-MPRAGESEN_-s427_-0301-00003-000001-01.npy,mr_IXI_480i,0,train,113.0,137.0,113.0,128.0,128.0,128.0,success,
mwp1IXI537-HH-2378-MADisoTFE1_-s3T229_-0301-00003-000001-01,D:\github\IOT_Project\dataset\mr_IXI_480i\mwp1IXI537-HH-2378-MADisoTFE1_-s3T229_-0301-00003-000001-01.nii,D:\github\IOT_Project\data\processed\volumes\train\mwp1IXI537-HH-2378-MADisoTFE1_-s3T229_-0301-00003-000001-01.npy,mr_IXI_480i,0,train,113.0,137.0,113.0,128.0,128.0,128.0,success,
mwp1IXI539-Guys-1067-MPRAGESEN_-s429_-0301-00003-000001-01,D:\github\IOT_Project\dataset\mr_IXI_480i\mwp1IXI539-Guys-1067-MPRAGESEN_-s429_-0301-00003-000001-01.nii,D:\github\IOT_Project\data\processed\volumes\train\mwp1IXI539-Guys-1067-MPRAGESEN_-s429_-0301-00003-000001-01.npy,mr_IXI_480i,0,train,113.0,137.0,113.0,128.0,128.0,128.0,success,
mwp1IXI542-IOP-1147-SAGFSPGR_-sIXI54_-0003-00001-000001-01,D:\github\IOT_Project\dataset\mr_IXI_480i\mwp1IXI542-IOP-1147-SAGFSPGR_-sIXI54_-0003-00001-000001-01.nii,D:\github\IOT_Project\data\processed\volumes\train\mwp1IXI542-IOP-1147-SAGFSPGR_-sIXI54_-0003-00001-000001-01.npy,mr_IXI_480i,0,train,113.0,137.0,113.0,128.0,128.0,128.0,success,
mwp1IXI543-IOP-1148-SAGFSPGR_-sIXI54_-0003-00001-000001-01,D:\github\IOT_Project\dataset\mr_IXI_480i\mwp1IXI543-IOP-1148-SAGFSPGR_-sIXI54_-0003-00001-000001-01.nii,D:\github\IOT_Project\data\processed\volumes\train\mwp1IXI543-IOP-1148-SAGFSPGR_-sIXI54_-0003-00001-000001-01.npy,mr_IXI_480i,0,train,113.0,137.0,113.0,128.0,128.0,128.0,success,
mwp1IXI544-HH-2395-MADisoTFE1_-s3T231_-0301-00003-000001-01,D:\github\IOT_Project\dataset\mr_IXI_480i\mwp1IXI544-HH-2395-MADisoTFE1_-s3T231_-0301-00003-000001-01.nii,D:\github\IOT_Project\data\processed\volumes\train\mwp1IXI544-HH-2395-MADisoTFE1_-s3T231_-0301-00003-000001-01.npy,mr_IXI_480i,0,train,113.0,137.0,113.0,128.0,128.0,128.0,success,
mwp1IXI546-HH-2450-MADisoTFE1_-s3T235_-0301-00003-000001-01,D:\github\IOT_Project\dataset\mr_IXI_480i\mwp1IXI546-HH-2450-MADisoTFE1_-s3T235_-0301-00003-000001-01.nii,D:\github\IOT_Project\data\processed\volumes\train\mwp1IXI546-HH-2450-MADisoTFE1_-s3T235_-0301-00003-000001-01.npy,mr_IXI_480i,0,train,113.0,137.0,113.0,128.0,128.0,128.0,success,
mwp1IXI547-IOP-1149-SAGFSPGR_-sIXI54_-0004-00001-000001-01,D:\github\IOT_Project\dataset\mr_IXI_480i\mwp1IXI547-IOP-1149-SAGFSPGR_-sIXI54_-0004-00001-000001-01.nii,D:\github\IOT_Project\data\processed\volumes\train\mwp1IXI547-IOP-1149-SAGFSPGR_-sIXI54_-0004-00001-000001-01.npy,mr_IXI_480i,0,train,113.0,137.0,113.0,128.0,128.0,128.0,success,
mwp1IXI549-Guys-1046-MPRAGESEN_-s426_-0301-00003-000001-01,D:\github\IOT_Project\dataset\mr_IXI_480i\mwp1IXI549-Guys-1046-MPRAGESEN_-s426_-0301-00003-000001-01.nii,D:\github\IOT_Project\data\processed\volumes\train\mwp1IXI549-Guys-1046-MPRAGESEN_-s426_-0301-00003-000001-01.npy,mr_IXI_480i,0,train,113.0,137.0,113.0,128.0,128.0,128.0,success,
mwp1IXI550-Guys-1069-MPRAGESEN_-s429_-0301-00003-000001-01,D:\github\IOT_Project\dataset\mr_IXI_480i\mwp1IXI550-Guys-1069-MPRAGESEN_-s429_-0301-00003-000001-01.nii,D:\github\IOT_Project\data\processed\volumes\train\mwp1IXI550-Guys-1069-MPRAGESEN_-s429_-0301-00003-000001-01.npy,mr_IXI_480i,0,train,113.0,137.0,113.0,128.0,128.0,128.0,success,
mwp1IXI551-Guys-1065-MPRAGESEN_-s428_-0401-00004-000001-01,D:\github\IOT_Project\dataset\mr_IXI_480i\mwp1IXI551-Guys-1065-MPRAGESEN_-s428_-0401-00004-000001-01.nii,D:\github\IOT_Project\data\processed\volumes\train\mwp1IXI551-Guys-1065-MPRAGESEN_-s428_-0401-00004-000001-01.npy,mr_IXI_480i,0,train,113.0,137.0,113.0,128.0,128.0,128.0,success,
mwp1IXI552-Guys-1063-MPRAGESEN_-s428_-0301-00003-000001-01,D:\github\IOT_Project\dataset\mr_IXI_480i\mwp1IXI552-Guys-1063-MPRAGESEN_-s428_-0301-00003-000001-01.nii,D:\github\IOT_Project\data\processed\volumes\train\mwp1IXI552-Guys-1063-MPRAGESEN_-s428_-0301-00003-000001-01.npy,mr_IXI_480i,0,train,113.0,137.0,113.0,128.0,128.0,128.0,success,
mwp1IXI554-Guys-1068-MPRAGESEN_-s429_-0301-00003-000001-01,D:\github\IOT_Project\dataset\mr_IXI_480i\mwp1IXI554-Guys-1068-MPRAGESEN_-s429_-0301-00003-000001-01.nii,D:\github\IOT_Project\data\processed\volumes\train\mwp1IXI554-Guys-1068-MPRAGESEN_-s429_-0301-00003-000001-01.npy,mr_IXI_480i,0,train,113.0,137.0,113.0,128.0,128.0,128.0,success,
mwp1IXI555-Guys-1074-MPRAGESEN_-sIXI55_-0301-00003-000001-01,D:\github\IOT_Project\dataset\mr_IXI_480i\mwp1IXI555-Guys-1074-MPRAGESEN_-sIXI55_-0301-00003-000001-01.nii,D:\github\IOT_Project\data\processed\volumes\train\mwp1IXI555-Guys-1074-MPRAGESEN_-sIXI55_-0301-00003-000001-01.npy,mr_IXI_480i,0,train,113.0,137.0,113.0,128.0,128.0,128.0,success,
mwp1IXI556-HH-2452-MADisoTFE1_-s3T236_-0301-00003-000001-01,D:\github\IOT_Project\dataset\mr_IXI_480i\mwp1IXI556-HH-2452-MADisoTFE1_-s3T236_-0301-00003-000001-01.nii,D:\github\IOT_Project\data\processed\volumes\train\mwp1IXI556-HH-2452-MADisoTFE1_-s3T236_-0301-00003-000001-01.npy,mr_IXI_480i,0,train,113.0,137.0,113.0,128.0,128.0,128.0,success,
mwp1IXI558-Guys-1079-MPRAGESEN_-s433_-0301-00003-000001-01,D:\github\IOT_Project\dataset\mr_IXI_480i\mwp1IXI558-Guys-1079-MPRAGESEN_-s433_-0301-00003-000001-01.nii,D:\github\IOT_Project\data\processed\volumes\train\mwp1IXI558-Guys-1079-MPRAGESEN_-s433_-0301-00003-000001-01.npy,mr_IXI_480i,0,train,113.0,137.0,113.0,128.0,128.0,128.0,success,
mwp1IXI560-Guys-1070-MPRAGESEN_-s429_-0301-00003-000001-01,D:\github\IOT_Project\dataset\mr_IXI_480i\mwp1IXI560-Guys-1070-MPRAGESEN_-s429_-0301-00003-000001-01.nii,D:\github\IOT_Project\data\processed\volumes\train\mwp1IXI560-Guys-1070-MPRAGESEN_-s429_-0301-00003-000001-01.npy,mr_IXI_480i,0,train,113.0,137.0,113.0,128.0,128.0,128.0,success,
mwp1IXI562-Guys-1131-MPRAGESEN_-sIXI0562_-0301-00003-000001-01,D:\github\IOT_Project\dataset\mr_IXI_480i\mwp1IXI562-Guys-1131-MPRAGESEN_-sIXI0562_-0301-00003-000001-01.nii,D:\github\IOT_Project\data\processed\volumes\train\mwp1IXI562-Guys-1131-MPRAGESEN_-sIXI0562_-0301-00003-000001-01.npy,mr_IXI_480i,0,train,113.0,137.0,113.0,128.0,128.0,128.0,success,
mwp1IXI565-HH-2534-MADisoTFE1_-s3T239_-0301-00003-000001-01,D:\github\IOT_Project\dataset\mr_IXI_480i\mwp1IXI565-HH-2534-MADisoTFE1_-s3T239_-0301-00003-000001-01.nii,D:\github\IOT_Project\data\processed\volumes\train\mwp1IXI565-HH-2534-MADisoTFE1_-s3T239_-0301-00003-000001-01.npy,mr_IXI_480i,0,train,113.0,137.0,113.0,128.0,128.0,128.0,success,
mwp1IXI566-HH-2535-MADisoTFE1_-s3T239_-0301-00003-000001-01,D:\github\IOT_Project\dataset\mr_IXI_480i\mwp1IXI566-HH-2535-MADisoTFE1_-s3T239_-0301-00003-000001-01.nii,D:\github\IOT_Project\data\processed\volumes\train\mwp1IXI566-HH-2535-MADisoTFE1_-s3T239_-0301-00003-000001-01.npy,mr_IXI_480i,0,train,113.0,137.0,113.0,128.0,128.0,128.0,success,
mwp1IXI567-HH-2536-MADisoTFE1_-s3T239_-0301-00003-000001-01,D:\github\IOT_Project\dataset\mr_IXI_480i\mwp1IXI567-HH-2536-MADisoTFE1_-s3T239_-0301-00003-000001-01.nii,D:\github\IOT_Project\data\processed\volumes\train\mwp1IXI567-HH-2536-MADisoTFE1_-s3T239_-0301-00003-000001-01.npy,mr_IXI_480i,0,train,113.0,137.0,113.0,128.0,128.0,128.0,success,
mwp1IXI568-HH-2607-MADisoTFE1_-s3T242_-0301-00003-000001-01,D:\github\IOT_Project\dataset\mr_IXI_480i\mwp1IXI568-HH-2607-MADisoTFE1_-s3T242_-0301-00003-000001-01.nii,D:\github\IOT_Project\data\processed\volumes\train\mwp1IXI568-HH-2607-MADisoTFE1_-s3T242_-0301-00003-000001-01.npy,mr_IXI_480i,0,train,113.0,137.0,113.0,128.0,128.0,128.0,success,
mwp1IXI569-Guys-1101-MPRAGESEN_-s449_-0301-00003-000001-01,D:\github\IOT_Project\dataset\mr_IXI_480i\mwp1IXI569-Guys-1101-MPRAGESEN_-s449_-0301-00003-000001-01.nii,D:\github\IOT_Project\data\processed\volumes\train\mwp1IXI569-Guys-1101-MPRAGESEN_-s449_-0301-00003-000001-01.npy,mr_IXI_480i,0,train,113.0,137.0,113.0,128.0,128.0,128.0,success,
mwp1IXI571-IOP-1154-SAGFSPGR_-sIXI57_-0003-00001-000001-01,D:\github\IOT_Project\dataset\mr_IXI_480i\mwp1IXI571-IOP-1154-SAGFSPGR_-sIXI57_-0003-00001-000001-01.nii,D:\github\IOT_Project\data\processed\volumes\train\mwp1IXI571-IOP-1154-SAGFSPGR_-sIXI57_-0003-00001-000001-01.npy,mr_IXI_480i,0,train,113.0,137.0,113.0,128.0,128.0,128.0,success,
mwp1IXI572-HH-2605-MADisoTFE1_-s3T242_-0301-00003-000001-01,D:\github\IOT_Project\dataset\mr_IXI_480i\mwp1IXI572-HH-2605-MADisoTFE1_-s3T242_-0301-00003-000001-01.nii,D:\github\IOT_Project\data\processed\volumes\train\mwp1IXI572-HH-2605-MADisoTFE1_-s3T242_-0301-00003-000001-01.npy,mr_IXI_480i,0,train,113.0,137.0,113.0,128.0,128.0,128.0,success,
mwp1IXI574-IOP-1156-SAGFSPGR_-sIXI57_-0003-00001-000001-01,D:\github\IOT_Project\dataset\mr_IXI_480i\mwp1IXI574-IOP-1156-SAGFSPGR_-sIXI57_-0003-00001-000001-01.nii,D:\github\IOT_Project\data\processed\volumes\train\mwp1IXI574-IOP-1156-SAGFSPGR_-sIXI57_-0003-00001-000001-01.npy,mr_IXI_480i,0,train,113.0,137.0,113.0,128.0,128.0,128.0,success,
mwp1IXI575-HH-2658-MADisoTFE1_-s3T246_-0301-00003-000001-01,D:\github\IOT_Project\dataset\mr_IXI_480i\mwp1IXI575-HH-2658-MADisoTFE1_-s3T246_-0301-00003-000001-01.nii,D:\github\IOT_Project\data\processed\volumes\train\mwp1IXI575-HH-2658-MADisoTFE1_-s3T246_-0301-00003-000001-01.npy,mr_IXI_480i,0,train,113.0,137.0,113.0,128.0,128.0,128.0,success,
mwp1IXI576-Guys-1077-MPRAGESEN_-sIXI57_-0301-00003-000001-01,D:\github\IOT_Project\dataset\mr_IXI_480i\mwp1IXI576-Guys-1077-MPRAGESEN_-sIXI57_-0301-00003-000001-01.nii,D:\github\IOT_Project\data\processed\volumes\train\mwp1IXI576-Guys-1077-MPRAGESEN_-sIXI57_-0301-00003-000001-01.npy,mr_IXI_480i,0,train,113.0,137.0,113.0,128.0,128.0,128.0,success,
mwp1IXI577-HH-2661-MADisoTFE1_-s3T246_-0301-00003-000001-01,D:\github\IOT_Project\dataset\mr_IXI_480i\mwp1IXI577-HH-2661-MADisoTFE1_-s3T246_-0301-00003-000001-01.nii,D:\github\IOT_Project\data\processed\volumes\train\mwp1IXI577-HH-2661-MADisoTFE1_-s3T246_-0301-00003-000001-01.npy,mr_IXI_480i,0,train,113.0,137.0,113.0,128.0,128.0,128.0,success,
mwp1IXI579-Guys-1126-MPRAGESEN_-s433_-0301-00003-000001-01,D:\github\IOT_Project\dataset\mr_IXI_480i\mwp1IXI579-Guys-1126-MPRAGESEN_-s433_-0301-00003-000001-01.nii,D:\github\IOT_Project\data\processed\volumes\train\mwp1IXI579-Guys-1126-MPRAGESEN_-s433_-0301-00003-000001-01.npy,mr_IXI_480i,0,train,113.0,137.0,113.0,128.0,128.0,128.0,success,
mwp1IXI582-Guys-1127-MPRAGESEN_-sIXI0582_-0301-00003-000001-01,D:\github\IOT_Project\dataset\mr_IXI_480i\mwp1IXI582-Guys-1127-MPRAGESEN_-sIXI0582_-0301-00003-000001-01.nii,D:\github\IOT_Project\data\processed\volumes\train\mwp1IXI582-Guys-1127-MPRAGESEN_-sIXI0582_-0301-00003-000001-01.npy,mr_IXI_480i,0,train,113.0,137.0,113.0,128.0,128.0,128.0,success,
mwp1IXI584-Guys-1129-MPRAGESEN_-sIXI58_-0301-00003-000001-01,D:\github\IOT_Project\dataset\mr_IXI_480i\mwp1IXI584-Guys-1129-MPRAGESEN_-sIXI58_-0301-00003-000001-01.nii,D:\github\IOT_Project\data\processed\volumes\train\mwp1IXI584-Guys-1129-MPRAGESEN_-sIXI58_-0301-00003-000001-01.npy,mr_IXI_480i,0,train,113.0,137.0,113.0,128.0,128.0,128.0,success,
mwp1IXI585-Guys-1130-MPRAGESEN_-sIXI58_-0301-00003-000001-01,D:\github\IOT_Project\dataset\mr_IXI_480i\mwp1IXI585-Guys-1130-MPRAGESEN_-sIXI58_-0301-00003-000001-01.nii,D:\github\IOT_Project\data\processed\volumes\train\mwp1IXI585-Guys-1130-MPRAGESEN_-sIXI58_-0301-00003-000001-01.npy,mr_IXI_480i,0,train,113.0,137.0,113.0,128.0,128.0,128.0,success,
mwp1IXI586-HH-2451-MADisoTFE1_-s3T236_-0301-00003-000001-01,D:\github\IOT_Project\dataset\mr_IXI_480i\mwp1IXI586-HH-2451-MADisoTFE1_-s3T236_-0301-00003-000001-01.nii,D:\github\IOT_Project\data\processed\volumes\train\mwp1IXI586-HH-2451-MADisoTFE1_-s3T236_-0301-00003-000001-01.npy,mr_IXI_480i,0,train,113.0,137.0,113.0,128.0,128.0,128.0,success,
mwp1IXI587-Guys-1128-MPRAGESEN_-sIXI0587_-0401-00004-000001-01,D:\github\IOT_Project\dataset\mr_IXI_480i\mwp1IXI587-Guys-1128-MPRAGESEN_-sIXI0587_-0401-00004-000001-01.nii,D:\github\IOT_Project\data\processed\volumes\train\mwp1IXI587-Guys-1128-MPRAGESEN_-sIXI0587_-0401-00004-000001-01.npy,mr_IXI_480i,0,train,113.0,137.0,113.0,128.0,128.0,128.0,success,
mwp1IXI589-Guys-1080-MPRAGESEN_-sIXI58_-0301-00003-000001-01,D:\github\IOT_Project\dataset\mr_IXI_480i\mwp1IXI589-Guys-1080-MPRAGESEN_-sIXI58_-0301-00003-000001-01.nii,D:\github\IOT_Project\data\processed\volumes\train\mwp1IXI589-Guys-1080-MPRAGESEN_-sIXI58_-0301-00003-000001-01.npy,mr_IXI_480i,0,train,113.0,137.0,113.0,128.0,128.0,128.0,success,
mwp1IXI592-Guys-1085-MPRAGESEN_-sIXI59_-0301-00003-000001-01,D:\github\IOT_Project\dataset\mr_IXI_480i\mwp1IXI592-Guys-1085-MPRAGESEN_-sIXI59_-0301-00003-000001-01.nii,D:\github\IOT_Project\data\processed\volumes\train\mwp1IXI592-Guys-1085-MPRAGESEN_-sIXI59_-0301-00003-000001-01.npy,mr_IXI_480i,0,train,113.0,137.0,113.0,128.0,128.0,128.0,success,
mwp1IXI593-Guys-1109-MPRAGESEN_-sIXI0593_-0301-00003-000001-01,D:\github\IOT_Project\dataset\mr_IXI_480i\mwp1IXI593-Guys-1109-MPRAGESEN_-sIXI0593_-0301-00003-000001-01.nii,D:\github\IOT_Project\data\processed\volumes\train\mwp1IXI593-Guys-1109-MPRAGESEN_-sIXI0593_-0301-00003-000001-01.npy,mr_IXI_480i,0,train,113.0,137.0,113.0,128.0,128.0,128.0,success,
mwp1IXI594-Guys-1089-MPRAGESEN_-s445_-0301-00003-000001-01,D:\github\IOT_Project\dataset\mr_IXI_480i\mwp1IXI594-Guys-1089-MPRAGESEN_-s445_-0301-00003-000001-01.nii,D:\github\IOT_Project\data\processed\volumes\train\mwp1IXI594-Guys-1089-MPRAGESEN_-s445_-0301-00003-000001-01.npy,mr_IXI_480i,0,train,113.0,137.0,113.0,128.0,128.0,128.0,success,
mwp1IXI596-IOP-1160-SAGFSPGR_-sIXI59_-0003-00001-000001-01,D:\github\IOT_Project\dataset\mr_IXI_480i\mwp1IXI596-IOP-1160-SAGFSPGR_-sIXI59_-0003-00001-000001-01.nii,D:\github\IOT_Project\data\processed\volumes\train\mwp1IXI596-IOP-1160-SAGFSPGR_-sIXI59_-0003-00001-000001-01.npy,mr_IXI_480i,0,train,113.0,137.0,113.0,128.0,128.0,128.0,success,
mwp1IXI598-HH-2606-MADisoTFE1_-s3T242_-0301-00003-000001-01,D:\github\IOT_Project\dataset\mr_IXI_480i\mwp1IXI598-HH-2606-MADisoTFE1_-s3T242_-0301-00003-000001-01.nii,D:\github\IOT_Project\data\processed\volumes\train\mwp1IXI598-HH-2606-MADisoTFE1_-s3T242_-0301-00003-000001-01.npy,mr_IXI_480i,0,train,113.0,137.0,113.0,128.0,128.0,128.0,success,
mwp1IXI601-HH-2700-MADisoTFE1_-s3T248_-0301-00003-000001-01,D:\github\IOT_Project\dataset\mr_IXI_480i\mwp1IXI601-HH-2700-MADisoTFE1_-s3T248_-0301-00003-000001-01.nii,D:\github\IOT_Project\data\processed\volumes\train\mwp1IXI601-HH-2700-MADisoTFE1_-s3T248_-0301-00003-000001-01.npy,mr_IXI_480i,0,train,113.0,137.0,113.0,128.0,128.0,128.0,success,
mwp1IXI603-HH-2701-MADisoTFE1_-s3T248_-0301-00003-000001-01,D:\github\IOT_Project\dataset\mr_IXI_480i\mwp1IXI603-HH-2701-MADisoTFE1_-s3T248_-0301-00003-000001-01.nii,D:\github\IOT_Project\data\processed\volumes\train\mwp1IXI603-HH-2701-MADisoTFE1_-s3T248_-0301-00003-000001-01.npy,mr_IXI_480i,0,train,113.0,137.0,113.0,128.0,128.0,128.0,success,
mwp1IXI605-HH-2598-MADisoTFE1_-s3T241_-0301-00003-000001-01,D:\github\IOT_Project\dataset\mr_IXI_480i\mwp1IXI605-HH-2598-MADisoTFE1_-s3T241_-0301-00003-000001-01.nii,D:\github\IOT_Project\data\processed\volumes\train\mwp1IXI605-HH-2598-MADisoTFE1_-s3T241_-0301-00003-000001-01.npy,mr_IXI_480i,0,train,113.0,137.0,113.0,128.0,128.0,128.0,success,
mwp1IXI606-HH-2601-MADisoTFE1_-s3T242_-0301-00003-000001-01,D:\github\IOT_Project\dataset\mr_IXI_480i\mwp1IXI606-HH-2601-MADisoTFE1_-s3T242_-0301-00003-000001-01.nii,D:\github\IOT_Project\data\processed\volumes\train\mwp1IXI606-HH-2601-MADisoTFE1_-s3T242_-0301-00003-000001-01.npy,mr_IXI_480i,0,train,113.0,137.0,113.0,128.0,128.0,128.0,success,
mwp1IXI607-Guys-1097-MPRAGESEN_-s445_-0301-00003-000001-01,D:\github\IOT_Project\dataset\mr_IXI_480i\mwp1IXI607-Guys-1097-MPRAGESEN_-s445_-0301-00003-000001-01.nii,D:\github\IOT_Project\data\processed\volumes\train\mwp1IXI607-Guys-1097-MPRAGESEN_-s445_-0301-00003-000001-01.npy,mr_IXI_480i,0,train,113.0,137.0,113.0,128.0,128.0,128.0,success,
mwp1IXI608-HH-2599-MADisoTFE1_-s3T242_-0301-00003-000001-01,D:\github\IOT_Project\dataset\mr_IXI_480i\mwp1IXI608-HH-2599-MADisoTFE1_-s3T242_-0301-00003-000001-01.nii,D:\github\IOT_Project\data\processed\volumes\train\mwp1IXI608-HH-2599-MADisoTFE1_-s3T242_-0301-00003-000001-01.npy,mr_IXI_480i,0,train,113.0,137.0,113.0,128.0,128.0,128.0,success,
mwp1IXI609-HH-2600-MADisoTFE1_-s3T242_-0301-00003-000001-01,D:\github\IOT_Project\dataset\mr_IXI_480i\mwp1IXI609-HH-2600-MADisoTFE1_-s3T242_-0301-00003-000001-01.nii,D:\github\IOT_Project\data\processed\volumes\train\mwp1IXI609-HH-2600-MADisoTFE1_-s3T242_-0301-00003-000001-01.npy,mr_IXI_480i,0,train,113.0,137.0,113.0,128.0,128.0,128.0,success,
mwp1IXI610-HH-2649-MADisoTFE1_-s3T245_-0301-00003-000001-01,D:\github\IOT_Project\dataset\mr_IXI_480i\mwp1IXI610-HH-2649-MADisoTFE1_-s3T245_-0301-00003-000001-01.nii,D:\github\IOT_Project\data\processed\volumes\train\mwp1IXI610-HH-2649-MADisoTFE1_-s3T245_-0301-00003-000001-01.npy,mr_IXI_480i,0,train,113.0,137.0,113.0,128.0,128.0,128.0,success,
mwp1IXI611-HH-2650-MADisoTFE1_-s3T245_-0301-00003-000001-01,D:\github\IOT_Project\dataset\mr_IXI_480i\mwp1IXI611-HH-2650-MADisoTFE1_-s3T245_-0301-00003-000001-01.nii,D:\github\IOT_Project\data\processed\volumes\train\mwp1IXI611-HH-2650-MADisoTFE1_-s3T245_-0301-00003-000001-01.npy,mr_IXI_480i,0,train,113.0,137.0,113.0,128.0,128.0,128.0,success,
mwp1IXI613-HH-2734-MADisoTFE1_-s3T251_-0301-00003-000001-01,D:\github\IOT_Project\dataset\mr_IXI_480i\mwp1IXI613-HH-2734-MADisoTFE1_-s3T251_-0301-00003-000001-01.nii,D:\github\IOT_Project\data\processed\volumes\train\mwp1IXI613-HH-2734-MADisoTFE1_-s3T251_-0301-00003-000001-01.npy,mr_IXI_480i,0,train,113.0,137.0,113.0,128.0,128.0,128.0,success,
mwp1IXI614-HH-2735-MADisoTFE1_-s3T251_-0301-00003-000001-01,D:\github\IOT_Project\dataset\mr_IXI_480i\mwp1IXI614-HH-2735-MADisoTFE1_-s3T251_-0301-00003-000001-01.nii,D:\github\IOT_Project\data\processed\volumes\train\mwp1IXI614-HH-2735-MADisoTFE1_-s3T251_-0301-00003-000001-01.npy,mr_IXI_480i,0,train,113.0,137.0,113.0,128.0,128.0,128.0,success,
mwp1IXI616-Guys-1092-MPRAGESEN_-s445_-0301-00003-000001-01,D:\github\IOT_Project\dataset\mr_IXI_480i\mwp1IXI616-Guys-1092-MPRAGESEN_-s445_-0301-00003-000001-01.nii,D:\github\IOT_Project\data\processed\volumes\train\mwp1IXI616-Guys-1092-MPRAGESEN_-s445_-0301-00003-000001-01.npy,mr_IXI_480i,0,train,113.0,137.0,113.0,128.0,128.0,128.0,success,
mwp1IXI617-Guys-1090-MPRAGESEN_-s445_-0301-00003-000001-01,D:\github\IOT_Project\dataset\mr_IXI_480i\mwp1IXI617-Guys-1090-MPRAGESEN_-s445_-0301-00003-000001-01.nii,D:\github\IOT_Project\data\processed\volumes\train\mwp1IXI617-Guys-1090-MPRAGESEN_-s445_-0301-00003-000001-01.npy,mr_IXI_480i,0,train,113.0,137.0,113.0,128.0,128.0,128.0,success,
mwp1IXI618-Guys-1091-MPRAGESEN_-s445_-0301-00003-000001-01,D:\github\IOT_Project\dataset\mr_IXI_480i\mwp1IXI618-Guys-1091-MPRAGESEN_-s445_-0301-00003-000001-01.nii,D:\github\IOT_Project\data\processed\volumes\train\mwp1IXI618-Guys-1091-MPRAGESEN_-s445_-0301-00003-000001-01.npy,mr_IXI_480i,0,train,113.0,137.0,113.0,128.0,128.0,128.0,success,
mwp1IXI619-Guys-1099-MPRAGESEN_-sIXI61_-0301-00003-000001-01,D:\github\IOT_Project\dataset\mr_IXI_480i\mwp1IXI619-Guys-1099-MPRAGESEN_-sIXI61_-0301-00003-000001-01.nii,D:\github\IOT_Project\data\processed\volumes\train\mwp1IXI619-Guys-1099-MPRAGESEN_-sIXI61_-0301-00003-000001-01.npy,mr_IXI_480i,0,train,113.0,137.0,113.0,128.0,128.0,128.0,success,
mwp1IXI621-Guys-1100-MPRAGESEN_-sIXI62_-0301-00003-000001-01,D:\github\IOT_Project\dataset\mr_IXI_480i\mwp1IXI621-Guys-1100-MPRAGESEN_-sIXI62_-0301-00003-000001-01.nii,D:\github\IOT_Project\data\processed\volumes\train\mwp1IXI621-Guys-1100-MPRAGESEN_-sIXI62_-0301-00003-000001-01.npy,mr_IXI_480i,0,train,113.0,137.0,113.0,128.0,128.0,128.0,success,
mwp1IXI623-Guys-1076-MPRAGESEN_-sIXI60_-0301-00003-000001-01,D:\github\IOT_Project\dataset\mr_IXI_480i\mwp1IXI623-Guys-1076-MPRAGESEN_-sIXI60_-0301-00003-000001-01.nii,D:\github\IOT_Project\data\processed\volumes\train\mwp1IXI623-Guys-1076-MPRAGESEN_-sIXI60_-0301-00003-000001-01.npy,mr_IXI_480i,0,train,113.0,137.0,113.0,128.0,128.0,128.0,success,
mwp1IXI625-Guys-1098-MPRAGESEN_-sIXI624_-0301-00003-000001-01,D:\github\IOT_Project\dataset\mr_IXI_480i\mwp1IXI625-Guys-1098-MPRAGESEN_-sIXI624_-0301-00003-000001-01.nii,D:\github\IOT_Project\data\processed\volumes\train\mwp1IXI625-Guys-1098-MPRAGESEN_-sIXI624_-0301-00003-000001-01.npy,mr_IXI_480i,0,train,113.0,137.0,113.0,128.0,128.0,128.0,success,
mwp1IXI626-Guys-1094-MPRAGESEN_-s447_-0301-00003-000001-01,D:\github\IOT_Project\dataset\mr_IXI_480i\mwp1IXI626-Guys-1094-MPRAGESEN_-s447_-0301-00003-000001-01.nii,D:\github\IOT_Project\data\processed\volumes\train\mwp1IXI626-Guys-1094-MPRAGESEN_-s447_-0301-00003-000001-01.npy,mr_IXI_480i,0,train,113.0,137.0,113.0,128.0,128.0,128.0,success,
mwp1IXI627-Guys-1103-MPRAGESEN_-s450_-0301-00003-000001-01,D:\github\IOT_Project\dataset\mr_IXI_480i\mwp1IXI627-Guys-1103-MPRAGESEN_-s450_-0301-00003-000001-01.nii,D:\github\IOT_Project\data\processed\volumes\train\mwp1IXI627-Guys-1103-MPRAGESEN_-s450_-0301-00003-000001-01.npy,mr_IXI_480i,0,train,113.0,137.0,113.0,128.0,128.0,128.0,success,
mwp1IXI629-Guys-1095-MPRAGESEN_-sIXI62_-0301-00003-000001-01,D:\github\IOT_Project\dataset\mr_IXI_480i\mwp1IXI629-Guys-1095-MPRAGESEN_-sIXI62_-0301-00003-000001-01.nii,D:\github\IOT_Project\data\processed\volumes\train\mwp1IXI629-Guys-1095-MPRAGESEN_-sIXI62_-0301-00003-000001-01.npy,mr_IXI_480i,0,train,113.0,137.0,113.0,128.0,128.0,128.0,success,
mwp1IXI632-HH-2652-MADisoTFE1_-s3T245_-0301-00003-000001-01,D:\github\IOT_Project\dataset\mr_IXI_480i\mwp1IXI632-HH-2652-MADisoTFE1_-s3T245_-0301-00003-000001-01.nii,D:\github\IOT_Project\data\processed\volumes\train\mwp1IXI632-HH-2652-MADisoTFE1_-s3T245_-0301-00003-000001-01.npy,mr_IXI_480i,0,train,113.0,137.0,113.0,128.0,128.0,128.0,success,
mwp1IXI633-HH-2689-MADisoTFE1_-s3T247_-0301-00003-000001-01,D:\github\IOT_Project\dataset\mr_IXI_480i\mwp1IXI633-HH-2689-MADisoTFE1_-s3T247_-0301-00003-000001-01.nii,D:\github\IOT_Project\data\processed\volumes\train\mwp1IXI633-HH-2689-MADisoTFE1_-s3T247_-0301-00003-000001-01.npy,mr_IXI_480i,0,train,113.0,137.0,113.0,128.0,128.0,128.0,success,
mwp1IXI635-HH-2691-MADisoTFE1_-s3T247_-0301-00003-000001-01,D:\github\IOT_Project\dataset\mr_IXI_480i\mwp1IXI635-HH-2691-MADisoTFE1_-s3T247_-0301-00003-000001-01.nii,D:\github\IOT_Project\data\processed\volumes\train\mwp1IXI635-HH-2691-MADisoTFE1_-s3T247_-0301-00003-000001-01.npy,mr_IXI_480i,0,train,113.0,137.0,113.0,128.0,128.0,128.0,success,
mwp1IXI638-HH-2786-MADisoTFE1_-s3T253_-0301-00003-000001-01,D:\github\IOT_Project\dataset\mr_IXI_480i\mwp1IXI638-HH-2786-MADisoTFE1_-s3T253_-0301-00003-000001-01.nii,D:\github\IOT_Project\data\processed\volumes\train\mwp1IXI638-HH-2786-MADisoTFE1_-s3T253_-0301-00003-000001-01.npy,mr_IXI_480i,0,train,113.0,137.0,113.0,128.0,128.0,128.0,success,
mwp1IXI639-Guys-1088-MPRAGESEN_-s445_-0301-00003-000001-01,D:\github\IOT_Project\dataset\mr_IXI_480i\mwp1IXI639-Guys-1088-MPRAGESEN_-s445_-0301-00003-000001-01.nii,D:\github\IOT_Project\data\processed\volumes\train\mwp1IXI639-Guys-1088-MPRAGESEN_-s445_-0301-00003-000001-01.npy,mr_IXI_480i,0,train,113.0,137.0,113.0,128.0,128.0,128.0,success,
mwp1IXI640-Guys-1106-MPRAGESEN_-s452_-0301-00003-000001-01,D:\github\IOT_Project\dataset\mr_IXI_480i\mwp1IXI640-Guys-1106-MPRAGESEN_-s452_-0301-00003-000001-01.nii,D:\github\IOT_Project\data\processed\volumes\train\mwp1IXI640-Guys-1106-MPRAGESEN_-s452_-0301-00003-000001-01.npy,mr_IXI_480i,0,train,113.0,137.0,113.0,128.0,128.0,128.0,success,
mwp1IXI641-Guys-1105-MPRAGESEN_-s451_-0301-00003-000001-01,D:\github\IOT_Project\dataset\mr_IXI_480i\mwp1IXI641-Guys-1105-MPRAGESEN_-s451_-0301-00003-000001-01.nii,D:\github\IOT_Project\data\processed\volumes\train\mwp1IXI641-Guys-1105-MPRAGESEN_-s451_-0301-00003-000001-01.npy,mr_IXI_480i,0,train,113.0,137.0,113.0,128.0,128.0,128.0,success,
mwp1IXI648-Guys-1107-MPRAGESEN_-sIXI0648_-0301-00003-000001-01,D:\github\IOT_Project\dataset\mr_IXI_480i\mwp1IXI648-Guys-1107-MPRAGESEN_-sIXI0648_-0301-00003-000001-01.nii,D:\github\IOT_Project\data\processed\volumes\train\mwp1IXI648-Guys-1107-MPRAGESEN_-sIXI0648_-0301-00003-000001-01.npy,mr_IXI_480i,0,train,113.0,137.0,113.0,128.0,128.0,128.0,success,
mwp1IXI652-Guys-1116-MPRAGESEN_-s454_-0301-00003-000001-01,D:\github\IOT_Project\dataset\mr_IXI_480i\mwp1IXI652-Guys-1116-MPRAGESEN_-s454_-0301-00003-000001-01.nii,D:\github\IOT_Project\data\processed\volumes\train\mwp1IXI652-Guys-1116-MPRAGESEN_-s454_-0301-00003-000001-01.npy,mr_IXI_480i,0,train,113.0,137.0,113.0,128.0,128.0,128.0,success,
mwp1IXI662-Guys-1120-MPRAGESEN_-s455_-0301-00003-000001-01,D:\github\IOT_Project\dataset\mr_IXI_480i\mwp1IXI662-Guys-1120-MPRAGESEN_-s455_-0301-00003-000001-01.nii,D:\github\IOT_Project\data\processed\volumes\train\mwp1IXI662-Guys-1120-MPRAGESEN_-s455_-0301-00003-000001-01.npy,mr_IXI_480i,0,train,113.0,137.0,113.0,128.0,128.0,128.0,success,
mwp2IXI115-Guys-0738-T1,D:\github\IOT_Project\dataset\mr_IXI_480i\mwp2IXI115-Guys-0738-T1.nii,D:\github\IOT_Project\data\processed\volumes\train\mwp2IXI115-Guys-0738-T1.npy,mr_IXI_480i,0,train,113.0,137.0,113.0,128.0,128.0,128.0,success,
mwp2IXI116-Guys-0739-T1,D:\github\IOT_Project\dataset\mr_IXI_480i\mwp2IXI116-Guys-0739-T1.nii,D:\github\IOT_Project\data\processed\volumes\train\mwp2IXI116-Guys-0739-T1.npy,mr_IXI_480i,0,train,113.0,137.0,113.0,128.0,128.0,128.0,success,
mwp2IXI117-Guys-0763-T1,D:\github\IOT_Project\dataset\mr_IXI_480i\mwp2IXI117-Guys-0763-T1.nii,D:\github\IOT_Project\data\processed\volumes\train\mwp2IXI117-Guys-0763-T1.npy,mr_IXI_480i,0,train,113.0,137.0,113.0,128.0,128.0,128.0,success,
mwp2IXI119-Guys-0765-T1,D:\github\IOT_Project\dataset\mr_IXI_480i\mwp2IXI119-Guys-0765-T1.nii,D:\github\IOT_Project\data\processed\volumes\train\mwp2IXI119-Guys-0765-T1.npy,mr_IXI_480i,0,train,113.0,137.0,113.0,128.0,128.0,128.0,success,
mwp2IXI120-Guys-0766-T1,D:\github\IOT_Project\dataset\mr_IXI_480i\mwp2IXI120-Guys-0766-T1.nii,D:\github\IOT_Project\data\processed\volumes\train\mwp2IXI120-Guys-0766-T1.npy,mr_IXI_480i,0,train,113.0,137.0,113.0,128.0,128.0,128.0,success,
mwp2IXI126-HH-1437-T1,D:\github\IOT_Project\dataset\mr_IXI_480i\mwp2IXI126-HH-1437-T1.nii,D:\github\IOT_Project\data\processed\volumes\train\mwp2IXI126-HH-1437-T1.npy,mr_IXI_480i,0,train,113.0,137.0,113.0,128.0,128.0,128.0,success,
mwp2IXI127-HH-1451-T1,D:\github\IOT_Project\dataset\mr_IXI_480i\mwp2IXI127-HH-1451-T1.nii,D:\github\IOT_Project\data\processed\volumes\train\mwp2IXI127-HH-1451-T1.npy,mr_IXI_480i,0,train,113.0,137.0,113.0,128.0,128.0,128.0,success,
mwp2IXI128-HH-1470-T1,D:\github\IOT_Project\dataset\mr_IXI_480i\mwp2IXI128-HH-1470-T1.nii,D:\github\IOT_Project\data\processed\volumes\train\mwp2IXI128-HH-1470-T1.npy,mr_IXI_480i,0,train,113.0,137.0,113.0,128.0,128.0,128.0,success,
mwp2IXI130-HH-1528-T1,D:\github\IOT_Project\dataset\mr_IXI_480i\mwp2IXI130-HH-1528-T1.nii,D:\github\IOT_Project\data\processed\volumes\train\mwp2IXI130-HH-1528-T1.npy,mr_IXI_480i,0,train,113.0,137.0,113.0,128.0,128.0,128.0,success,
mwp2IXI131-HH-1527-T1,D:\github\IOT_Project\dataset\mr_IXI_480i\mwp2IXI131-HH-1527-T1.nii,D:\github\IOT_Project\data\processed\volumes\train\mwp2IXI131-HH-1527-T1.npy,mr_IXI_480i,0,train,113.0,137.0,113.0,128.0,128.0,128.0,success,
mwp2IXI132-HH-1415-T1,D:\github\IOT_Project\dataset\mr_IXI_480i\mwp2IXI132-HH-1415-T1.nii,D:\github\IOT_Project\data\processed\volumes\train\mwp2IXI132-HH-1415-T1.npy,mr_IXI_480i,0,train,113.0,137.0,113.0,128.0,128.0,128.0,success,
mwp2IXI135-Guys-0779-T1,D:\github\IOT_Project\dataset\mr_IXI_480i\mwp2IXI135-Guys-0779-T1.nii,D:\github\IOT_Project\data\processed\volumes\train\mwp2IXI135-Guys-0779-T1.npy,mr_IXI_480i,0,train,113.0,137.0,113.0,128.0,128.0,128.0,success,
mwp2IXI136-HH-1452-T1,D:\github\IOT_Project\dataset\mr_IXI_480i\mwp2IXI136-HH-1452-T1.nii,D:\github\IOT_Project\data\processed\volumes\train\mwp2IXI136-HH-1452-T1.npy,mr_IXI_480i,0,train,113.0,137.0,113.0,128.0,128.0,128.0,success,
mwp2IXI140-Guys-0787-T1,D:\github\IOT_Project\dataset\mr_IXI_480i\mwp2IXI140-Guys-0787-T1.nii,D:\github\IOT_Project\data\processed\volumes\train\mwp2IXI140-Guys-0787-T1.npy,mr_IXI_480i,0,train,113.0,137.0,113.0,128.0,128.0,128.0,success,
mwp2IXI141-Guys-0789-T1,D:\github\IOT_Project\dataset\mr_IXI_480i\mwp2IXI141-Guys-0789-T1.nii,D:\github\IOT_Project\data\processed\volumes\train\mwp2IXI141-Guys-0789-T1.npy,mr_IXI_480i,0,train,113.0,137.0,113.0,128.0,128.0,128.0,success,
mwp2IXI143-Guys-0785-T1,D:\github\IOT_Project\dataset\mr_IXI_480i\mwp2IXI143-Guys-0785-T1.nii,D:\github\IOT_Project\data\processed\volumes\train\mwp2IXI143-Guys-0785-T1.npy,mr_IXI_480i,0,train,113.0,137.0,113.0,128.0,128.0,128.0,success,
mwp2IXI144-Guys-0788-T1,D:\github\IOT_Project\dataset\mr_IXI_480i\mwp2IXI144-Guys-0788-T1.nii,D:\github\IOT_Project\data\processed\volumes\train\mwp2IXI144-Guys-0788-T1.npy,mr_IXI_480i,0,train,113.0,137.0,113.0,128.0,128.0,128.0,success,
mwp2IXI145-Guys-0781-T1,D:\github\IOT_Project\dataset\mr_IXI_480i\mwp2IXI145-Guys-0781-T1.nii,D:\github\IOT_Project\data\processed\volumes\train\mwp2IXI145-Guys-0781-T1.npy,mr_IXI_480i,0,train,113.0,137.0,113.0,128.0,128.0,128.0,success,
mwp2IXI146-HH-1389-T1,D:\github\IOT_Project\dataset\mr_IXI_480i\mwp2IXI146-HH-1389-T1.nii,D:\github\IOT_Project\data\processed\volumes\train\mwp2IXI146-HH-1389-T1.npy,mr_IXI_480i,0,train,113.0,137.0,113.0,128.0,128.0,128.0,success,
mwp2IXI148-HH-1453-T1,D:\github\IOT_Project\dataset\mr_IXI_480i\mwp2IXI148-HH-1453-T1.nii,D:\github\IOT_Project\data\processed\volumes\train\mwp2IXI148-HH-1453-T1.npy,mr_IXI_480i,0,train,113.0,137.0,113.0,128.0,128.0,128.0,success,
mwp2IXI150-HH-1550-T1,D:\github\IOT_Project\dataset\mr_IXI_480i\mwp2IXI150-HH-1550-T1.nii,D:\github\IOT_Project\data\processed\volumes\train\mwp2IXI150-HH-1550-T1.npy,mr_IXI_480i,0,train,113.0,137.0,113.0,128.0,128.0,128.0,success,
mwp2IXI151-Guys-0793-T1,D:\github\IOT_Project\dataset\mr_IXI_480i\mwp2IXI151-Guys-0793-T1.nii,D:\github\IOT_Project\data\processed\volumes\train\mwp2IXI151-Guys-0793-T1.npy,mr_IXI_480i,0,train,113.0,137.0,113.0,128.0,128.0,128.0,success,
mwp2IXI153-Guys-0782-IXI3DMPRAG_-s249_-0301-00003-000001-01,D:\github\IOT_Project\dataset\mr_IXI_480i\mwp2IXI153-Guys-0782-IXI3DMPRAG_-s249_-0301-00003-000001-01.nii,D:\github\IOT_Project\data\processed\volumes\train\mwp2IXI153-Guys-0782-IXI3DMPRAG_-s249_-0301-00003-000001-01.npy,mr_IXI_480i,0,train,113.0,137.0,113.0,128.0,128.0,128.0,success,
mwp2IXI156-Guys-0837-MPRAGESEN_-s259_-0301-00003-000001-01,D:\github\IOT_Project\dataset\mr_IXI_480i\mwp2IXI156-Guys-0837-MPRAGESEN_-s259_-0301-00003-000001-01.nii,D:\github\IOT_Project\data\processed\volumes\train\mwp2IXI156-Guys-0837-MPRAGESEN_-s259_-0301-00003-000001-01.npy,mr_IXI_480i,0,train,113.0,137.0,113.0,128.0,128.0,128.0,success,
mwp2IXI157-Guys-0816-MPRAGESEN_-s254_-0301-00003-000001-01,D:\github\IOT_Project\dataset\mr_IXI_480i\mwp2IXI157-Guys-0816-MPRAGESEN_-s254_-0301-00003-000001-01.nii,D:\github\IOT_Project\data\processed\volumes\train\mwp2IXI157-Guys-0816-MPRAGESEN_-s254_-0301-00003-000001-01.npy,mr_IXI_480i,0,train,113.0,137.0,113.0,128.0,128.0,128.0,success,
mwp2IXI158-Guys-0783-IXI3DMPRAG_-s249_-0301-00003-000001-01,D:\github\IOT_Project\dataset\mr_IXI_480i\mwp2IXI158-Guys-0783-IXI3DMPRAG_-s249_-0301-00003-000001-01.nii,D:\github\IOT_Project\data\processed\volumes\train\mwp2IXI158-Guys-0783-IXI3DMPRAG_-s249_-0301-00003-000001-01.npy,mr_IXI_480i,0,train,113.0,137.0,113.0,128.0,128.0,128.0,success,
mwp2IXI159-HH-1549-IXIMADisoTFE12_-s3T145_-0301-00003-000001-01,D:\github\IOT_Project\dataset\mr_IXI_480i\mwp2IXI159-HH-1549-IXIMADisoTFE12_-s3T145_-0301-00003-000001-01.nii,D:\github\IOT_Project\data\processed\volumes\train\mwp2IXI159-HH-1549-IXIMADisoTFE12_-s3T145_-0301-00003-000001-01.npy,mr_IXI_480i,0,train,113.0,137.0,113.0,128.0,128.0,128.0,success,
mwp2IXI160-HH-1637-IXIMADisoTFE12_-s3T154_-0301-00003-000001-01,D:\github\IOT_Project\dataset\mr_IXI_480i\mwp2IXI160-HH-1637-IXIMADisoTFE12_-s3T154_-0301-00003-000001-01.nii,D:\github\IOT_Project\data\processed\volumes\train\mwp2IXI160-HH-1637-IXIMADisoTFE12_-s3T154_-0301-00003-000001-01.npy,mr_IXI_480i,0,train,113.0,137.0,113.0,128.0,128.0,128.0,success,
mwp2IXI161-HH-2533-MADisoTFE1_-s3T238_-0301-00003-000001-01,D:\github\IOT_Project\dataset\mr_IXI_480i\mwp2IXI161-HH-2533-MADisoTFE1_-s3T238_-0301-00003-000001-01.nii,D:\github\IOT_Project\data\processed\volumes\train\mwp2IXI161-HH-2533-MADisoTFE1_-s3T238_-0301-00003-000001-01.npy,mr_IXI_480i,0,train,113.0,137.0,113.0,128.0,128.0,128.0,success,
mwp2IXI162-HH-1548-IXIMADisoTFE12_-s3T144_-0301-00003-000001-01,D:\github\IOT_Project\dataset\mr_IXI_480i\mwp2IXI162-HH-1548-IXIMADisoTFE12_-s3T144_-0301-00003-000001-01.nii,D:\github\IOT_Project\data\processed\volumes\train\mwp2IXI162-HH-1548-IXIMADisoTFE12_-s3T144_-0301-00003-000001-01.npy,mr_IXI_480i,0,train,113.0,137.0,113.0,128.0,128.0,128.0,success,
mwp2IXI164-Guys-0844-MPRAGESEN_-s260_-0301-00003-000001-01,D:\github\IOT_Project\dataset\mr_IXI_480i\mwp2IXI164-Guys-0844-MPRAGESEN_-s260_-0301-00003-000001-01.nii,D:\github\IOT_Project\data\processed\volumes\train\mwp2IXI164-Guys-0844-MPRAGESEN_-s260_-0301-00003-000001-01.npy,mr_IXI_480i,0,train,113.0,137.0,113.0,128.0,128.0,128.0,success,
mwp2IXI165-HH-1589-IXIMADisoTFE12_-s3T149_-0301-00003-000001-01,D:\github\IOT_Project\dataset\mr_IXI_480i\mwp2IXI165-HH-1589-IXIMADisoTFE12_-s3T149_-0301-00003-000001-01.nii,D:\github\IOT_Project\data\processed\volumes\train\mwp2IXI165-HH-1589-IXIMADisoTFE12_-s3T149_-0301-00003-000001-01.npy,mr_IXI_480i,0,train,113.0,137.0,113.0,128.0,128.0,128.0,success,
mwp2IXI167-HH-1569-IXIMADisoTFE12_-s3T147_-0301-00003-000001-01,D:\github\IOT_Project\dataset\mr_IXI_480i\mwp2IXI167-HH-1569-IXIMADisoTFE12_-s3T147_-0301-00003-000001-01.nii,D:\github\IOT_Project\data\processed\volumes\train\mwp2IXI167-HH-1569-IXIMADisoTFE12_-s3T147_-0301-00003-000001-01.npy,mr_IXI_480i,0,train,113.0,137.0,113.0,128.0,128.0,128.0,success,
mwp2IXI168-HH-1607-IXIMADisoTFE12_-s3T151_-0301-00003-000001-01,D:\github\IOT_Project\dataset\mr_IXI_480i\mwp2IXI168-HH-1607-IXIMADisoTFE12_-s3T151_-0301-00003-000001-01.nii,D:\github\IOT_Project\data\processed\volumes\train\mwp2IXI168-HH-1607-IXIMADisoTFE12_-s3T151_-0301-00003-000001-01.npy,mr_IXI_480i,0,train,113.0,137.0,113.0,128.0,128.0,128.0,success,
mwp2IXI170-Guys-0843-MPRAGESEN_-s260_-0401-00004-000001-01,D:\github\IOT_Project\dataset\mr_IXI_480i\mwp2IXI170-Guys-0843-MPRAGESEN_-s260_-0401-00004-000001-01.nii,D:\github\IOT_Project\data\processed\volumes\train\mwp2IXI170-Guys-0843-MPRAGESEN_-s260_-0401-00004-000001-01.npy,mr_IXI_480i,0,train,113.0,137.0,113.0,128.0,128.0,128.0,success,
mwp2IXI172-Guys-0982-MPRAGESEN_-s417_-0301-00003-000001-01,D:\github\IOT_Project\dataset\mr_IXI_480i\mwp2IXI172-Guys-0982-MPRAGESEN_-s417_-0301-00003-000001-01.nii,D:\github\IOT_Project\data\processed\volumes\train\mwp2IXI172-Guys-0982-MPRAGESEN_-s417_-0301-00003-000001-01.npy,mr_IXI_480i,0,train,113.0,137.0,113.0,128.0,128.0,128.0,success,
mwp2IXI173-HH-1590-IXIMADisoTFE12_-s3T149_-0301-00003-000001-01,D:\github\IOT_Project\dataset\mr_IXI_480i\mwp2IXI173-HH-1590-IXIMADisoTFE12_-s3T149_-0301-00003-000001-01.nii,D:\github\IOT_Project\data\processed\volumes\train\mwp2IXI173-HH-1590-IXIMADisoTFE12_-s3T149_-0301-00003-000001-01.npy,mr_IXI_480i,0,train,113.0,137.0,113.0,128.0,128.0,128.0,success,
mwp2IXI174-HH-1571-IXIMADisoTFE12_-s3T147_-0301-00003-000001-01,D:\github\IOT_Project\dataset\mr_IXI_480i\mwp2IXI174-HH-1571-IXIMADisoTFE12_-s3T147_-0301-00003-000001-01.nii,D:\github\IOT_Project\data\processed\volumes\train\mwp2IXI174-HH-1571-IXIMADisoTFE12_-s3T147_-0301-00003-000001-01.npy,mr_IXI_480i,0,train,113.0,137.0,113.0,128.0,128.0,128.0,success,
mwp2IXI175-HH-1570-IXIMADisoTFE12_-s3T147_-0301-00003-000001-01,D:\github\IOT_Project\dataset\mr_IXI_480i\mwp2IXI175-HH-1570-IXIMADisoTFE12_-s3T147_-0301-00003-000001-01.nii,D:\github\IOT_Project\data\processed\volumes\train\mwp2IXI175-HH-1570-IXIMADisoTFE12_-s3T147_-0301-00003-000001-01.npy,mr_IXI_480i,0,train,113.0,137.0,113.0,128.0,128.0,128.0,success,
mwp2IXI176-HH-1604-IXIMADisoTFE12_-s3T151_-0301-00003-000001-01,D:\github\IOT_Project\dataset\mr_IXI_480i\mwp2IXI176-HH-1604-IXIMADisoTFE12_-s3T151_-0301-00003-000001-01.nii,D:\github\IOT_Project\data\processed\volumes\train\mwp2IXI176-HH-1604-IXIMADisoTFE12_-s3T151_-0301-00003-000001-01.npy,mr_IXI_480i,0,train,113.0,137.0,113.0,128.0,128.0,128.0,success,
mwp2IXI177-Guys-0831-MPRAGESEN_-s257_-0301-00003-000001-01,D:\github\IOT_Project\dataset\mr_IXI_480i\mwp2IXI177-Guys-0831-MPRAGESEN_-s257_-0301-00003-000001-01.nii,D:\github\IOT_Project\data\processed\volumes\train\mwp2IXI177-Guys-0831-MPRAGESEN_-s257_-0301-00003-000001-01.npy,mr_IXI_480i,0,train,113.0,137.0,113.0,128.0,128.0,128.0,success,
mwp2IXI178-Guys-0778-IXI3DMPRAG_-s248_-0301-00003-000001-01,D:\github\IOT_Project\dataset\mr_IXI_480i\mwp2IXI178-Guys-0778-IXI3DMPRAG_-s248_-0301-00003-000001-01.nii,D:\github\IOT_Project\data\processed\volumes\train\mwp2IXI178-Guys-0778-IXI3DMPRAG_-s248_-0301-00003-000001-01.npy,mr_IXI_480i,0,train,113.0,137.0,113.0,128.0,128.0,128.0,success,
mwp2IXI179-Guys-0777-IXI3DMPRAG_-s247_-0401-00004-000001-01,D:\github\IOT_Project\dataset\mr_IXI_480i\mwp2IXI179-Guys-0777-IXI3DMPRAG_-s247_-0401-00004-000001-01.nii,D:\github\IOT_Project\data\processed\volumes\train\mwp2IXI179-Guys-0777-IXI3DMPRAG_-s247_-0401-00004-000001-01.npy,mr_IXI_480i,0,train,113.0,137.0,113.0,128.0,128.0,128.0,success,
mwp2IXI180-HH-1605-IXIMADisoTFE12_-s3T151_-0301-00003-000001-01,D:\github\IOT_Project\dataset\mr_IXI_480i\mwp2IXI180-HH-1605-IXIMADisoTFE12_-s3T151_-0301-00003-000001-01.nii,D:\github\IOT_Project\data\processed\volumes\train\mwp2IXI180-HH-1605-IXIMADisoTFE12_-s3T151_-0301-00003-000001-01.npy,mr_IXI_480i,0,train,113.0,137.0,113.0,128.0,128.0,128.0,success,
mwp2IXI182-Guys-0792-MPRAGESEN_-s251_-0301-00003-000001-01,D:\github\IOT_Project\dataset\mr_IXI_480i\mwp2IXI182-Guys-0792-MPRAGESEN_-s251_-0301-00003-000001-01.nii,D:\github\IOT_Project\data\processed\volumes\train\mwp2IXI182-Guys-0792-MPRAGESEN_-s251_-0301-00003-000001-01.npy,mr_IXI_480i,0,train,113.0,137.0,113.0,128.0,128.0,128.0,success,
mwp2IXI185-Guys-0795-MPRAGESEN_-s252_-0301-00003-000001-01,D:\github\IOT_Project\dataset\mr_IXI_480i\mwp2IXI185-Guys-0795-MPRAGESEN_-s252_-0301-00003-000001-01.nii,D:\github\IOT_Project\data\processed\volumes\train\mwp2IXI185-Guys-0795-MPRAGESEN_-s252_-0301-00003-000001-01.npy,mr_IXI_480i,0,train,113.0,137.0,113.0,128.0,128.0,128.0,success,
mwp2IXI186-Guys-0796-MPRAGESEN_-s252_-0301-00003-000001-01,D:\github\IOT_Project\dataset\mr_IXI_480i\mwp2IXI186-Guys-0796-MPRAGESEN_-s252_-0301-00003-000001-01.nii,D:\github\IOT_Project\data\processed\volumes\train\mwp2IXI186-Guys-0796-MPRAGESEN_-s252_-0301-00003-000001-01.npy,mr_IXI_480i,0,train,113.0,137.0,113.0,128.0,128.0,128.0,success,
mwp2IXI193-Guys-0810-MPRAGESEN_-s254_-0401-00004-000001-01,D:\github\IOT_Project\dataset\mr_IXI_480i\mwp2IXI193-Guys-0810-MPRAGESEN_-s254_-0401-00004-000001-01.nii,D:\github\IOT_Project\data\processed\volumes\train\mwp2IXI193-Guys-0810-MPRAGESEN_-s254_-0401-00004-000001-01.npy,mr_IXI_480i,0,train,113.0,137.0,113.0,128.0,128.0,128.0,success,
mwp2IXI195-HH-1620-IXIMADisoTFE12_-s3T152_-0301-00003-000001-01,D:\github\IOT_Project\dataset\mr_IXI_480i\mwp2IXI195-HH-1620-IXIMADisoTFE12_-s3T152_-0301-00003-000001-01.nii,D:\github\IOT_Project\data\processed\volumes\train\mwp2IXI195-HH-1620-IXIMADisoTFE12_-s3T152_-0301-00003-000001-01.npy,mr_IXI_480i,0,train,113.0,137.0,113.0,128.0,128.0,128.0,success,
mwp2IXI196-Guys-0805-MPRAGESEN_-s253_-0301-00003-000001-01,D:\github\IOT_Project\dataset\mr_IXI_480i\mwp2IXI196-Guys-0805-MPRAGESEN_-s253_-0301-00003-000001-01.nii,D:\github\IOT_Project\data\processed\volumes\train\mwp2IXI196-Guys-0805-MPRAGESEN_-s253_-0301-00003-000001-01.npy,mr_IXI_480i,0,train,113.0,137.0,113.0,128.0,128.0,128.0,success,
mwp2IXI198-Guys-0803-MPRAGESEN_-s253_-0301-00003-000001-01,D:\github\IOT_Project\dataset\mr_IXI_480i\mwp2IXI198-Guys-0803-MPRAGESEN_-s253_-0301-00003-000001-01.nii,D:\github\IOT_Project\data\processed\volumes\train\mwp2IXI198-Guys-0803-MPRAGESEN_-s253_-0301-00003-000001-01.npy,mr_IXI_480i,0,train,113.0,137.0,113.0,128.0,128.0,128.0,success,
mwp2IXI199-Guys-0802-MPRAGESEN_-s253_-0301-00003-000001-01,D:\github\IOT_Project\dataset\mr_IXI_480i\mwp2IXI199-Guys-0802-MPRAGESEN_-s253_-0301-00003-000001-01.nii,D:\github\IOT_Project\data\processed\volumes\train\mwp2IXI199-Guys-0802-MPRAGESEN_-s253_-0301-00003-000001-01.npy,mr_IXI_480i,0,train,113.0,137.0,113.0,128.0,128.0,128.0,success,
mwp2IXI200-Guys-0812-MPRAGESEN_-s254_-0401-00004-000001-01,D:\github\IOT_Project\dataset\mr_IXI_480i\mwp2IXI200-Guys-0812-MPRAGESEN_-s254_-0401-00004-000001-01.nii,D:\github\IOT_Project\data\processed\volumes\train\mwp2IXI200-Guys-0812-MPRAGESEN_-s254_-0401-00004-000001-01.npy,mr_IXI_480i,0,train,113.0,137.0,113.0,128.0,128.0,128.0,success,
mwp2IXI201-HH-1588-IXIMADisoTFE12_-s3T149_-0301-00003-000001-01,D:\github\IOT_Project\dataset\mr_IXI_480i\mwp2IXI201-HH-1588-IXIMADisoTFE12_-s3T149_-0301-00003-000001-01.nii,D:\github\IOT_Project\data\processed\volumes\train\mwp2IXI201-HH-1588-IXIMADisoTFE12_-s3T149_-0301-00003-000001-01.npy,mr_IXI_480i,0,train,113.0,137.0,113.0,128.0,128.0,128.0,success,
mwp2IXI205-HH-1649-IXIMADisoTFE12_-s3T155_-0301-00003-000001-01,D:\github\IOT_Project\dataset\mr_IXI_480i\mwp2IXI205-HH-1649-IXIMADisoTFE12_-s3T155_-0301-00003-000001-01.nii,D:\github\IOT_Project\data\processed\volumes\train\mwp2IXI205-HH-1649-IXIMADisoTFE12_-s3T155_-0301-00003-000001-01.npy,mr_IXI_480i,0,train,113.0,137.0,113.0,128.0,128.0,128.0,success,
mwp2IXI209-Guys-0804-MPRAGESEN_-s253_-0301-00003-000001-01,D:\github\IOT_Project\dataset\mr_IXI_480i\mwp2IXI209-Guys-0804-MPRAGESEN_-s253_-0301-00003-000001-01.nii,D:\github\IOT_Project\data\processed\volumes\train\mwp2IXI209-Guys-0804-MPRAGESEN_-s253_-0301-00003-000001-01.npy,mr_IXI_480i,0,train,113.0,137.0,113.0,128.0,128.0,128.0,success,
mwp2IXI210-Guys-0856-MPRAGESEN_-s295_-0301-00003-000001-01,D:\github\IOT_Project\dataset\mr_IXI_480i\mwp2IXI210-Guys-0856-MPRAGESEN_-s295_-0301-00003-000001-01.nii,D:\github\IOT_Project\data\processed\volumes\train\mwp2IXI210-Guys-0856-MPRAGESEN_-s295_-0301-00003-000001-01.npy,mr_IXI_480i,0,train,113.0,137.0,113.0,128.0,128.0,128.0,success,
mwp2IXI211-HH-1568-IXIMADisoTFE12_-s3T147_-0301-00003-000001-01,D:\github\IOT_Project\dataset\mr_IXI_480i\mwp2IXI211-HH-1568-IXIMADisoTFE12_-s3T147_-0301-00003-000001-01.nii,D:\github\IOT_Project\data\processed\volumes\train\mwp2IXI211-HH-1568-IXIMADisoTFE12_-s3T147_-0301-00003-000001-01.npy,mr_IXI_480i,0,train,113.0,137.0,113.0,128.0,128.0,128.0,success,
mwp2IXI212-HH-1643-IXIMADisoTFE12_-s3T155_-0301-00003-000001-01,D:\github\IOT_Project\dataset\mr_IXI_480i\mwp2IXI212-HH-1643-IXIMADisoTFE12_-s3T155_-0301-00003-000001-01.nii,D:\github\IOT_Project\data\processed\volumes\train\mwp2IXI212-HH-1643-IXIMADisoTFE12_-s3T155_-0301-00003-000001-01.npy,mr_IXI_480i,0,train,113.0,137.0,113.0,128.0,128.0,128.0,success,
mwp2IXI213-HH-1642-IXIMADisoTFE12_-s3T155_-0301-00003-000001-01,D:\github\IOT_Project\dataset\mr_IXI_480i\mwp2IXI213-HH-1642-IXIMADisoTFE12_-s3T155_-0301-00003-000001-01.nii,D:\github\IOT_Project\data\processed\volumes\train\mwp2IXI213-HH-1642-IXIMADisoTFE12_-s3T155_-0301-00003-000001-01.npy,mr_IXI_480i,0,train,113.0,137.0,113.0,128.0,128.0,128.0,success,
mwp2IXI214-HH-1636-IXIMADisoTFE12_-s3T154_-0301-00003-000001-01,D:\github\IOT_Project\dataset\mr_IXI_480i\mwp2IXI214-HH-1636-IXIMADisoTFE12_-s3T154_-0301-00003-000001-01.nii,D:\github\IOT_Project\data\processed\volumes\train\mwp2IXI214-HH-1636-IXIMADisoTFE12_-s3T154_-0301-00003-000001-01.npy,mr_IXI_480i,0,train,113.0,137.0,113.0,128.0,128.0,128.0,success,
mwp2IXI216-HH-1635-IXIMADisoTFE12_-s3T154_-0301-00003-000001-01,D:\github\IOT_Project\dataset\mr_IXI_480i\mwp2IXI216-HH-1635-IXIMADisoTFE12_-s3T154_-0301-00003-000001-01.nii,D:\github\IOT_Project\data\processed\volumes\train\mwp2IXI216-HH-1635-IXIMADisoTFE12_-s3T154_-0301-00003-000001-01.npy,mr_IXI_480i,0,train,113.0,137.0,113.0,128.0,128.0,128.0,success,
mwp2IXI218-HH-1815-MADisoTFE1_-s3T171_-0301-00003-000001-01,D:\github\IOT_Project\dataset\mr_IXI_480i\mwp2IXI218-HH-1815-MADisoTFE1_-s3T171_-0301-00003-000001-01.nii,D:\github\IOT_Project\data\processed\volumes\train\mwp2IXI218-HH-1815-MADisoTFE1_-s3T171_-0301-00003-000001-01.npy,mr_IXI_480i,0,train,113.0,137.0,113.0,128.0,128.0,128.0,success,
mwp2IXI219-Guys-0894-MPRAGESEN_-s304_-0301-00003-000001-01,D:\github\IOT_Project\dataset\mr_IXI_480i\mwp2IXI219-Guys-0894-MPRAGESEN_-s304_-0301-00003-000001-01.nii,D:\github\IOT_Project\data\processed\volumes\train\mwp2IXI219-Guys-0894-MPRAGESEN_-s304_-0301-00003-000001-01.npy,mr_IXI_480i,0,train,113.0,137.0,113.0,128.0,128.0,128.0,success,
mwp2IXI221-HH-1606-IXIMADisoTFE12_-s3T151_-0301-00003-000001-01,D:\github\IOT_Project\dataset\mr_IXI_480i\mwp2IXI221-HH-1606-IXIMADisoTFE12_-s3T151_-0301-00003-000001-01.nii,D:\github\IOT_Project\data\processed\volumes\train\mwp2IXI221-HH-1606-IXIMADisoTFE12_-s3T151_-0301-00003-000001-01.npy,mr_IXI_480i,0,train,113.0,137.0,113.0,128.0,128.0,128.0,success,
mwp2IXI224-Guys-0823-MPRAGESEN_-s255_-0301-00003-000001-01,D:\github\IOT_Project\dataset\mr_IXI_480i\mwp2IXI224-Guys-0823-MPRAGESEN_-s255_-0301-00003-000001-01.nii,D:\github\IOT_Project\data\processed\volumes\train\mwp2IXI224-Guys-0823-MPRAGESEN_-s255_-0301-00003-000001-01.npy,mr_IXI_480i,0,train,113.0,137.0,113.0,128.0,128.0,128.0,success,
mwp2IXI227-Guys-0813-MPRAGESEN_-s254_-0301-00003-000001-01,D:\github\IOT_Project\dataset\mr_IXI_480i\mwp2IXI227-Guys-0813-MPRAGESEN_-s254_-0301-00003-000001-01.nii,D:\github\IOT_Project\data\processed\volumes\train\mwp2IXI227-Guys-0813-MPRAGESEN_-s254_-0301-00003-000001-01.npy,mr_IXI_480i,0,train,113.0,137.0,113.0,128.0,128.0,128.0,success,
mwp2IXI228-Guys-0822-MPRAGESEN_-s255_-0301-00003-000001-01,D:\github\IOT_Project\dataset\mr_IXI_480i\mwp2IXI228-Guys-0822-MPRAGESEN_-s255_-0301-00003-000001-01.nii,D:\github\IOT_Project\data\processed\volumes\train\mwp2IXI228-Guys-0822-MPRAGESEN_-s255_-0301-00003-000001-01.npy,mr_IXI_480i,0,train,113.0,137.0,113.0,128.0,128.0,128.0,success,
mwp2IXI229-Guys-0980-MPRAGESEN_-s416_-0301-00003-000001-01,D:\github\IOT_Project\dataset\mr_IXI_480i\mwp2IXI229-Guys-0980-MPRAGESEN_-s416_-0301-00003-000001-01.nii,D:\github\IOT_Project\data\processed\volumes\train\mwp2IXI229-Guys-0980-MPRAGESEN_-s416_-0301-00003-000001-01.npy,mr_IXI_480i,0,train,113.0,137.0,113.0,128.0,128.0,128.0,success,
mwp2IXI231-IOP-0866-SAGFSPGR_-sIXI23_-0003-00001-000001-01,D:\github\IOT_Project\dataset\mr_IXI_480i\mwp2IXI231-IOP-0866-SAGFSPGR_-sIXI23_-0003-00001-000001-01.nii,D:\github\IOT_Project\data\processed\volumes\train\mwp2IXI231-IOP-0866-SAGFSPGR_-sIXI23_-0003-00001-000001-01.npy,mr_IXI_480i,0,train,113.0,137.0,113.0,128.0,128.0,128.0,success,
mwp2IXI233-IOP-0875-SAGFSPGR_-sIXI23_-0003-00001-000001-01,D:\github\IOT_Project\dataset\mr_IXI_480i\mwp2IXI233-IOP-0875-SAGFSPGR_-sIXI23_-0003-00001-000001-01.nii,D:\github\IOT_Project\data\processed\volumes\train\mwp2IXI233-IOP-0875-SAGFSPGR_-sIXI23_-0003-00001-000001-01.npy,mr_IXI_480i,0,train,113.0,137.0,113.0,128.0,128.0,128.0,success,
mwp2IXI234-IOP-0870-SAGFSPGR_-sIXI23_-0003-00001-000001-01,D:\github\IOT_Project\dataset\mr_IXI_480i\mwp2IXI234-IOP-0870-SAGFSPGR_-sIXI23_-0003-00001-000001-01.nii,D:\github\IOT_Project\data\processed\volumes\train\mwp2IXI234-IOP-0870-SAGFSPGR_-sIXI23_-0003-00001-000001-01.npy,mr_IXI_480i,0,train,113.0,137.0,113.0,128.0,128.0,128.0,success,
mwp2IXI236-Guys-0817-MPRAGESEN_-s254_-0301-00003-000001-01,D:\github\IOT_Project\dataset\mr_IXI_480i\mwp2IXI236-Guys-0817-MPRAGESEN_-s254_-0301-00003-000001-01.nii,D:\github\IOT_Project\data\processed\volumes\train\mwp2IXI236-Guys-0817-MPRAGESEN_-s254_-0301-00003-000001-01.npy,mr_IXI_480i,0,train,113.0,137.0,113.0,128.0,128.0,128.0,success,
mwp2IXI238-IOP-0883-SAGFSPGR_-sIXI23_-0003-00001-000001-01,D:\github\IOT_Project\dataset\mr_IXI_480i\mwp2IXI238-IOP-0883-SAGFSPGR_-sIXI23_-0003-00001-000001-01.nii,D:\github\IOT_Project\data\processed\volumes\train\mwp2IXI238-IOP-0883-SAGFSPGR_-sIXI23_-0003-00001-000001-01.npy,mr_IXI_480i,0,train,113.0,137.0,113.0,128.0,128.0,128.0,success,
mwp2IXI241-Guys-0833-MPRAGESEN_-s257_-0301-00003-000001-01,D:\github\IOT_Project\dataset\mr_IXI_480i\mwp2IXI241-Guys-0833-MPRAGESEN_-s257_-0301-00003-000001-01.nii,D:\github\IOT_Project\data\processed\volumes\train\mwp2IXI241-Guys-0833-MPRAGESEN_-s257_-0301-00003-000001-01.npy,mr_IXI_480i,0,train,113.0,137.0,113.0,128.0,128.0,128.0,success,
mwp2IXI242-HH-1722-MADisoTFE1_-s3T164_-0301-00003-000001-01,D:\github\IOT_Project\dataset\mr_IXI_480i\mwp2IXI242-HH-1722-MADisoTFE1_-s3T164_-0301-00003-000001-01.nii,D:\github\IOT_Project\data\processed\volumes\train\mwp2IXI242-HH-1722-MADisoTFE1_-s3T164_-0301-00003-000001-01.npy,mr_IXI_480i,0,train,113.0,137.0,113.0,128.0,128.0,128.0,success,
mwp2IXI248-HH-1972-MADisoTFE1_-s3T188_-0301-00003-000001-01,D:\github\IOT_Project\dataset\mr_IXI_480i\mwp2IXI248-HH-1972-MADisoTFE1_-s3T188_-0301-00003-000001-01.nii,D:\github\IOT_Project\data\processed\volumes\train\mwp2IXI248-HH-1972-MADisoTFE1_-s3T188_-0301-00003-000001-01.npy,mr_IXI_480i,0,train,113.0,137.0,113.0,128.0,128.0,128.0,success,
mwp2IXI249-Guys-1072-MPRAGESEN_-sIXI24_-0301-00003-000001-01,D:\github\IOT_Project\dataset\mr_IXI_480i\mwp2IXI249-Guys-1072-MPRAGESEN_-sIXI24_-0301-00003-000001-01.nii,D:\github\IOT_Project\data\processed\volumes\train\mwp2IXI249-Guys-1072-MPRAGESEN_-sIXI24_-0301-00003-000001-01.npy,mr_IXI_480i,0,train,113.0,137.0,113.0,128.0,128.0,128.0,success,
mwp2IXI250-Guys-0836-MPRAGESEN_-s259_-0301-00003-000001-01,D:\github\IOT_Project\dataset\mr_IXI_480i\mwp2IXI250-Guys-0836-MPRAGESEN_-s259_-0301-00003-000001-01.nii,D:\github\IOT_Project\data\processed\volumes\train\mwp2IXI250-Guys-0836-MPRAGESEN_-s259_-0301-00003-000001-01.npy,mr_IXI_480i,0,train,113.0,137.0,113.0,128.0,128.0,128.0,success,
mwp2IXI251-Guys-1055-MPRAGESEN_-s426_-0301-00003-000001-01,D:\github\IOT_Project\dataset\mr_IXI_480i\mwp2IXI251-Guys-1055-MPRAGESEN_-s426_-0301-00003-000001-01.nii,D:\github\IOT_Project\data\processed\volumes\train\mwp2IXI251-Guys-1055-MPRAGESEN_-s426_-0301-00003-000001-01.npy,mr_IXI_480i,0,train,113.0,137.0,113.0,128.0,128.0,128.0,success,
mwp2IXI252-HH-1693-MADisoTFE1_-s3T160_-0301-00003-000001-01,D:\github\IOT_Project\dataset\mr_IXI_480i\mwp2IXI252-HH-1693-MADisoTFE1_-s3T160_-0301-00003-000001-01.nii,D:\github\IOT_Project\data\processed\volumes\train\mwp2IXI252-HH-1693-MADisoTFE1_-s3T160_-0301-00003-000001-01.npy,mr_IXI_480i,0,train,113.0,137.0,113.0,128.0,128.0,128.0,success,
mwp2IXI253-HH-1694-MADisoTFE1_-s3T161_-0301-00003-000001-01,D:\github\IOT_Project\dataset\mr_IXI_480i\mwp2IXI253-HH-1694-MADisoTFE1_-s3T161_-0301-00003-000001-01.nii,D:\github\IOT_Project\data\processed\volumes\train\mwp2IXI253-HH-1694-MADisoTFE1_-s3T161_-0301-00003-000001-01.npy,mr_IXI_480i,0,train,113.0,137.0,113.0,128.0,128.0,128.0,success,
mwp2IXI254-HH-1705-MADisoTFE1_-s3T162_-0301-00003-000001-01,D:\github\IOT_Project\dataset\mr_IXI_480i\mwp2IXI254-HH-1705-MADisoTFE1_-s3T162_-0301-00003-000001-01.nii,D:\github\IOT_Project\data\processed\volumes\train\mwp2IXI254-HH-1705-MADisoTFE1_-s3T162_-0301-00003-000001-01.npy,mr_IXI_480i,0,train,113.0,137.0,113.0,128.0,128.0,128.0,success,
mwp2IXI255-HH-1882-MADisoTFE1_-s3T178_-0301-00003-000001-01,D:\github\IOT_Project\dataset\mr_IXI_480i\mwp2IXI255-HH-1882-MADisoTFE1_-s3T178_-0301-00003-000001-01.nii,D:\github\IOT_Project\data\processed\volumes\train\mwp2IXI255-HH-1882-MADisoTFE1_-s3T178_-0301-00003-000001-01.npy,mr_IXI_480i,0,train,113.0,137.0,113.0,128.0,128.0,128.0,success,
mwp2IXI256-HH-1723-MADisoTFE1_-s3T164_-0301-00003-000001-01,D:\github\IOT_Project\dataset\mr_IXI_480i\mwp2IXI256-HH-1723-MADisoTFE1_-s3T164_-0301-00003-000001-01.nii,D:\github\IOT_Project\data\processed\volumes\train\mwp2IXI256-HH-1723-MADisoTFE1_-s3T164_-0301-00003-000001-01.npy,mr_IXI_480i,0,train,113.0,137.0,113.0,128.0,128.0,128.0,success,
mwp2IXI258-HH-1769-MADisoTFE1_-s3T168_-0301-00003-000001-01,D:\github\IOT_Project\dataset\mr_IXI_480i\mwp2IXI258-HH-1769-MADisoTFE1_-s3T168_-0301-00003-000001-01.nii,D:\github\IOT_Project\data\processed\volumes\train\mwp2IXI258-HH-1769-MADisoTFE1_-s3T168_-0301-00003-000001-01.npy,mr_IXI_480i,0,train,113.0,137.0,113.0,128.0,128.0,128.0,success,
mwp2IXI259-HH-1804-MADisoTFE1_-s3T170_-0301-00003-000001-01,D:\github\IOT_Project\dataset\mr_IXI_480i\mwp2IXI259-HH-1804-MADisoTFE1_-s3T170_-0301-00003-000001-01.nii,D:\github\IOT_Project\data\processed\volumes\train\mwp2IXI259-HH-1804-MADisoTFE1_-s3T170_-0301-00003-000001-01.npy,mr_IXI_480i,0,train,113.0,137.0,113.0,128.0,128.0,128.0,success,
mwp2IXI260-HH-1805-MADisoTFE1_-s3T170_-0301-00003-000001-01,D:\github\IOT_Project\dataset\mr_IXI_480i\mwp2IXI260-HH-1805-MADisoTFE1_-s3T170_-0301-00003-000001-01.nii,D:\github\IOT_Project\data\processed\volumes\train\mwp2IXI260-HH-1805-MADisoTFE1_-s3T170_-0301-00003-000001-01.npy,mr_IXI_480i,0,train,113.0,137.0,113.0,128.0,128.0,128.0,success,
mwp2IXI262-HH-1861-MADisoTFE1_-s3T176_-0301-00003-000001-01,D:\github\IOT_Project\dataset\mr_IXI_480i\mwp2IXI262-HH-1861-MADisoTFE1_-s3T176_-0301-00003-000001-01.nii,D:\github\IOT_Project\data\processed\volumes\train\mwp2IXI262-HH-1861-MADisoTFE1_-s3T176_-0301-00003-000001-01.npy,mr_IXI_480i,0,train,113.0,137.0,113.0,128.0,128.0,128.0,success,
mwp2IXI263-HH-1684-MADisoTFE1_-s3T159_-0301-00003-000001-01,D:\github\IOT_Project\dataset\mr_IXI_480i\mwp2IXI263-HH-1684-MADisoTFE1_-s3T159_-0301-00003-000001-01.nii,D:\github\IOT_Project\data\processed\volumes\train\mwp2IXI263-HH-1684-MADisoTFE1_-s3T159_-0301-00003-000001-01.npy,mr_IXI_480i,0,train,113.0,137.0,113.0,128.0,128.0,128.0,success,
mwp2IXI264-Guys-0854-MPRAGESEN_-s294_-0301-00003-000001-01,D:\github\IOT_Project\dataset\mr_IXI_480i\mwp2IXI264-Guys-0854-MPRAGESEN_-s294_-0301-00003-000001-01.nii,D:\github\IOT_Project\data\processed\volumes\train\mwp2IXI264-Guys-0854-MPRAGESEN_-s294_-0301-00003-000001-01.npy,mr_IXI_480i,0,train,113.0,137.0,113.0,128.0,128.0,128.0,success,
mwp2IXI265-Guys-0845-MPRAGESEN_-s262_-0301-00003-000001-01,D:\github\IOT_Project\dataset\mr_IXI_480i\mwp2IXI265-Guys-0845-MPRAGESEN_-s262_-0301-00003-000001-01.nii,D:\github\IOT_Project\data\processed\volumes\train\mwp2IXI265-Guys-0845-MPRAGESEN_-s262_-0301-00003-000001-01.npy,mr_IXI_480i,0,train,113.0,137.0,113.0,128.0,128.0,128.0,success,
mwp2IXI266-Guys-0853-MPRAGESEN_-s294_-0301-00003-000001-01,D:\github\IOT_Project\dataset\mr_IXI_480i\mwp2IXI266-Guys-0853-MPRAGESEN_-s294_-0301-00003-000001-01.nii,D:\github\IOT_Project\data\processed\volumes\train\mwp2IXI266-Guys-0853-MPRAGESEN_-s294_-0301-00003-000001-01.npy,mr_IXI_480i,0,train,113.0,137.0,113.0,128.0,128.0,128.0,success,
mwp2IXI267-HH-1772-MADisoTFE1_-s3T168_-0301-00003-000001-01,D:\github\IOT_Project\dataset\mr_IXI_480i\mwp2IXI267-HH-1772-MADisoTFE1_-s3T168_-0301-00003-000001-01.nii,D:\github\IOT_Project\data\processed\volumes\train\mwp2IXI267-HH-1772-MADisoTFE1_-s3T168_-0301-00003-000001-01.npy,mr_IXI_480i,0,train,113.0,137.0,113.0,128.0,128.0,128.0,success,
mwp2IXI268-Guys-0858-MPRAGESEN_-s296_-0301-00003-000001-01,D:\github\IOT_Project\dataset\mr_IXI_480i\mwp2IXI268-Guys-0858-MPRAGESEN_-s296_-0301-00003-000001-01.nii,D:\github\IOT_Project\data\processed\volumes\train\mwp2IXI268-Guys-0858-MPRAGESEN_-s296_-0301-00003-000001-01.npy,mr_IXI_480i,0,train,113.0,137.0,113.0,128.0,128.0,128.0,success,
mwp2IXI269-Guys-0839-MPRAGESEN_-s259_-0301-00003-000001-01,D:\github\IOT_Project\dataset\mr_IXI_480i\mwp2IXI269-Guys-0839-MPRAGESEN_-s259_-0301-00003-000001-01.nii,D:\github\IOT_Project\data\processed\volumes\train\mwp2IXI269-Guys-0839-MPRAGESEN_-s259_-0301-00003-000001-01.npy,mr_IXI_480i,0,train,113.0,137.0,113.0,128.0,128.0,128.0,success,
mwp2IXI270-Guys-0847-MPRAGESEN_-s263_-0401-00004-000001-01,D:\github\IOT_Project\dataset\mr_IXI_480i\mwp2IXI270-Guys-0847-MPRAGESEN_-s263_-0401-00004-000001-01.nii,D:\github\IOT_Project\data\processed\volumes\train\mwp2IXI270-Guys-0847-MPRAGESEN_-s263_-0401-00004-000001-01.npy,mr_IXI_480i,0,train,113.0,137.0,113.0,128.0,128.0,128.0,success,
mwp2IXI274-HH-2294-MADisoTFE1_-s3T223_-0301-00003-000001-01,D:\github\IOT_Project\dataset\mr_IXI_480i\mwp2IXI274-HH-2294-MADisoTFE1_-s3T223_-0301-00003-000001-01.nii,D:\github\IOT_Project\data\processed\volumes\train\mwp2IXI274-HH-2294-MADisoTFE1_-s3T223_-0301-00003-000001-01.npy,mr_IXI_480i,0,train,113.0,137.0,113.0,128.0,128.0,128.0,success,
mwp2IXI275-HH-1803-MADisoTFE1_-s3T170_-0401-00004-000001-01,D:\github\IOT_Project\dataset\mr_IXI_480i\mwp2IXI275-HH-1803-MADisoTFE1_-s3T170_-0401-00004-000001-01.nii,D:\github\IOT_Project\data\processed\volumes\train\mwp2IXI275-HH-1803-MADisoTFE1_-s3T170_-0401-00004-000001-01.npy,mr_IXI_480i,0,train,113.0,137.0,113.0,128.0,128.0,128.0,success,
mwp2IXI276-HH-1840-MADisoTFE1_-s3T174_-0401-00004-000001-01,D:\github\IOT_Project\dataset\mr_IXI_480i\mwp2IXI276-HH-1840-MADisoTFE1_-s3T174_-0401-00004-000001-01.nii,D:\github\IOT_Project\data\processed\volumes\train\mwp2IXI276-HH-1840-MADisoTFE1_-s3T174_-0401-00004-000001-01.npy,mr_IXI_480i,0,train,113.0,137.0,113.0,128.0,128.0,128.0,success,
mwp2IXI277-HH-1770-MADisoTFE1_-s3T168_-0301-00003-000001-01,D:\github\IOT_Project\dataset\mr_IXI_480i\mwp2IXI277-HH-1770-MADisoTFE1_-s3T168_-0301-00003-000001-01.nii,D:\github\IOT_Project\data\processed\volumes\train\mwp2IXI277-HH-1770-MADisoTFE1_-s3T168_-0301-00003-000001-01.npy,mr_IXI_480i,0,train,113.0,137.0,113.0,128.0,128.0,128.0,success,
mwp2IXI278-HH-1771-MADisoTFE1_-s3T168_-0301-00003-000001-01,D:\github\IOT_Project\dataset\mr_IXI_480i\mwp2IXI278-HH-1771-MADisoTFE1_-s3T168_-0301-00003-000001-01.nii,D:\github\IOT_Project\data\processed\volumes\train\mwp2IXI278-HH-1771-MADisoTFE1_-s3T168_-0301-00003-000001-01.npy,mr_IXI_480i,0,train,113.0,137.0,113.0,128.0,128.0,128.0,success,
mwp2IXI279-Guys-1044-MPRAGESEN_-s295_-0301-00003-000001-01,D:\github\IOT_Project\dataset\mr_IXI_480i\mwp2IXI279-Guys-1044-MPRAGESEN_-s295_-0301-00003-000001-01.nii,D:\github\IOT_Project\data\processed\volumes\train\mwp2IXI279-Guys-1044-MPRAGESEN_-s295_-0301-00003-000001-01.npy,mr_IXI_480i,0,train,113.0,137.0,113.0,128.0,128.0,128.0,success,
mwp2IXI282-HH-2025-MADisoTFE1_-s3T193_-0301-00003-000001-01,D:\github\IOT_Project\dataset\mr_IXI_480i\mwp2IXI282-HH-2025-MADisoTFE1_-s3T193_-0301-00003-000001-01.nii,D:\github\IOT_Project\data\processed\volumes\train\mwp2IXI282-HH-2025-MADisoTFE1_-s3T193_-0301-00003-000001-01.npy,mr_IXI_480i,0,train,113.0,137.0,113.0,128.0,128.0,128.0,success,
mwp2IXI284-HH-2354-MADisoTFE1_-s3T227_-0301-00003-000001-01,D:\github\IOT_Project\dataset\mr_IXI_480i\mwp2IXI284-HH-2354-MADisoTFE1_-s3T227_-0301-00003-000001-01.nii,D:\github\IOT_Project\data\processed\volumes\train\mwp2IXI284-HH-2354-MADisoTFE1_-s3T227_-0301-00003-000001-01.npy,mr_IXI_480i,0,train,113.0,137.0,113.0,128.0,128.0,128.0,success,
mwp2IXI285-Guys-0857-MPRAGESEN_-s295_-0301-00003-000001-01,D:\github\IOT_Project\dataset\mr_IXI_480i\mwp2IXI285-Guys-0857-MPRAGESEN_-s295_-0301-00003-000001-01.nii,D:\github\IOT_Project\data\processed\volumes\train\mwp2IXI285-Guys-0857-MPRAGESEN_-s295_-0301-00003-000001-01.npy,mr_IXI_480i,0,train,113.0,137.0,113.0,128.0,128.0,128.0,success,
mwp2IXI286-Guys-0859-MPRAGESEN_-s296_-0301-00003-000001-01,D:\github\IOT_Project\dataset\mr_IXI_480i\mwp2IXI286-Guys-0859-MPRAGESEN_-s296_-0301-00003-000001-01.nii,D:\github\IOT_Project\data\processed\volumes\train\mwp2IXI286-Guys-0859-MPRAGESEN_-s296_-0301-00003-000001-01.npy,mr_IXI_480i,0,train,113.0,137.0,113.0,128.0,128.0,128.0,success,
mwp2IXI287-Guys-0863-MPRAGESEN_-s298_-0301-00003-000001-01,D:\github\IOT_Project\dataset\mr_IXI_480i\mwp2IXI287-Guys-0863-MPRAGESEN_-s298_-0301-00003-000001-01.nii,D:\github\IOT_Project\data\processed\volumes\train\mwp2IXI287-Guys-0863-MPRAGESEN_-s298_-0301-00003-000001-01.npy,mr_IXI_480i,0,train,113.0,137.0,113.0,128.0,128.0,128.0,success,
mwp2IXI289-Guys-0864-MPRAGESEN_-s298_-0301-00003-000001-01,D:\github\IOT_Project\dataset\mr_IXI_480i\mwp2IXI289-Guys-0864-MPRAGESEN_-s298_-0301-00003-000001-01.nii,D:\github\IOT_Project\data\processed\volumes\train\mwp2IXI289-Guys-0864-MPRAGESEN_-s298_-0301-00003-000001-01.npy,mr_IXI_480i,0,train,113.0,137.0,113.0,128.0,128.0,128.0,success,
mwp2IXI290-IOP-0874-SAGFSPGR_-sIXI29_-0003-00001-000001-01,D:\github\IOT_Project\dataset\mr_IXI_480i\mwp2IXI290-IOP-0874-SAGFSPGR_-sIXI29_-0003-00001-000001-01.nii,D:\github\IOT_Project\data\processed\volumes\train\mwp2IXI290-IOP-0874-SAGFSPGR_-sIXI29_-0003-00001-000001-01.npy,mr_IXI_480i,0,train,113.0,137.0,113.0,128.0,128.0,128.0,success,
mwp2IXI291-IOP-0882-SAGFSPGR_-sIXI29_-0003-00001-000001-01,D:\github\IOT_Project\dataset\mr_IXI_480i\mwp2IXI291-IOP-0882-SAGFSPGR_-sIXI29_-0003-00001-000001-01.nii,D:\github\IOT_Project\data\processed\volumes\train\mwp2IXI291-IOP-0882-SAGFSPGR_-sIXI29_-0003-00001-000001-01.npy,mr_IXI_480i,0,train,113.0,137.0,113.0,128.0,128.0,128.0,success,
mwp2IXI293-IOP-0876-SAGFSPGR_-sIXI29_-0003-00001-000001-01,D:\github\IOT_Project\dataset\mr_IXI_480i\mwp2IXI293-IOP-0876-SAGFSPGR_-sIXI29_-0003-00001-000001-01.nii,D:\github\IOT_Project\data\processed\volumes\train\mwp2IXI293-IOP-0876-SAGFSPGR_-sIXI29_-0003-00001-000001-01.npy,mr_IXI_480i,0,train,113.0,137.0,113.0,128.0,128.0,128.0,success,
mwp2IXI294-IOP-0868-SAGFSPGR_-sIXI29_-0003-00001-000001-01,D:\github\IOT_Project\dataset\mr_IXI_480i\mwp2IXI294-IOP-0868-SAGFSPGR_-sIXI29_-0003-00001-000001-01.nii,D:\github\IOT_Project\data\processed\volumes\train\mwp2IXI294-IOP-0868-SAGFSPGR_-sIXI29_-0003-00001-000001-01.npy,mr_IXI_480i,0,train,113.0,137.0,113.0,128.0,128.0,128.0,success,
mwp2IXI296-HH-1970-MADisoTFE1_-s3T188_-0301-00003-000001-01,D:\github\IOT_Project\dataset\mr_IXI_480i\mwp2IXI296-HH-1970-MADisoTFE1_-s3T188_-0301-00003-000001-01.nii,D:\github\IOT_Project\data\processed\volumes\train\mwp2IXI296-HH-1970-MADisoTFE1_-s3T188_-0301-00003-000001-01.npy,mr_IXI_480i,0,train,113.0,137.0,113.0,128.0,128.0,128.0,success,
mwp2IXI299-Guys-0893-MPRAGESEN_-s304_-0301-00003-000001-01,D:\github\IOT_Project\dataset\mr_IXI_480i\mwp2IXI299-Guys-0893-MPRAGESEN_-s304_-0301-00003-000001-01.nii,D:\github\IOT_Project\data\processed\volumes\train\mwp2IXI299-Guys-0893-MPRAGESEN_-s304_-0301-00003-000001-01.npy,mr_IXI_480i,0,train,113.0,137.0,113.0,128.0,128.0,128.0,success,
mwp2IXI300-Guys-0880-MPRAGESEN_-s299_-0301-00003-000001-01,D:\github\IOT_Project\dataset\mr_IXI_480i\mwp2IXI300-Guys-0880-MPRAGESEN_-s299_-0301-00003-000001-01.nii,D:\github\IOT_Project\data\processed\volumes\train\mwp2IXI300-Guys-0880-MPRAGESEN_-s299_-0301-00003-000001-01.npy,mr_IXI_480i,0,train,113.0,137.0,113.0,128.0,128.0,128.0,success,
mwp2IXI302-HH-1883-MADisoTFE1_-s3T178_-0301-00003-000001-01,D:\github\IOT_Project\dataset\mr_IXI_480i\mwp2IXI302-HH-1883-MADisoTFE1_-s3T178_-0301-00003-000001-01.nii,D:\github\IOT_Project\data\processed\volumes\train\mwp2IXI302-HH-1883-MADisoTFE1_-s3T178_-0301-00003-000001-01.npy,mr_IXI_480i,0,train,113.0,137.0,113.0,128.0,128.0,128.0,success,
mwp2IXI310-IOP-0890-SAGFSPGR_-sIXI31_-0003-00001-000001-01,D:\github\IOT_Project\dataset\mr_IXI_480i\mwp2IXI310-IOP-0890-SAGFSPGR_-sIXI31_-0003-00001-000001-01.nii,D:\github\IOT_Project\data\processed\volumes\train\mwp2IXI310-IOP-0890-SAGFSPGR_-sIXI31_-0003-00001-000001-01.npy,mr_IXI_480i,0,train,113.0,137.0,113.0,128.0,128.0,128.0,success,
mwp2IXI311-Guys-0885-MPRAGESEN_-s302_-0301-00003-000001-01,D:\github\IOT_Project\dataset\mr_IXI_480i\mwp2IXI311-Guys-0885-MPRAGESEN_-s302_-0301-00003-000001-01.nii,D:\github\IOT_Project\data\processed\volumes\train\mwp2IXI311-Guys-0885-MPRAGESEN_-s302_-0301-00003-000001-01.npy,mr_IXI_480i,0,train,113.0,137.0,113.0,128.0,128.0,128.0,success,
mwp2IXI312-Guys-0887-MPRAGESEN_-s302_-0301-00003-000001-01,D:\github\IOT_Project\dataset\mr_IXI_480i\mwp2IXI312-Guys-0887-MPRAGESEN_-s302_-0301-00003-000001-01.nii,D:\github\IOT_Project\data\processed\volumes\train\mwp2IXI312-Guys-0887-MPRAGESEN_-s302_-0301-00003-000001-01.npy,mr_IXI_480i,0,train,113.0,137.0,113.0,128.0,128.0,128.0,success,
mwp2IXI319-Guys-0901-MPRAGESEN_-s306_-0301-00003-000001-01,D:\github\IOT_Project\dataset\mr_IXI_480i\mwp2IXI319-Guys-0901-MPRAGESEN_-s306_-0301-00003-000001-01.nii,D:\github\IOT_Project\data\processed\volumes\train\mwp2IXI319-Guys-0901-MPRAGESEN_-s306_-0301-00003-000001-01.npy,mr_IXI_480i,0,train,113.0,137.0,113.0,128.0,128.0,128.0,success,
mwp2IXI328-HH-2295-MADisoTFE1_-s3T223_-0301-00003-000001-01,D:\github\IOT_Project\dataset\mr_IXI_480i\mwp2IXI328-HH-2295-MADisoTFE1_-s3T223_-0301-00003-000001-01.nii,D:\github\IOT_Project\data\processed\volumes\train\mwp2IXI328-HH-2295-MADisoTFE1_-s3T223_-0301-00003-000001-01.npy,mr_IXI_480i,0,train,113.0,137.0,113.0,128.0,128.0,128.0,success,
mwp2IXI329-HH-1908-MADisoTFE1_-s3T181_-0301-00003-000001-01,D:\github\IOT_Project\dataset\mr_IXI_480i\mwp2IXI329-HH-1908-MADisoTFE1_-s3T181_-0301-00003-000001-01.nii,D:\github\IOT_Project\data\processed\volumes\train\mwp2IXI329-HH-1908-MADisoTFE1_-s3T181_-0301-00003-000001-01.npy,mr_IXI_480i,0,train,113.0,137.0,113.0,128.0,128.0,128.0,success,
mwp2IXI435-IOP-1040-SAGFSPGR_-sIXI43_-0003-00001-000001-01,D:\github\IOT_Project\dataset\mr_IXI_480i\mwp2IXI435-IOP-1040-SAGFSPGR_-sIXI43_-0003-00001-000001-01.nii,D:\github\IOT_Project\data\processed\volumes\train\mwp2IXI435-IOP-1040-SAGFSPGR_-sIXI43_-0003-00001-000001-01.npy,mr_IXI_480i,0,train,113.0,137.0,113.0,128.0,128.0,128.0,success,
mwp2IXI436-HH-2153-MADisoTFE1_-s3T207_-0301-00003-000001-01,D:\github\IOT_Project\dataset\mr_IXI_480i\mwp2IXI436-HH-2153-MADisoTFE1_-s3T207_-0301-00003-000001-01.nii,D:\github\IOT_Project\data\processed\volumes\train\mwp2IXI436-HH-2153-MADisoTFE1_-s3T207_-0301-00003-000001-01.npy,mr_IXI_480i,0,train,113.0,137.0,113.0,128.0,128.0,128.0,success,
mwp2IXI437-HH-2152-MADisoTFE1_-s3T207_-0301-00003-000001-01,D:\github\IOT_Project\dataset\mr_IXI_480i\mwp2IXI437-HH-2152-MADisoTFE1_-s3T207_-0301-00003-000001-01.nii,D:\github\IOT_Project\data\processed\volumes\train\mwp2IXI437-HH-2152-MADisoTFE1_-s3T207_-0301-00003-000001-01.npy,mr_IXI_480i,0,train,113.0,137.0,113.0,128.0,128.0,128.0,success,
mwp2IXI438-HH-2155-MADisoTFE1_-s3T207_-0301-00003-000001-01,D:\github\IOT_Project\dataset\mr_IXI_480i\mwp2IXI438-HH-2155-MADisoTFE1_-s3T207_-0301-00003-000001-01.nii,D:\github\IOT_Project\data\processed\volumes\train\mwp2IXI438-HH-2155-MADisoTFE1_-s3T207_-0301-00003-000001-01.npy,mr_IXI_480i,0,train,113.0,137.0,113.0,128.0,128.0,128.0,success,
mwp2IXI439-HH-2114-MADisoTFE1_-s3T203_-0301-00003-000001-01,D:\github\IOT_Project\dataset\mr_IXI_480i\mwp2IXI439-HH-2114-MADisoTFE1_-s3T203_-0301-00003-000001-01.nii,D:\github\IOT_Project\data\processed\volumes\train\mwp2IXI439-HH-2114-MADisoTFE1_-s3T203_-0301-00003-000001-01.npy,mr_IXI_480i,0,train,113.0,137.0,113.0,128.0,128.0,128.0,success,
mwp2IXI440-HH-2127-MADisoTFE1_-s3T204_-0301-00003-000001-01,D:\github\IOT_Project\dataset\mr_IXI_480i\mwp2IXI440-HH-2127-MADisoTFE1_-s3T204_-0301-00003-000001-01.nii,D:\github\IOT_Project\data\processed\volumes\train\mwp2IXI440-HH-2127-MADisoTFE1_-s3T204_-0301-00003-000001-01.npy,mr_IXI_480i,0,train,113.0,137.0,113.0,128.0,128.0,128.0,success,
mwp2IXI442-IOP-1041-SAGFSPGR_-sIXI44_-0003-00001-000001-01,D:\github\IOT_Project\dataset\mr_IXI_480i\mwp2IXI442-IOP-1041-SAGFSPGR_-sIXI44_-0003-00001-000001-01.nii,D:\github\IOT_Project\data\processed\volumes\train\mwp2IXI442-IOP-1041-SAGFSPGR_-sIXI44_-0003-00001-000001-01.npy,mr_IXI_480i,0,train,113.0,137.0,113.0,128.0,128.0,128.0,success,
mwp2IXI443-HH-2215-MADisoTFE1_-s3T216_-0301-00003-000001-01,D:\github\IOT_Project\dataset\mr_IXI_480i\mwp2IXI443-HH-2215-MADisoTFE1_-s3T216_-0301-00003-000001-01.nii,D:\github\IOT_Project\data\processed\volumes\train\mwp2IXI443-HH-2215-MADisoTFE1_-s3T216_-0301-00003-000001-01.npy,mr_IXI_480i,0,train,113.0,137.0,113.0,128.0,128.0,128.0,success,
mwp2IXI444-HH-2270-MADisoTFE1_-s3T221_-0301-00003-000001-01,D:\github\IOT_Project\dataset\mr_IXI_480i\mwp2IXI444-HH-2270-MADisoTFE1_-s3T221_-0301-00003-000001-01.nii,D:\github\IOT_Project\data\processed\volumes\train\mwp2IXI444-HH-2270-MADisoTFE1_-s3T221_-0301-00003-000001-01.npy,mr_IXI_480i,0,train,113.0,137.0,113.0,128.0,128.0,128.0,success,
mwp2IXI445-HH-2269-MADisoTFE1_-s3T221_-0301-00003-000001-01,D:\github\IOT_Project\dataset\mr_IXI_480i\mwp2IXI445-HH-2269-MADisoTFE1_-s3T221_-0301-00003-000001-01.nii,D:\github\IOT_Project\data\processed\volumes\train\mwp2IXI445-HH-2269-MADisoTFE1_-s3T221_-0301-00003-000001-01.npy,mr_IXI_480i,0,train,113.0,137.0,113.0,128.0,128.0,128.0,success,
mwp2IXI447-Guys-0979-MPRAGESEN_-s416_-0301-00003-000001-01,D:\github\IOT_Project\dataset\mr_IXI_480i\mwp2IXI447-Guys-0979-MPRAGESEN_-s416_-0301-00003-000001-01.nii,D:\github\IOT_Project\data\processed\volumes\train\mwp2IXI447-Guys-0979-MPRAGESEN_-s416_-0301-00003-000001-01.npy,mr_IXI_480i,0,train,113.0,137.0,113.0,128.0,128.0,128.0,success,
mwp2IXI448-HH-2393-MADisoTFE1_-s3T231_-0301-00003-000001-01,D:\github\IOT_Project\dataset\mr_IXI_480i\mwp2IXI448-HH-2393-MADisoTFE1_-s3T231_-0301-00003-000001-01.nii,D:\github\IOT_Project\data\processed\volumes\train\mwp2IXI448-HH-2393-MADisoTFE1_-s3T231_-0301-00003-000001-01.npy,mr_IXI_480i,0,train,113.0,137.0,113.0,128.0,128.0,128.0,success,
mwp2IXI450-Guys-1093-MPRAGESEN_-s447_-0301-00003-000001-01,D:\github\IOT_Project\dataset\mr_IXI_480i\mwp2IXI450-Guys-1093-MPRAGESEN_-s447_-0301-00003-000001-01.nii,D:\github\IOT_Project\data\processed\volumes\train\mwp2IXI450-Guys-1093-MPRAGESEN_-s447_-0301-00003-000001-01.npy,mr_IXI_480i,0,train,113.0,137.0,113.0,128.0,128.0,128.0,success,
mwp2IXI451-HH-2212-MADisoTFE1_-s3T216_-0301-00003-000001-01,D:\github\IOT_Project\dataset\mr_IXI_480i\mwp2IXI451-HH-2212-MADisoTFE1_-s3T216_-0301-00003-000001-01.nii,D:\github\IOT_Project\data\processed\volumes\train\mwp2IXI451-HH-2212-MADisoTFE1_-s3T216_-0301-00003-000001-01.npy,mr_IXI_480i,0,train,113.0,137.0,113.0,128.0,128.0,128.0,success,
mwp2IXI452-HH-2213-MADisoTFE1_-s3T216_-0301-00003-000001-01,D:\github\IOT_Project\dataset\mr_IXI_480i\mwp2IXI452-HH-2213-MADisoTFE1_-s3T216_-0301-00003-000001-01.nii,D:\github\IOT_Project\data\processed\volumes\train\mwp2IXI452-HH-2213-MADisoTFE1_-s3T216_-0301-00003-000001-01.npy,mr_IXI_480i,0,train,113.0,137.0,113.0,128.0,128.0,128.0,success,
mwp2IXI453-HH-2214-MADisoTFE1_-s3T216_-0301-00003-000001-01,D:\github\IOT_Project\dataset\mr_IXI_480i\mwp2IXI453-HH-2214-MADisoTFE1_-s3T216_-0301-00003-000001-01.nii,D:\github\IOT_Project\data\processed\volumes\train\mwp2IXI453-HH-2214-MADisoTFE1_-s3T216_-0301-00003-000001-01.npy,mr_IXI_480i,0,train,113.0,137.0,113.0,128.0,128.0,128.0,success,
mwp2IXI454-Guys-1083-MPRAGESEN_-sIXI45_-0301-00003-000001-01,D:\github\IOT_Project\dataset\mr_IXI_480i\mwp2IXI454-Guys-1083-MPRAGESEN_-sIXI45_-0301-00003-000001-01.nii,D:\github\IOT_Project\data\processed\volumes\train\mwp2IXI454-Guys-1083-MPRAGESEN_-sIXI45_-0301-00003-000001-01.npy,mr_IXI_480i,0,train,113.0,137.0,113.0,128.0,128.0,128.0,success,
mwp2IXI455-Guys-0981-MPRAGESEN_-s416_-0301-00003-000001-01,D:\github\IOT_Project\dataset\mr_IXI_480i\mwp2IXI455-Guys-0981-MPRAGESEN_-s416_-0301-00003-000001-01.nii,D:\github\IOT_Project\data\processed\volumes\train\mwp2IXI455-Guys-0981-MPRAGESEN_-s416_-0301-00003-000001-01.npy,mr_IXI_480i,0,train,113.0,137.0,113.0,128.0,128.0,128.0,success,
mwp2IXI456-Guys-1019-MPRAGESEN_-s423_-0301-00003-000001-01,D:\github\IOT_Project\dataset\mr_IXI_480i\mwp2IXI456-Guys-1019-MPRAGESEN_-s423_-0301-00003-000001-01.nii,D:\github\IOT_Project\data\processed\volumes\train\mwp2IXI456-Guys-1019-MPRAGESEN_-s423_-0301-00003-000001-01.npy,mr_IXI_480i,0,train,113.0,137.0,113.0,128.0,128.0,128.0,success,
mwp2IXI459-Guys-0992-MPRAGESEN_-s418_-0601-00006-000001-01,D:\github\IOT_Project\dataset\mr_IXI_480i\mwp2IXI459-Guys-0992-MPRAGESEN_-s418_-0601-00006-000001-01.nii,D:\github\IOT_Project\data\processed\volumes\train\mwp2IXI459-Guys-0992-MPRAGESEN_-s418_-0601-00006-000001-01.npy,mr_IXI_480i,0,train,113.0,137.0,113.0,128.0,128.0,128.0,success,
mwp2IXI460-Guys-0999-MPRAGESEN_-s419_-0301-00003-000001-01,D:\github\IOT_Project\dataset\mr_IXI_480i\mwp2IXI460-Guys-0999-MPRAGESEN_-s419_-0301-00003-000001-01.nii,D:\github\IOT_Project\data\processed\volumes\train\mwp2IXI460-Guys-0999-MPRAGESEN_-s419_-0301-00003-000001-01.npy,mr_IXI_480i,0,train,113.0,137.0,113.0,128.0,128.0,128.0,success,
mwp2IXI461-Guys-0998-MPRAGESEN_-s419_-0301-00003-000001-01,D:\github\IOT_Project\dataset\mr_IXI_480i\mwp2IXI461-Guys-0998-MPRAGESEN_-s419_-0301-00003-000001-01.nii,D:\github\IOT_Project\data\processed\volumes\train\mwp2IXI461-Guys-0998-MPRAGESEN_-s419_-0301-00003-000001-01.npy,mr_IXI_480i,0,train,113.0,137.0,113.0,128.0,128.0,128.0,success,
mwp2IXI463-IOP-1043-SAGFSPGR_-sIXI46_-0003-00001-000001-01,D:\github\IOT_Project\dataset\mr_IXI_480i\mwp2IXI463-IOP-1043-SAGFSPGR_-sIXI46_-0003-00001-000001-01.nii,D:\github\IOT_Project\data\processed\volumes\train\mwp2IXI463-IOP-1043-SAGFSPGR_-sIXI46_-0003-00001-000001-01.npy,mr_IXI_480i,0,train,113.0,137.0,113.0,128.0,128.0,128.0,success,
mwp2IXI464-IOP-1029-SAGFSPGR_-sIXI46_-0003-00001-000001-01,D:\github\IOT_Project\dataset\mr_IXI_480i\mwp2IXI464-IOP-1029-SAGFSPGR_-sIXI46_-0003-00001-000001-01.nii,D:\github\IOT_Project\data\processed\volumes\train\mwp2IXI464-IOP-1029-SAGFSPGR_-sIXI46_-0003-00001-000001-01.npy,mr_IXI_480i,0,train,113.0,137.0,113.0,128.0,128.0,128.0,success,
mwp2IXI465-HH-2176-MADisoTFE1_-s3T208_-0301-00003-000001-01,D:\github\IOT_Project\dataset\mr_IXI_480i\mwp2IXI465-HH-2176-MADisoTFE1_-s3T208_-0301-00003-000001-01.nii,D:\github\IOT_Project\data\processed\volumes\train\mwp2IXI465-HH-2176-MADisoTFE1_-s3T208_-0301-00003-000001-01.npy,mr_IXI_480i,0,train,113.0,137.0,113.0,128.0,128.0,128.0,success,
mwp2IXI467-Guys-0983-MPRAGESEN_-s417_-0301-00003-000001-01,D:\github\IOT_Project\dataset\mr_IXI_480i\mwp2IXI467-Guys-0983-MPRAGESEN_-s417_-0301-00003-000001-01.nii,D:\github\IOT_Project\data\processed\volumes\train\mwp2IXI467-Guys-0983-MPRAGESEN_-s417_-0301-00003-000001-01.npy,mr_IXI_480i,0,train,113.0,137.0,113.0,128.0,128.0,128.0,success,
mwp2IXI468-Guys-0985-MPRAGESEN_-s417_-0301-00003-000001-01,D:\github\IOT_Project\dataset\mr_IXI_480i\mwp2IXI468-Guys-0985-MPRAGESEN_-s417_-0301-00003-000001-01.nii,D:\github\IOT_Project\data\processed\volumes\train\mwp2IXI468-Guys-0985-MPRAGESEN_-s417_-0301-00003-000001-01.npy,mr_IXI_480i,0,train,113.0,137.0,113.0,128.0,128.0,128.0,success,
mwp2IXI469-IOP-1136-SAGFSPGR_-sIXI46_-0005-00001-000001-01,D:\github\IOT_Project\dataset\mr_IXI_480i\mwp2IXI469-IOP-1136-SAGFSPGR_-sIXI46_-0005-00001-000001-01.nii,D:\github\IOT_Project\data\processed\volumes\train\mwp2IXI469-IOP-1136-SAGFSPGR_-sIXI46_-0005-00001-000001-01.npy,mr_IXI_480i,0,train,113.0,137.0,113.0,128.0,128.0,128.0,success,
mwp2IXI475-IOP-1139-SAGFSPGR_-sIXI47_-0003-00001-000001-01,D:\github\IOT_Project\dataset\mr_IXI_480i\mwp2IXI475-IOP-1139-SAGFSPGR_-sIXI47_-0003-00001-000001-01.nii,D:\github\IOT_Project\data\processed\volumes\train\mwp2IXI475-IOP-1139-SAGFSPGR_-sIXI47_-0003-00001-000001-01.npy,mr_IXI_480i,0,train,113.0,137.0,113.0,128.0,128.0,128.0,success,
mwp2IXI476-IOP-1140-SAGFSPGR_-sIXI47_-0003-00001-000001-01,D:\github\IOT_Project\dataset\mr_IXI_480i\mwp2IXI476-IOP-1140-SAGFSPGR_-sIXI47_-0003-00001-000001-01.nii,D:\github\IOT_Project\data\processed\volumes\train\mwp2IXI476-IOP-1140-SAGFSPGR_-sIXI47_-0003-00001-000001-01.npy,mr_IXI_480i,0,train,113.0,137.0,113.0,128.0,128.0,128.0,success,
mwp2IXI478-IOP-1142-SAGFSPGR_-sIXI47_-0003-00001-000001-01,D:\github\IOT_Project\dataset\mr_IXI_480i\mwp2IXI478-IOP-1142-SAGFSPGR_-sIXI47_-0003-00001-000001-01.nii,D:\github\IOT_Project\data\processed\volumes\train\mwp2IXI478-IOP-1142-SAGFSPGR_-sIXI47_-0003-00001-000001-01.npy,mr_IXI_480i,0,train,113.0,137.0,113.0,128.0,128.0,128.0,success,
mwp2IXI480-Guys-1033-MPRAGESEN_-s425_-0301-00003-000001-01,D:\github\IOT_Project\dataset\mr_IXI_480i\mwp2IXI480-Guys-1033-MPRAGESEN_-s425_-0301-00003-000001-01.nii,D:\github\IOT_Project\data\processed\volumes\train\mwp2IXI480-Guys-1033-MPRAGESEN_-s425_-0301-00003-000001-01.npy,mr_IXI_480i,0,train,113.0,137.0,113.0,128.0,128.0,128.0,success,
mwp2IXI481-HH-2175-MADisoTFE1_-s3T208_-0301-00003-000001-01,D:\github\IOT_Project\dataset\mr_IXI_480i\mwp2IXI481-HH-2175-MADisoTFE1_-s3T208_-0301-00003-000001-01.nii,D:\github\IOT_Project\data\processed\volumes\train\mwp2IXI481-HH-2175-MADisoTFE1_-s3T208_-0301-00003-000001-01.npy,mr_IXI_480i,0,train,113.0,137.0,113.0,128.0,128.0,128.0,success,
mwp2IXI482-HH-2178-MADisoTFE1_-s3T211_-0301-00003-000001-01,D:\github\IOT_Project\dataset\mr_IXI_480i\mwp2IXI482-HH-2178-MADisoTFE1_-s3T211_-0301-00003-000001-01.nii,D:\github\IOT_Project\data\processed\volumes\train\mwp2IXI482-HH-2178-MADisoTFE1_-s3T211_-0301-00003-000001-01.npy,mr_IXI_480i,0,train,113.0,137.0,113.0,128.0,128.0,128.0,success,
mwp2IXI483-HH-2177-MADisoTFE1_-s3T211_-0301-00003-000001-01,D:\github\IOT_Project\dataset\mr_IXI_480i\mwp2IXI483-HH-2177-MADisoTFE1_-s3T211_-0301-00003-000001-01.nii,D:\github\IOT_Project\data\processed\volumes\train\mwp2IXI483-HH-2177-MADisoTFE1_-s3T211_-0301-00003-000001-01.npy,mr_IXI_480i,0,train,113.0,137.0,113.0,128.0,128.0,128.0,success,
mwp2IXI484-HH-2179-MADisoTFE1_-s3T211_-0301-00003-000001-01,D:\github\IOT_Project\dataset\mr_IXI_480i\mwp2IXI484-HH-2179-MADisoTFE1_-s3T211_-0301-00003-000001-01.nii,D:\github\IOT_Project\data\processed\volumes\train\mwp2IXI484-HH-2179-MADisoTFE1_-s3T211_-0301-00003-000001-01.npy,mr_IXI_480i,0,train,113.0,137.0,113.0,128.0,128.0,128.0,success,
mwp2IXI485-HH-2180-MADisoTFE1_-s3T221_-0301-00003-000001-01,D:\github\IOT_Project\dataset\mr_IXI_480i\mwp2IXI485-HH-2180-MADisoTFE1_-s3T221_-0301-00003-000001-01.nii,D:\github\IOT_Project\data\processed\volumes\train\mwp2IXI485-HH-2180-MADisoTFE1_-s3T221_-0301-00003-000001-01.npy,mr_IXI_480i,0,train,113.0,137.0,113.0,128.0,128.0,128.0,success,
mwp2IXI486-Guys-1005-MPRAGESEN_-s420_-0301-00003-000001-01,D:\github\IOT_Project\dataset\mr_IXI_480i\mwp2IXI486-Guys-1005-MPRAGESEN_-s420_-0301-00003-000001-01.nii,D:\github\IOT_Project\data\processed\volumes\train\mwp2IXI486-Guys-1005-MPRAGESEN_-s420_-0301-00003-000001-01.npy,mr_IXI_480i,0,train,113.0,137.0,113.0,128.0,128.0,128.0,success,
mwp2IXI487-Guys-1037-MPRAGESEN_-s425_-0301-00003-000001-01,D:\github\IOT_Project\dataset\mr_IXI_480i\mwp2IXI487-Guys-1037-MPRAGESEN_-s425_-0301-00003-000001-01.nii,D:\github\IOT_Project\data\processed\volumes\train\mwp2IXI487-Guys-1037-MPRAGESEN_-s425_-0301-00003-000001-01.npy,mr_IXI_480i,0,train,113.0,137.0,113.0,128.0,128.0,128.0,success,
mwp2IXI488-Guys-1015-MPRAGESEN_-s421_-0301-00003-000001-01,D:\github\IOT_Project\dataset\mr_IXI_480i\mwp2IXI488-Guys-1015-MPRAGESEN_-s421_-0301-00003-000001-01.nii,D:\github\IOT_Project\data\processed\volumes\train\mwp2IXI488-Guys-1015-MPRAGESEN_-s421_-0301-00003-000001-01.npy,mr_IXI_480i,0,train,113.0,137.0,113.0,128.0,128.0,128.0,success,
mwp2IXI489-Guys-1014-MPRAGESEN_-s421_-0301-00003-000001-01,D:\github\IOT_Project\dataset\mr_IXI_480i\mwp2IXI489-Guys-1014-MPRAGESEN_-s421_-0301-00003-000001-01.nii,D:\github\IOT_Project\data\processed\volumes\train\mwp2IXI489-Guys-1014-MPRAGESEN_-s421_-0301-00003-000001-01.npy,mr_IXI_480i,0,train,113.0,137.0,113.0,128.0,128.0,128.0,success,
mwp2IXI491-Guys-1032-MPRAGESEN_-s425_-0401-00004-000001-01,D:\github\IOT_Project\dataset\mr_IXI_480i\mwp2IXI491-Guys-1032-MPRAGESEN_-s425_-0401-00004-000001-01.nii,D:\github\IOT_Project\data\processed\volumes\train\mwp2IXI491-Guys-1032-MPRAGESEN_-s425_-0401-00004-000001-01.npy,mr_IXI_480i,0,train,113.0,137.0,113.0,128.0,128.0,128.0,success,
mwp2IXI492-Guys-1022-MPRAGESEN_-s423_-0301-00003-000001-01,D:\github\IOT_Project\dataset\mr_IXI_480i\mwp2IXI492-Guys-1022-MPRAGESEN_-s423_-0301-00003-000001-01.nii,D:\github\IOT_Project\data\processed\volumes\train\mwp2IXI492-Guys-1022-MPRAGESEN_-s423_-0301-00003-000001-01.npy,mr_IXI_480i,0,train,113.0,137.0,113.0,128.0,128.0,128.0,success,
mwp2IXI493-Guys-1007-MPRAGESEN_-s420_-0601-00006-000001-01,D:\github\IOT_Project\dataset\mr_IXI_480i\mwp2IXI493-Guys-1007-MPRAGESEN_-s420_-0601-00006-000001-01.nii,D:\github\IOT_Project\data\processed\volumes\train\mwp2IXI493-Guys-1007-MPRAGESEN_-s420_-0601-00006-000001-01.npy,mr_IXI_480i,0,train,113.0,137.0,113.0,128.0,128.0,128.0,success,
mwp2IXI494-Guys-1008-MPRAGESEN_-s421_-0301-00003-000001-01,D:\github\IOT_Project\dataset\mr_IXI_480i\mwp2IXI494-Guys-1008-MPRAGESEN_-s421_-0301-00003-000001-01.nii,D:\github\IOT_Project\data\processed\volumes\train\mwp2IXI494-Guys-1008-MPRAGESEN_-s421_-0301-00003-000001-01.npy,mr_IXI_480i,0,train,113.0,137.0,113.0,128.0,128.0,128.0,success,
mwp2IXI496-Guys-1045-MPRAGESEN_-s421_-0301-00003-000001-01,D:\github\IOT_Project\dataset\mr_IXI_480i\mwp2IXI496-Guys-1045-MPRAGESEN_-s421_-0301-00003-000001-01.nii,D:\github\IOT_Project\data\processed\volumes\train\mwp2IXI496-Guys-1045-MPRAGESEN_-s421_-0301-00003-000001-01.npy,mr_IXI_480i,0,train,113.0,137.0,113.0,128.0,128.0,128.0,success,
mwp2IXI497-Guys-1002-MPRAGESEN_-s420_-0301-00003-000001-01,D:\github\IOT_Project\dataset\mr_IXI_480i\mwp2IXI497-Guys-1002-MPRAGESEN_-s420_-0301-00003-000001-01.nii,D:\github\IOT_Project\data\processed\volumes\train\mwp2IXI497-Guys-1002-MPRAGESEN_-s420_-0301-00003-000001-01.npy,mr_IXI_480i,0,train,113.0,137.0,113.0,128.0,128.0,128.0,success,
mwp2IXI498-Guys-1050-MPRAGESEN_-s426_-0301-00003-000001-01,D:\github\IOT_Project\dataset\mr_IXI_480i\mwp2IXI498-Guys-1050-MPRAGESEN_-s426_-0301-00003-000001-01.nii,D:\github\IOT_Project\data\processed\volumes\train\mwp2IXI498-Guys-1050-MPRAGESEN_-s426_-0301-00003-000001-01.npy,mr_IXI_480i,0,train,113.0,137.0,113.0,128.0,128.0,128.0,success,
mwp2IXI500-Guys-1017-MPRAGESEN_-s422_-0301-00003-000001-01,D:\github\IOT_Project\dataset\mr_IXI_480i\mwp2IXI500-Guys-1017-MPRAGESEN_-s422_-0301-00003-000001-01.nii,D:\github\IOT_Project\data\processed\volumes\train\mwp2IXI500-Guys-1017-MPRAGESEN_-s422_-0301-00003-000001-01.npy,mr_IXI_480i,0,train,113.0,137.0,113.0,128.0,128.0,128.0,success,
mwp2IXI501-Guys-1016-MPRAGESEN_-s422_-0301-00003-000001-01,D:\github\IOT_Project\dataset\mr_IXI_480i\mwp2IXI501-Guys-1016-MPRAGESEN_-s422_-0301-00003-000001-01.nii,D:\github\IOT_Project\data\processed\volumes\train\mwp2IXI501-Guys-1016-MPRAGESEN_-s422_-0301-00003-000001-01.npy,mr_IXI_480i,0,train,113.0,137.0,113.0,128.0,128.0,128.0,success,
mwp2IXI503-Guys-1021-MPRAGESEN_-s423_-0301-00003-000001-01,D:\github\IOT_Project\dataset\mr_IXI_480i\mwp2IXI503-Guys-1021-MPRAGESEN_-s423_-0301-00003-000001-01.nii,D:\github\IOT_Project\data\processed\volumes\train\mwp2IXI503-Guys-1021-MPRAGESEN_-s423_-0301-00003-000001-01.npy,mr_IXI_480i,0,train,113.0,137.0,113.0,128.0,128.0,128.0,success,
mwp2IXI504-Guys-1025-MPRAGESEN_-s424_-0301-00003-000001-01,D:\github\IOT_Project\dataset\mr_IXI_480i\mwp2IXI504-Guys-1025-MPRAGESEN_-s424_-0301-00003-000001-01.nii,D:\github\IOT_Project\data\processed\volumes\train\mwp2IXI504-Guys-1025-MPRAGESEN_-s424_-0301-00003-000001-01.npy,mr_IXI_480i,0,train,113.0,137.0,113.0,128.0,128.0,128.0,success,
mwp2IXI505-Guys-1026-MPRAGESEN_-s424_-0301-00003-000001-01,D:\github\IOT_Project\dataset\mr_IXI_480i\mwp2IXI505-Guys-1026-MPRAGESEN_-s424_-0301-00003-000001-01.nii,D:\github\IOT_Project\data\processed\volumes\train\mwp2IXI505-Guys-1026-MPRAGESEN_-s424_-0301-00003-000001-01.npy,mr_IXI_480i,0,train,113.0,137.0,113.0,128.0,128.0,128.0,success,
mwp2IXI508-HH-2268-MADisoTFE1_-s3T221_-0301-00003-000001-01,D:\github\IOT_Project\dataset\mr_IXI_480i\mwp2IXI508-HH-2268-MADisoTFE1_-s3T221_-0301-00003-000001-01.nii,D:\github\IOT_Project\data\processed\volumes\train\mwp2IXI508-HH-2268-MADisoTFE1_-s3T221_-0301-00003-000001-01.npy,mr_IXI_480i,0,train,113.0,137.0,113.0,128.0,128.0,128.0,success,
mwp2IXI510-IOP-1143-SAGFSPGR_-sIXI51_-0003-00001-000001-01,D:\github\IOT_Project\dataset\mr_IXI_480i\mwp2IXI510-IOP-1143-SAGFSPGR_-sIXI51_-0003-00001-000001-01.nii,D:\github\IOT_Project\data\processed\volumes\train\mwp2IXI510-IOP-1143-SAGFSPGR_-sIXI51_-0003-00001-000001-01.npy,mr_IXI_480i,0,train,113.0,137.0,113.0,128.0,128.0,128.0,success,
mwp2IXI511-HH-2238-MADisoTFE1_-s3T219_-0301-00003-000001-01,D:\github\IOT_Project\dataset\mr_IXI_480i\mwp2IXI511-HH-2238-MADisoTFE1_-s3T219_-0301-00003-000001-01.nii,D:\github\IOT_Project\data\processed\volumes\train\mwp2IXI511-HH-2238-MADisoTFE1_-s3T219_-0301-00003-000001-01.npy,mr_IXI_480i,0,train,113.0,137.0,113.0,128.0,128.0,128.0,success,
mwp2IXI512-Guys-1054-MPRAGESEN_-s426_-0301-00003-000001-01,D:\github\IOT_Project\dataset\mr_IXI_480i\mwp2IXI512-Guys-1054-MPRAGESEN_-s426_-0301-00003-000001-01.nii,D:\github\IOT_Project\data\processed\volumes\train\mwp2IXI512-Guys-1054-MPRAGESEN_-s426_-0301-00003-000001-01.npy,mr_IXI_480i,0,train,113.0,137.0,113.0,128.0,128.0,128.0,success,
mwp2IXI515-HH-2377-MADisoTFE1_-s3T229_-0301-00003-000001-01,D:\github\IOT_Project\dataset\mr_IXI_480i\mwp2IXI515-HH-2377-MADisoTFE1_-s3T229_-0301-00003-000001-01.nii,D:\github\IOT_Project\data\processed\volumes\train\mwp2IXI515-HH-2377-MADisoTFE1_-s3T229_-0301-00003-000001-01.npy,mr_IXI_480i,0,train,113.0,137.0,113.0,128.0,128.0,128.0,success,
mwp2IXI516-HH-2297-MADisoTFE1_-s3T223_-0301-00003-000001-01,D:\github\IOT_Project\dataset\mr_IXI_480i\mwp2IXI516-HH-2297-MADisoTFE1_-s3T223_-0301-00003-000001-01.nii,D:\github\IOT_Project\data\processed\volumes\train\mwp2IXI516-HH-2297-MADisoTFE1_-s3T223_-0301-00003-000001-01.npy,mr_IXI_480i,0,train,113.0,137.0,113.0,128.0,128.0,128.0,success,
mwp2IXI517-IOP-1144-SAGFSPGR_-sIXI51_-0003-00001-000001-01,D:\github\IOT_Project\dataset\mr_IXI_480i\mwp2IXI517-IOP-1144-SAGFSPGR_-sIXI51_-0003-00001-000001-01.nii,D:\github\IOT_Project\data\processed\volumes\train\mwp2IXI517-IOP-1144-SAGFSPGR_-sIXI51_-0003-00001-000001-01.npy,mr_IXI_480i,0,train,113.0,137.0,113.0,128.0,128.0,128.0,success,
mwp2IXI518-HH-2239-MADisoTFE1_-s3T219_-0301-00003-000001-01,D:\github\IOT_Project\dataset\mr_IXI_480i\mwp2IXI518-HH-2239-MADisoTFE1_-s3T219_-0301-00003-000001-01.nii,D:\github\IOT_Project\data\processed\volumes\train\mwp2IXI518-HH-2239-MADisoTFE1_-s3T219_-0301-00003-000001-01.npy,mr_IXI_480i,0,train,113.0,137.0,113.0,128.0,128.0,128.0,success,
mwp2IXI523-Guys-1056-MPRAGESEN_-s427_-0401-00004-000001-01,D:\github\IOT_Project\dataset\mr_IXI_480i\mwp2IXI523-Guys-1056-MPRAGESEN_-s427_-0401-00004-000001-01.nii,D:\github\IOT_Project\data\processed\volumes\train\mwp2IXI523-Guys-1056-MPRAGESEN_-s427_-0401-00004-000001-01.npy,mr_IXI_480i,0,train,113.0,137.0,113.0,128.0,128.0,128.0,success,
mwp2IXI524-HH-2412-MADisoTFE1_-s3T233_-0301-00003-000001-01,D:\github\IOT_Project\dataset\mr_IXI_480i\mwp2IXI524-HH-2412-MADisoTFE1_-s3T233_-0301-00003-000001-01.nii,D:\github\IOT_Project\data\processed\volumes\train\mwp2IXI524-HH-2412-MADisoTFE1_-s3T233_-0301-00003-000001-01.npy,mr_IXI_480i,0,train,113.0,137.0,113.0,128.0,128.0,128.0,success,
mwp2IXI526-HH-2392-MADisoTFE1_-s3T231_-0301-00003-000001-01,D:\github\IOT_Project\dataset\mr_IXI_480i\mwp2IXI526-HH-2392-MADisoTFE1_-s3T231_-0301-00003-000001-01.nii,D:\github\IOT_Project\data\processed\volumes\train\mwp2IXI526-HH-2392-MADisoTFE1_-s3T231_-0301-00003-000001-01.npy,mr_IXI_480i,0,train,113.0,137.0,113.0,128.0,128.0,128.0,success,
mwp2IXI528-Guys-1073-MPRAGESEN_-sIXI52_-0301-00003-000001-01,D:\github\IOT_Project\dataset\mr_IXI_480i\mwp2IXI528-Guys-1073-MPRAGESEN_-sIXI52_-0301-00003-000001-01.nii,D:\github\IOT_Project\data\processed\volumes\train\mwp2IXI528-Guys-1073-MPRAGESEN_-sIXI52_-0301-00003-000001-01.npy,mr_IXI_480i,0,train,113.0,137.0,113.0,128.0,128.0,128.0,success,
mwp2IXI532-IOP-1145-SAGFSPGR_-sIXI53_-0003-00001-000001-01,D:\github\IOT_Project\dataset\mr_IXI_480i\mwp2IXI532-IOP-1145-SAGFSPGR_-sIXI53_-0003-00001-000001-01.nii,D:\github\IOT_Project\data\processed\volumes\train\mwp2IXI532-IOP-1145-SAGFSPGR_-sIXI53_-0003-00001-000001-01.npy,mr_IXI_480i,0,train,113.0,137.0,113.0,128.0,128.0,128.0,success,
mwp2IXI533-Guys-1066-MPRAGESEN_-s428_-0401-00004-000001-01,D:\github\IOT_Project\dataset\mr_IXI_480i\mwp2IXI533-Guys-1066-MPRAGESEN_-s428_-0401-00004-000001-01.nii,D:\github\IOT_Project\data\processed\volumes\train\mwp2IXI533-Guys-1066-MPRAGESEN_-s428_-0401-00004-000001-01.npy,mr_IXI_480i,0,train,113.0,137.0,113.0,128.0,128.0,128.0,success,
mwp2IXI534-Guys-1062-MPRAGESEN_-s427_-0301-00003-000001-01,D:\github\IOT_Project\dataset\mr_IXI_480i\mwp2IXI534-Guys-1062-MPRAGESEN_-s427_-0301-00003-000001-01.nii,D:\github\IOT_Project\data\processed\volumes\train\mwp2IXI534-Guys-1062-MPRAGESEN_-s427_-0301-00003-000001-01.npy,mr_IXI_480i,0,train,113.0,137.0,113.0,128.0,128.0,128.0,success,
mwp2IXI535-Guys-1061-MPRAGESEN_-s427_-0301-00003-000001-01,D:\github\IOT_Project\dataset\mr_IXI_480i\mwp2IXI535-Guys-1061-MPRAGESEN_-s427_-0301-00003-000001-01.nii,D:\github\IOT_Project\data\processed\volumes\train\mwp2IXI535-Guys-1061-MPRAGESEN_-s427_-0301-00003-000001-01.npy,mr_IXI_480i,0,train,113.0,137.0,113.0,128.0,128.0,128.0,success,
mwp2IXI536-Guys-1059-MPRAGESEN_-s427_-0301-00003-000001-01,D:\github\IOT_Project\dataset\mr_IXI_480i\mwp2IXI536-Guys-1059-MPRAGESEN_-s427_-0301-00003-000001-01.nii,D:\github\IOT_Project\data\processed\volumes\train\mwp2IXI536-Guys-1059-MPRAGESEN_-s427_-0301-00003-000001-01.npy,mr_IXI_480i,0,train,113.0,137.0,113.0,128.0,128.0,128.0,success,
mwp2IXI538-HH-2411-MADisoTFE1_-s3T233_-0301-00003-000001-01,D:\github\IOT_Project\dataset\mr_IXI_480i\mwp2IXI538-HH-2411-MADisoTFE1_-s3T233_-0301-00003-000001-01.nii,D:\github\IOT_Project\data\processed\volumes\train\mwp2IXI538-HH-2411-MADisoTFE1_-s3T233_-0301-00003-000001-01.npy,mr_IXI_480i,0,train,113.0,137.0,113.0,128.0,128.0,128.0,success,
mwp2IXI539-Guys-1067-MPRAGESEN_-s429_-0301-00003-000001-01,D:\github\IOT_Project\dataset\mr_IXI_480i\mwp2IXI539-Guys-1067-MPRAGESEN_-s429_-0301-00003-000001-01.nii,D:\github\IOT_Project\data\processed\volumes\train\mwp2IXI539-Guys-1067-MPRAGESEN_-s429_-0301-00003-000001-01.npy,mr_IXI_480i,0,train,113.0,137.0,113.0,128.0,128.0,128.0,success,
mwp2IXI541-IOP-1146-SAGFSPGR_-sIXI54_-0003-00001-000001-01,D:\github\IOT_Project\dataset\mr_IXI_480i\mwp2IXI541-IOP-1146-SAGFSPGR_-sIXI54_-0003-00001-000001-01.nii,D:\github\IOT_Project\data\processed\volumes\train\mwp2IXI541-IOP-1146-SAGFSPGR_-sIXI54_-0003-00001-000001-01.npy,mr_IXI_480i,0,train,113.0,137.0,113.0,128.0,128.0,128.0,success,
mwp2IXI543-IOP-1148-SAGFSPGR_-sIXI54_-0003-00001-000001-01,D:\github\IOT_Project\dataset\mr_IXI_480i\mwp2IXI543-IOP-1148-SAGFSPGR_-sIXI54_-0003-00001-000001-01.nii,D:\github\IOT_Project\data\processed\volumes\train\mwp2IXI543-IOP-1148-SAGFSPGR_-sIXI54_-0003-00001-000001-01.npy,mr_IXI_480i,0,train,113.0,137.0,113.0,128.0,128.0,128.0,success,
mwp2IXI544-HH-2395-MADisoTFE1_-s3T231_-0301-00003-000001-01,D:\github\IOT_Project\dataset\mr_IXI_480i\mwp2IXI544-HH-2395-MADisoTFE1_-s3T231_-0301-00003-000001-01.nii,D:\github\IOT_Project\data\processed\volumes\train\mwp2IXI544-HH-2395-MADisoTFE1_-s3T231_-0301-00003-000001-01.npy,mr_IXI_480i,0,train,113.0,137.0,113.0,128.0,128.0,128.0,success,
mwp2IXI546-HH-2450-MADisoTFE1_-s3T235_-0301-00003-000001-01,D:\github\IOT_Project\dataset\mr_IXI_480i\mwp2IXI546-HH-2450-MADisoTFE1_-s3T235_-0301-00003-000001-01.nii,D:\github\IOT_Project\data\processed\volumes\train\mwp2IXI546-HH-2450-MADisoTFE1_-s3T235_-0301-00003-000001-01.npy,mr_IXI_480i,0,train,113.0,137.0,113.0,128.0,128.0,128.0,success,
mwp2IXI547-IOP-1149-SAGFSPGR_-sIXI54_-0004-00001-000001-01,D:\github\IOT_Project\dataset\mr_IXI_480i\mwp2IXI547-IOP-1149-SAGFSPGR_-sIXI54_-0004-00001-000001-01.nii,D:\github\IOT_Project\data\processed\volumes\train\mwp2IXI547-IOP-1149-SAGFSPGR_-sIXI54_-0004-00001-000001-01.npy,mr_IXI_480i,0,train,113.0,137.0,113.0,128.0,128.0,128.0,success,
mwp2IXI548-IOP-1150-SAGFSPGR_-sIXI54_-0003-00001-000001-01,D:\github\IOT_Project\dataset\mr_IXI_480i\mwp2IXI548-IOP-1150-SAGFSPGR_-sIXI54_-0003-00001-000001-01.nii,D:\github\IOT_Project\data\processed\volumes\train\mwp2IXI548-IOP-1150-SAGFSPGR_-sIXI54_-0003-00001-000001-01.npy,mr_IXI_480i,0,train,113.0,137.0,113.0,128.0,128.0,128.0,success,
mwp2IXI550-Guys-1069-MPRAGESEN_-s429_-0301-00003-000001-01,D:\github\IOT_Project\dataset\mr_IXI_480i\mwp2IXI550-Guys-1069-MPRAGESEN_-s429_-0301-00003-000001-01.nii,D:\github\IOT_Project\data\processed\volumes\train\mwp2IXI550-Guys-1069-MPRAGESEN_-s429_-0301-00003-000001-01.npy,mr_IXI_480i,0,train,113.0,137.0,113.0,128.0,128.0,128.0,success,
mwp2IXI552-Guys-1063-MPRAGESEN_-s428_-0301-00003-000001-01,D:\github\IOT_Project\dataset\mr_IXI_480i\mwp2IXI552-Guys-1063-MPRAGESEN_-s428_-0301-00003-000001-01.nii,D:\github\IOT_Project\data\processed\volumes\train\mwp2IXI552-Guys-1063-MPRAGESEN_-s428_-0301-00003-000001-01.npy,mr_IXI_480i,0,train,113.0,137.0,113.0,128.0,128.0,128.0,success,
mwp2IXI553-IOP-1151-SAGFSPGR_-sIXI55_-0003-00001-000001-01,D:\github\IOT_Project\dataset\mr_IXI_480i\mwp2IXI553-IOP-1151-SAGFSPGR_-sIXI55_-0003-00001-000001-01.nii,D:\github\IOT_Project\data\processed\volumes\train\mwp2IXI553-IOP-1151-SAGFSPGR_-sIXI55_-0003-00001-000001-01.npy,mr_IXI_480i,0,train,113.0,137.0,113.0,128.0,128.0,128.0,success,
mwp2IXI555-Guys-1074-MPRAGESEN_-sIXI55_-0301-00003-000001-01,D:\github\IOT_Project\dataset\mr_IXI_480i\mwp2IXI555-Guys-1074-MPRAGESEN_-sIXI55_-0301-00003-000001-01.nii,D:\github\IOT_Project\data\processed\volumes\train\mwp2IXI555-Guys-1074-MPRAGESEN_-sIXI55_-0301-00003-000001-01.npy,mr_IXI_480i,0,train,113.0,137.0,113.0,128.0,128.0,128.0,success,
mwp2IXI559-HH-2394-MADisoTFE1_-s3T231_-0301-00003-000001-01,D:\github\IOT_Project\dataset\mr_IXI_480i\mwp2IXI559-HH-2394-MADisoTFE1_-s3T231_-0301-00003-000001-01.nii,D:\github\IOT_Project\data\processed\volumes\train\mwp2IXI559-HH-2394-MADisoTFE1_-s3T231_-0301-00003-000001-01.npy,mr_IXI_480i,0,train,113.0,137.0,113.0,128.0,128.0,128.0,success,
mwp2IXI560-Guys-1070-MPRAGESEN_-s429_-0301-00003-000001-01,D:\github\IOT_Project\dataset\mr_IXI_480i\mwp2IXI560-Guys-1070-MPRAGESEN_-s429_-0301-00003-000001-01.nii,D:\github\IOT_Project\data\processed\volumes\train\mwp2IXI560-Guys-1070-MPRAGESEN_-s429_-0301-00003-000001-01.npy,mr_IXI_480i,0,train,113.0,137.0,113.0,128.0,128.0,128.0,success,
mwp2IXI563-IOP-1153-SAGFSPGR_-sIXI56_-0003-00001-000001-01,D:\github\IOT_Project\dataset\mr_IXI_480i\mwp2IXI563-IOP-1153-SAGFSPGR_-sIXI56_-0003-00001-000001-01.nii,D:\github\IOT_Project\data\processed\volumes\train\mwp2IXI563-IOP-1153-SAGFSPGR_-sIXI56_-0003-00001-000001-01.npy,mr_IXI_480i,0,train,113.0,137.0,113.0,128.0,128.0,128.0,success,
mwp2IXI565-HH-2534-MADisoTFE1_-s3T239_-0301-00003-000001-01,D:\github\IOT_Project\dataset\mr_IXI_480i\mwp2IXI565-HH-2534-MADisoTFE1_-s3T239_-0301-00003-000001-01.nii,D:\github\IOT_Project\data\processed\volumes\train\mwp2IXI565-HH-2534-MADisoTFE1_-s3T239_-0301-00003-000001-01.npy,mr_IXI_480i,0,train,113.0,137.0,113.0,128.0,128.0,128.0,success,
mwp2IXI566-HH-2535-MADisoTFE1_-s3T239_-0301-00003-000001-01,D:\github\IOT_Project\dataset\mr_IXI_480i\mwp2IXI566-HH-2535-MADisoTFE1_-s3T239_-0301-00003-000001-01.nii,D:\github\IOT_Project\data\processed\volumes\train\mwp2IXI566-HH-2535-MADisoTFE1_-s3T239_-0301-00003-000001-01.npy,mr_IXI_480i,0,train,113.0,137.0,113.0,128.0,128.0,128.0,success,
mwp2IXI567-HH-2536-MADisoTFE1_-s3T239_-0301-00003-000001-01,D:\github\IOT_Project\dataset\mr_IXI_480i\mwp2IXI567-HH-2536-MADisoTFE1_-s3T239_-0301-00003-000001-01.nii,D:\github\IOT_Project\data\processed\volumes\train\mwp2IXI567-HH-2536-MADisoTFE1_-s3T239_-0301-00003-000001-01.npy,mr_IXI_480i,0,train,113.0,137.0,113.0,128.0,128.0,128.0,success,
mwp2IXI572-HH-2605-MADisoTFE1_-s3T242_-0301-00003-000001-01,D:\github\IOT_Project\dataset\mr_IXI_480i\mwp2IXI572-HH-2605-MADisoTFE1_-s3T242_-0301-00003-000001-01.nii,D:\github\IOT_Project\data\processed\volumes\train\mwp2IXI572-HH-2605-MADisoTFE1_-s3T242_-0301-00003-000001-01.npy,mr_IXI_480i,0,train,113.0,137.0,113.0,128.0,128.0,128.0,success,
mwp2IXI574-IOP-1156-SAGFSPGR_-sIXI57_-0003-00001-000001-01,D:\github\IOT_Project\dataset\mr_IXI_480i\mwp2IXI574-IOP-1156-SAGFSPGR_-sIXI57_-0003-00001-000001-01.nii,D:\github\IOT_Project\data\processed\volumes\train\mwp2IXI574-IOP-1156-SAGFSPGR_-sIXI57_-0003-00001-000001-01.npy,mr_IXI_480i,0,train,113.0,137.0,113.0,128.0,128.0,128.0,success,
mwp2IXI576-Guys-1077-MPRAGESEN_-sIXI57_-0301-00003-000001-01,D:\github\IOT_Project\dataset\mr_IXI_480i\mwp2IXI576-Guys-1077-MPRAGESEN_-sIXI57_-0301-00003-000001-01.nii,D:\github\IOT_Project\data\processed\volumes\train\mwp2IXI576-Guys-1077-MPRAGESEN_-sIXI57_-0301-00003-000001-01.npy,mr_IXI_480i,0,train,113.0,137.0,113.0,128.0,128.0,128.0,success,
mwp2IXI577-HH-2661-MADisoTFE1_-s3T246_-0301-00003-000001-01,D:\github\IOT_Project\dataset\mr_IXI_480i\mwp2IXI577-HH-2661-MADisoTFE1_-s3T246_-0301-00003-000001-01.nii,D:\github\IOT_Project\data\processed\volumes\train\mwp2IXI577-HH-2661-MADisoTFE1_-s3T246_-0301-00003-000001-01.npy,mr_IXI_480i,0,train,113.0,137.0,113.0,128.0,128.0,128.0,success,
mwp2IXI579-Guys-1126-MPRAGESEN_-s433_-0301-00003-000001-01,D:\github\IOT_Project\dataset\mr_IXI_480i\mwp2IXI579-Guys-1126-MPRAGESEN_-s433_-0301-00003-000001-01.nii,D:\github\IOT_Project\data\processed\volumes\train\mwp2IXI579-Guys-1126-MPRAGESEN_-s433_-0301-00003-000001-01.npy,mr_IXI_480i,0,train,113.0,137.0,113.0,128.0,128.0,128.0,success,
mwp2IXI582-Guys-1127-MPRAGESEN_-sIXI0582_-0301-00003-000001-01,D:\github\IOT_Project\dataset\mr_IXI_480i\mwp2IXI582-Guys-1127-MPRAGESEN_-sIXI0582_-0301-00003-000001-01.nii,D:\github\IOT_Project\data\processed\volumes\train\mwp2IXI582-Guys-1127-MPRAGESEN_-sIXI0582_-0301-00003-000001-01.npy,mr_IXI_480i,0,train,113.0,137.0,113.0,128.0,128.0,128.0,success,
mwp2IXI584-Guys-1129-MPRAGESEN_-sIXI58_-0301-00003-000001-01,D:\github\IOT_Project\dataset\mr_IXI_480i\mwp2IXI584-Guys-1129-MPRAGESEN_-sIXI58_-0301-00003-000001-01.nii,D:\github\IOT_Project\data\processed\volumes\train\mwp2IXI584-Guys-1129-MPRAGESEN_-sIXI58_-0301-00003-000001-01.npy,mr_IXI_480i,0,train,113.0,137.0,113.0,128.0,128.0,128.0,success,
mwp2IXI585-Guys-1130-MPRAGESEN_-sIXI58_-0301-00003-000001-01,D:\github\IOT_Project\dataset\mr_IXI_480i\mwp2IXI585-Guys-1130-MPRAGESEN_-sIXI58_-0301-00003-000001-01.nii,D:\github\IOT_Project\data\processed\volumes\train\mwp2IXI585-Guys-1130-MPRAGESEN_-sIXI58_-0301-00003-000001-01.npy,mr_IXI_480i,0,train,113.0,137.0,113.0,128.0,128.0,128.0,success,
mwp2IXI586-HH-2451-MADisoTFE1_-s3T236_-0301-00003-000001-01,D:\github\IOT_Project\dataset\mr_IXI_480i\mwp2IXI586-HH-2451-MADisoTFE1_-s3T236_-0301-00003-000001-01.nii,D:\github\IOT_Project\data\processed\volumes\train\mwp2IXI586-HH-2451-MADisoTFE1_-s3T236_-0301-00003-000001-01.npy,mr_IXI_480i,0,train,113.0,137.0,113.0,128.0,128.0,128.0,success,
mwp2IXI587-Guys-1128-MPRAGESEN_-sIXI0587_-0401-00004-000001-01,D:\github\IOT_Project\dataset\mr_IXI_480i\mwp2IXI587-Guys-1128-MPRAGESEN_-sIXI0587_-0401-00004-000001-01.nii,D:\github\IOT_Project\data\processed\volumes\train\mwp2IXI587-Guys-1128-MPRAGESEN_-sIXI0587_-0401-00004-000001-01.npy,mr_IXI_480i,0,train,113.0,137.0,113.0,128.0,128.0,128.0,success,
mwp2IXI588-IOP-1158-SAGFSPGR_-sIXI58_-0003-00001-000001-01,D:\github\IOT_Project\dataset\mr_IXI_480i\mwp2IXI588-IOP-1158-SAGFSPGR_-sIXI58_-0003-00001-000001-01.nii,D:\github\IOT_Project\data\processed\volumes\train\mwp2IXI588-IOP-1158-SAGFSPGR_-sIXI58_-0003-00001-000001-01.npy,mr_IXI_480i,0,train,113.0,137.0,113.0,128.0,128.0,128.0,success,
mwp2IXI591-Guys-1084-MPRAGESEN_-sIXI59_-0301-00003-000001-01,D:\github\IOT_Project\dataset\mr_IXI_480i\mwp2IXI591-Guys-1084-MPRAGESEN_-sIXI59_-0301-00003-000001-01.nii,D:\github\IOT_Project\data\processed\volumes\train\mwp2IXI591-Guys-1084-MPRAGESEN_-sIXI59_-0301-00003-000001-01.npy,mr_IXI_480i,0,train,113.0,137.0,113.0,128.0,128.0,128.0,success,
mwp2IXI593-Guys-1109-MPRAGESEN_-sIXI0593_-0301-00003-000001-01,D:\github\IOT_Project\dataset\mr_IXI_480i\mwp2IXI593-Guys-1109-MPRAGESEN_-sIXI0593_-0301-00003-000001-01.nii,D:\github\IOT_Project\data\processed\volumes\train\mwp2IXI593-Guys-1109-MPRAGESEN_-sIXI0593_-0301-00003-000001-01.npy,mr_IXI_480i,0,train,113.0,137.0,113.0,128.0,128.0,128.0,success,
mwp2IXI594-Guys-1089-MPRAGESEN_-s445_-0301-00003-000001-01,D:\github\IOT_Project\dataset\mr_IXI_480i\mwp2IXI594-Guys-1089-MPRAGESEN_-s445_-0301-00003-000001-01.nii,D:\github\IOT_Project\data\processed\volumes\train\mwp2IXI594-Guys-1089-MPRAGESEN_-s445_-0301-00003-000001-01.npy,mr_IXI_480i,0,train,113.0,137.0,113.0,128.0,128.0,128.0,success,
mwp2IXI595-IOP-1159-SAGFSPGR_-sIXI59_-0003-00001-000001-01,D:\github\IOT_Project\dataset\mr_IXI_480i\mwp2IXI595-IOP-1159-SAGFSPGR_-sIXI59_-0003-00001-000001-01.nii,D:\github\IOT_Project\data\processed\volumes\train\mwp2IXI595-IOP-1159-SAGFSPGR_-sIXI59_-0003-00001-000001-01.npy,mr_IXI_480i,0,train,113.0,137.0,113.0,128.0,128.0,128.0,success,
mwp2IXI598-HH-2606-MADisoTFE1_-s3T242_-0301-00003-000001-01,D:\github\IOT_Project\dataset\mr_IXI_480i\mwp2IXI598-HH-2606-MADisoTFE1_-s3T242_-0301-00003-000001-01.nii,D:\github\IOT_Project\data\processed\volumes\train\mwp2IXI598-HH-2606-MADisoTFE1_-s3T242_-0301-00003-000001-01.npy,mr_IXI_480i,0,train,113.0,137.0,113.0,128.0,128.0,128.0,success,
mwp2IXI599-HH-2659-MADisoTFE1_-s3T246_-0301-00003-000001-01,D:\github\IOT_Project\dataset\mr_IXI_480i\mwp2IXI599-HH-2659-MADisoTFE1_-s3T246_-0301-00003-000001-01.nii,D:\github\IOT_Project\data\processed\volumes\train\mwp2IXI599-HH-2659-MADisoTFE1_-s3T246_-0301-00003-000001-01.npy,mr_IXI_480i,0,train,113.0,137.0,113.0,128.0,128.0,128.0,success,
mwp2IXI600-HH-2660-MADisoTFE1_-s3T246_-0301-00003-000001-01,D:\github\IOT_Project\dataset\mr_IXI_480i\mwp2IXI600-HH-2660-MADisoTFE1_-s3T246_-0301-00003-000001-01.nii,D:\github\IOT_Project\data\processed\volumes\train\mwp2IXI600-HH-2660-MADisoTFE1_-s3T246_-0301-00003-000001-01.npy,mr_IXI_480i,0,train,113.0,137.0,113.0,128.0,128.0,128.0,success,
mwp2IXI601-HH-2700-MADisoTFE1_-s3T248_-0301-00003-000001-01,D:\github\IOT_Project\dataset\mr_IXI_480i\mwp2IXI601-HH-2700-MADisoTFE1_-s3T248_-0301-00003-000001-01.nii,D:\github\IOT_Project\data\processed\volumes\train\mwp2IXI601-HH-2700-MADisoTFE1_-s3T248_-0301-00003-000001-01.npy,mr_IXI_480i,0,train,113.0,137.0,113.0,128.0,128.0,128.0,success,
mwp2IXI605-HH-2598-MADisoTFE1_-s3T241_-0301-00003-000001-01,D:\github\IOT_Project\dataset\mr_IXI_480i\mwp2IXI605-HH-2598-MADisoTFE1_-s3T241_-0301-00003-000001-01.nii,D:\github\IOT_Project\data\processed\volumes\train\mwp2IXI605-HH-2598-MADisoTFE1_-s3T241_-0301-00003-000001-01.npy,mr_IXI_480i,0,train,113.0,137.0,113.0,128.0,128.0,128.0,success,
mwp2IXI606-HH-2601-MADisoTFE1_-s3T242_-0301-00003-000001-01,D:\github\IOT_Project\dataset\mr_IXI_480i\mwp2IXI606-HH-2601-MADisoTFE1_-s3T242_-0301-00003-000001-01.nii,D:\github\IOT_Project\data\processed\volumes\train\mwp2IXI606-HH-2601-MADisoTFE1_-s3T242_-0301-00003-000001-01.npy,mr_IXI_480i,0,train,113.0,137.0,113.0,128.0,128.0,128.0,success,
mwp2IXI607-Guys-1097-MPRAGESEN_-s445_-0301-00003-000001-01,D:\github\IOT_Project\dataset\mr_IXI_480i\mwp2IXI607-Guys-1097-MPRAGESEN_-s445_-0301-00003-000001-01.nii,D:\github\IOT_Project\data\processed\volumes\train\mwp2IXI607-Guys-1097-MPRAGESEN_-s445_-0301-00003-000001-01.npy,mr_IXI_480i,0,train,113.0,137.0,113.0,128.0,128.0,128.0,success,
mwp2IXI608-HH-2599-MADisoTFE1_-s3T242_-0301-00003-000001-01,D:\github\IOT_Project\dataset\mr_IXI_480i\mwp2IXI608-HH-2599-MADisoTFE1_-s3T242_-0301-00003-000001-01.nii,D:\github\IOT_Project\data\processed\volumes\train\mwp2IXI608-HH-2599-MADisoTFE1_-s3T242_-0301-00003-000001-01.npy,mr_IXI_480i,0,train,113.0,137.0,113.0,128.0,128.0,128.0,success,
mwp2IXI610-HH-2649-MADisoTFE1_-s3T245_-0301-00003-000001-01,D:\github\IOT_Project\dataset\mr_IXI_480i\mwp2IXI610-HH-2649-MADisoTFE1_-s3T245_-0301-00003-000001-01.nii,D:\github\IOT_Project\data\processed\volumes\train\mwp2IXI610-HH-2649-MADisoTFE1_-s3T245_-0301-00003-000001-01.npy,mr_IXI_480i,0,train,113.0,137.0,113.0,128.0,128.0,128.0,success,
mwp2IXI612-HH-2688-MADisoTFE1_-s3T247_-0401-00004-000001-01,D:\github\IOT_Project\dataset\mr_IXI_480i\mwp2IXI612-HH-2688-MADisoTFE1_-s3T247_-0401-00004-000001-01.nii,D:\github\IOT_Project\data\processed\volumes\train\mwp2IXI612-HH-2688-MADisoTFE1_-s3T247_-0401-00004-000001-01.npy,mr_IXI_480i,0,train,113.0,137.0,113.0,128.0,128.0,128.0,success,
mwp2IXI613-HH-2734-MADisoTFE1_-s3T251_-0301-00003-000001-01,D:\github\IOT_Project\dataset\mr_IXI_480i\mwp2IXI613-HH-2734-MADisoTFE1_-s3T251_-0301-00003-000001-01.nii,D:\github\IOT_Project\data\processed\volumes\train\mwp2IXI613-HH-2734-MADisoTFE1_-s3T251_-0301-00003-000001-01.npy,mr_IXI_480i,0,train,113.0,137.0,113.0,128.0,128.0,128.0,success,
mwp2IXI617-Guys-1090-MPRAGESEN_-s445_-0301-00003-000001-01,D:\github\IOT_Project\dataset\mr_IXI_480i\mwp2IXI617-Guys-1090-MPRAGESEN_-s445_-0301-00003-000001-01.nii,D:\github\IOT_Project\data\processed\volumes\train\mwp2IXI617-Guys-1090-MPRAGESEN_-s445_-0301-00003-000001-01.npy,mr_IXI_480i,0,train,113.0,137.0,113.0,128.0,128.0,128.0,success,
mwp2IXI618-Guys-1091-MPRAGESEN_-s445_-0301-00003-000001-01,D:\github\IOT_Project\dataset\mr_IXI_480i\mwp2IXI618-Guys-1091-MPRAGESEN_-s445_-0301-00003-000001-01.nii,D:\github\IOT_Project\data\processed\volumes\train\mwp2IXI618-Guys-1091-MPRAGESEN_-s445_-0301-00003-000001-01.npy,mr_IXI_480i,0,train,113.0,137.0,113.0,128.0,128.0,128.0,success,
mwp2IXI619-Guys-1099-MPRAGESEN_-sIXI61_-0301-00003-000001-01,D:\github\IOT_Project\dataset\mr_IXI_480i\mwp2IXI619-Guys-1099-MPRAGESEN_-sIXI61_-0301-00003-000001-01.nii,D:\github\IOT_Project\data\processed\volumes\train\mwp2IXI619-Guys-1099-MPRAGESEN_-sIXI61_-0301-00003-000001-01.npy,mr_IXI_480i,0,train,113.0,137.0,113.0,128.0,128.0,128.0,success,
mwp2IXI621-Guys-1100-MPRAGESEN_-sIXI62_-0301-00003-000001-01,D:\github\IOT_Project\dataset\mr_IXI_480i\mwp2IXI621-Guys-1100-MPRAGESEN_-sIXI62_-0301-00003-000001-01.nii,D:\github\IOT_Project\data\processed\volumes\train\mwp2IXI621-Guys-1100-MPRAGESEN_-sIXI62_-0301-00003-000001-01.npy,mr_IXI_480i,0,train,113.0,137.0,113.0,128.0,128.0,128.0,success,
mwp2IXI622-Guys-1102-MPRAGESEN_-sIXI62_-0301-00003-000001-01,D:\github\IOT_Project\dataset\mr_IXI_480i\mwp2IXI622-Guys-1102-MPRAGESEN_-sIXI62_-0301-00003-000001-01.nii,D:\github\IOT_Project\data\processed\volumes\train\mwp2IXI622-Guys-1102-MPRAGESEN_-sIXI62_-0301-00003-000001-01.npy,mr_IXI_480i,0,train,113.0,137.0,113.0,128.0,128.0,128.0,success,
mwp2IXI623-Guys-1076-MPRAGESEN_-sIXI60_-0301-00003-000001-01,D:\github\IOT_Project\dataset\mr_IXI_480i\mwp2IXI623-Guys-1076-MPRAGESEN_-sIXI60_-0301-00003-000001-01.nii,D:\github\IOT_Project\data\processed\volumes\train\mwp2IXI623-Guys-1076-MPRAGESEN_-sIXI60_-0301-00003-000001-01.npy,mr_IXI_480i,0,train,113.0,137.0,113.0,128.0,128.0,128.0,success,
mwp2IXI625-Guys-1098-MPRAGESEN_-sIXI624_-0301-00003-000001-01,D:\github\IOT_Project\dataset\mr_IXI_480i\mwp2IXI625-Guys-1098-MPRAGESEN_-sIXI624_-0301-00003-000001-01.nii,D:\github\IOT_Project\data\processed\volumes\train\mwp2IXI625-Guys-1098-MPRAGESEN_-sIXI624_-0301-00003-000001-01.npy,mr_IXI_480i,0,train,113.0,137.0,113.0,128.0,128.0,128.0,success,
mwp2IXI626-Guys-1094-MPRAGESEN_-s447_-0301-00003-000001-01,D:\github\IOT_Project\dataset\mr_IXI_480i\mwp2IXI626-Guys-1094-MPRAGESEN_-s447_-0301-00003-000001-01.nii,D:\github\IOT_Project\data\processed\volumes\train\mwp2IXI626-Guys-1094-MPRAGESEN_-s447_-0301-00003-000001-01.npy,mr_IXI_480i,0,train,113.0,137.0,113.0,128.0,128.0,128.0,success,
mwp2IXI627-Guys-1103-MPRAGESEN_-s450_-0301-00003-000001-01,D:\github\IOT_Project\dataset\mr_IXI_480i\mwp2IXI627-Guys-1103-MPRAGESEN_-s450_-0301-00003-000001-01.nii,D:\github\IOT_Project\data\processed\volumes\train\mwp2IXI627-Guys-1103-MPRAGESEN_-s450_-0301-00003-000001-01.npy,mr_IXI_480i,0,train,113.0,137.0,113.0,128.0,128.0,128.0,success,
mwp2IXI629-Guys-1095-MPRAGESEN_-sIXI62_-0301-00003-000001-01,D:\github\IOT_Project\dataset\mr_IXI_480i\mwp2IXI629-Guys-1095-MPRAGESEN_-sIXI62_-0301-00003-000001-01.nii,D:\github\IOT_Project\data\processed\volumes\train\mwp2IXI629-Guys-1095-MPRAGESEN_-sIXI62_-0301-00003-000001-01.npy,mr_IXI_480i,0,train,113.0,137.0,113.0,128.0,128.0,128.0,success,
mwp2IXI631-HH-2651-MADisoTFE1_-s3T245_-0301-00003-000001-01,D:\github\IOT_Project\dataset\mr_IXI_480i\mwp2IXI631-HH-2651-MADisoTFE1_-s3T245_-0301-00003-000001-01.nii,D:\github\IOT_Project\data\processed\volumes\train\mwp2IXI631-HH-2651-MADisoTFE1_-s3T245_-0301-00003-000001-01.npy,mr_IXI_480i,0,train,113.0,137.0,113.0,128.0,128.0,128.0,success,
mwp2IXI632-HH-2652-MADisoTFE1_-s3T245_-0301-00003-000001-01,D:\github\IOT_Project\dataset\mr_IXI_480i\mwp2IXI632-HH-2652-MADisoTFE1_-s3T245_-0301-00003-000001-01.nii,D:\github\IOT_Project\data\processed\volumes\train\mwp2IXI632-HH-2652-MADisoTFE1_-s3T245_-0301-00003-000001-01.npy,mr_IXI_480i,0,train,113.0,137.0,113.0,128.0,128.0,128.0,success,
mwp2IXI634-HH-2690-MADisoTFE1_-s3T247_-0301-00003-000001-01,D:\github\IOT_Project\dataset\mr_IXI_480i\mwp2IXI634-HH-2690-MADisoTFE1_-s3T247_-0301-00003-000001-01.nii,D:\github\IOT_Project\data\processed\volumes\train\mwp2IXI634-HH-2690-MADisoTFE1_-s3T247_-0301-00003-000001-01.npy,mr_IXI_480i,0,train,113.0,137.0,113.0,128.0,128.0,128.0,success,
mwp2IXI638-HH-2786-MADisoTFE1_-s3T253_-0301-00003-000001-01,D:\github\IOT_Project\dataset\mr_IXI_480i\mwp2IXI638-HH-2786-MADisoTFE1_-s3T253_-0301-00003-000001-01.nii,D:\github\IOT_Project\data\processed\volumes\train\mwp2IXI638-HH-2786-MADisoTFE1_-s3T253_-0301-00003-000001-01.npy,mr_IXI_480i,0,train,113.0,137.0,113.0,128.0,128.0,128.0,success,
mwp2IXI639-Guys-1088-MPRAGESEN_-s445_-0301-00003-000001-01,D:\github\IOT_Project\dataset\mr_IXI_480i\mwp2IXI639-Guys-1088-MPRAGESEN_-s445_-0301-00003-000001-01.nii,D:\github\IOT_Project\data\processed\volumes\train\mwp2IXI639-Guys-1088-MPRAGESEN_-s445_-0301-00003-000001-01.npy,mr_IXI_480i,0,train,113.0,137.0,113.0,128.0,128.0,128.0,success,
mwp2IXI640-Guys-1106-MPRAGESEN_-s452_-0301-00003-000001-01,D:\github\IOT_Project\dataset\mr_IXI_480i\mwp2IXI640-Guys-1106-MPRAGESEN_-s452_-0301-00003-000001-01.nii,D:\github\IOT_Project\data\processed\volumes\train\mwp2IXI640-Guys-1106-MPRAGESEN_-s452_-0301-00003-000001-01.npy,mr_IXI_480i,0,train,113.0,137.0,113.0,128.0,128.0,128.0,success,
mwp2IXI641-Guys-1105-MPRAGESEN_-s451_-0301-00003-000001-01,D:\github\IOT_Project\dataset\mr_IXI_480i\mwp2IXI641-Guys-1105-MPRAGESEN_-s451_-0301-00003-000001-01.nii,D:\github\IOT_Project\data\processed\volumes\train\mwp2IXI641-Guys-1105-MPRAGESEN_-s451_-0301-00003-000001-01.npy,mr_IXI_480i,0,train,113.0,137.0,113.0,128.0,128.0,128.0,success,
mwp2IXI643-HH-2787-MADisoTFE1_-s3T253_-0301-00003-000001-01,D:\github\IOT_Project\dataset\mr_IXI_480i\mwp2IXI643-HH-2787-MADisoTFE1_-s3T253_-0301-00003-000001-01.nii,D:\github\IOT_Project\data\processed\volumes\train\mwp2IXI643-HH-2787-MADisoTFE1_-s3T253_-0301-00003-000001-01.npy,mr_IXI_480i,0,train,113.0,137.0,113.0,128.0,128.0,128.0,success,
mwp2IXI644-Guys-1121-MPRAGESEN_-s455_-0301-00003-000001-01,D:\github\IOT_Project\dataset\mr_IXI_480i\mwp2IXI644-Guys-1121-MPRAGESEN_-s455_-0301-00003-000001-01.nii,D:\github\IOT_Project\data\processed\volumes\train\mwp2IXI644-Guys-1121-MPRAGESEN_-s455_-0301-00003-000001-01.npy,mr_IXI_480i,0,train,113.0,137.0,113.0,128.0,128.0,128.0,success,
mwp2IXI646-HH-2653-MADisoTFE1_-s3T245_-0301-00003-000001-01,D:\github\IOT_Project\dataset\mr_IXI_480i\mwp2IXI646-HH-2653-MADisoTFE1_-s3T245_-0301-00003-000001-01.nii,D:\github\IOT_Project\data\processed\volumes\train\mwp2IXI646-HH-2653-MADisoTFE1_-s3T245_-0301-00003-000001-01.npy,mr_IXI_480i,0,train,113.0,137.0,113.0,128.0,128.0,128.0,success,
mwp2IXI652-Guys-1116-MPRAGESEN_-s454_-0301-00003-000001-01,D:\github\IOT_Project\dataset\mr_IXI_480i\mwp2IXI652-Guys-1116-MPRAGESEN_-s454_-0301-00003-000001-01.nii,D:\github\IOT_Project\data\processed\volumes\train\mwp2IXI652-Guys-1116-MPRAGESEN_-s454_-0301-00003-000001-01.npy,mr_IXI_480i,0,train,113.0,137.0,113.0,128.0,128.0,128.0,success,
mwp2IXI653-Guys-1122-MPRAGESEN_-sIXI653_-0301-00003-000001-01,D:\github\IOT_Project\dataset\mr_IXI_480i\mwp2IXI653-Guys-1122-MPRAGESEN_-sIXI653_-0301-00003-000001-01.nii,D:\github\IOT_Project\data\processed\volumes\train\mwp2IXI653-Guys-1122-MPRAGESEN_-sIXI653_-0301-00003-000001-01.npy,mr_IXI_480i,0,train,113.0,137.0,113.0,128.0,128.0,128.0,success,
mwp2IXI661-HH-2788-MADisoTFE1_-s3T253_-0301-00003-000001-01,D:\github\IOT_Project\dataset\mr_IXI_480i\mwp2IXI661-HH-2788-MADisoTFE1_-s3T253_-0301-00003-000001-01.nii,D:\github\IOT_Project\data\processed\volumes\train\mwp2IXI661-HH-2788-MADisoTFE1_-s3T253_-0301-00003-000001-01.npy,mr_IXI_480i,0,train,113.0,137.0,113.0,128.0,128.0,128.0,success,
nIXI372-IOP-0971-SAGFSPGR_-sIXI37_-0003-00001-000001-01,D:\github\IOT_Project\dataset\mr_IXI_480i\nIXI372-IOP-0971-SAGFSPGR_-sIXI37_-0003-00001-000001-01.nii,D:\github\IOT_Project\data\processed\volumes\train\nIXI372-IOP-0971-SAGFSPGR_-sIXI37_-0003-00001-000001-01.npy,mr_IXI_480i,0,train,256.0,256.0,146.0,128.0,128.0,128.0,success,
nIXI411-Guys-0959-MPRAGESEN_-s414_-0301-00003-000001-01,D:\github\IOT_Project\dataset\mr_IXI_480i\nIXI411-Guys-0959-MPRAGESEN_-s414_-0301-00003-000001-01.nii,D:\github\IOT_Project\data\processed\volumes\train\nIXI411-Guys-0959-MPRAGESEN_-s414_-0301-00003-000001-01.npy,mr_IXI_480i,0,train,256.0,256.0,150.0,128.0,128.0,128.0,success,
rh.ppIXI308-Guys-0884-MPRAGESEN_-s302_-0301-00003-000001-01,D:\github\IOT_Project\dataset\mri_IXI_480_2\rh.ppIXI308-Guys-0884-MPRAGESEN_-s302_-0301-00003-000001-01.nii,D:\github\IOT_Project\data\processed\volumes\train\rh.ppIXI308-Guys-0884-MPRAGESEN_-s302_-0301-00003-000001-01.npy,mri_IXI_480_2,1,train,256.0,256.0,150.0,128.0,128.0,128.0,success,
wj_IXI117-Guys-0763-T1,D:\github\IOT_Project\dataset\mri_IXI_480_2\wj_IXI117-Guys-0763-T1.nii,D:\github\IOT_Project\data\processed\volumes\train\wj_IXI117-Guys-0763-T1.npy,mri_IXI_480_2,1,train,113.0,137.0,113.0,128.0,128.0,128.0,success,
wj_IXI119-Guys-0765-T1,D:\github\IOT_Project\dataset\mri_IXI_480_2\wj_IXI119-Guys-0765-T1.nii,D:\github\IOT_Project\data\processed\volumes\train\wj_IXI119-Guys-0765-T1.npy,mri_IXI_480_2,1,train,113.0,137.0,113.0,128.0,128.0,128.0,success,
wj_IXI120-Guys-0766-T1,D:\github\IOT_Project\dataset\mri_IXI_480_2\wj_IXI120-Guys-0766-T1.nii,D:\github\IOT_Project\data\processed\volumes\train\wj_IXI120-Guys-0766-T1.npy,mri_IXI_480_2,1,train,113.0,137.0,113.0,128.0,128.0,128.0,success,
wj_IXI122-Guys-0773-T1,D:\github\IOT_Project\dataset\mri_IXI_480_2\wj_IXI122-Guys-0773-T1.nii,D:\github\IOT_Project\data\processed\volumes\train\wj_IXI122-Guys-0773-T1.npy,mri_IXI_480_2,1,train,113.0,137.0,113.0,128.0,128.0,128.0,success,
wj_IXI126-HH-1437-T1,D:\github\IOT_Project\dataset\mri_IXI_480_2\wj_IXI126-HH-1437-T1.nii,D:\github\IOT_Project\data\processed\volumes\train\wj_IXI126-HH-1437-T1.npy,mri_IXI_480_2,1,train,113.0,137.0,113.0,128.0,128.0,128.0,success,
wj_IXI127-HH-1451-T1,D:\github\IOT_Project\dataset\mri_IXI_480_2\wj_IXI127-HH-1451-T1.nii,D:\github\IOT_Project\data\processed\volumes\train\wj_IXI127-HH-1451-T1.npy,mri_IXI_480_2,1,train,113.0,137.0,113.0,128.0,128.0,128.0,success,
wj_IXI128-HH-1470-T1,D:\github\IOT_Project\dataset\mri_IXI_480_2\wj_IXI128-HH-1470-T1.nii,D:\github\IOT_Project\data\processed\volumes\train\wj_IXI128-HH-1470-T1.npy,mri_IXI_480_2,1,train,113.0,137.0,113.0,128.0,128.0,128.0,success,
wj_IXI129-Guys-0775-T1,D:\github\IOT_Project\dataset\mri_IXI_480_2\wj_IXI129-Guys-0775-T1.nii,D:\github\IOT_Project\data\processed\volumes\train\wj_IXI129-Guys-0775-T1.npy,mri_IXI_480_2,1,train,113.0,137.0,113.0,128.0,128.0,128.0,success,
wj_IXI130-HH-1528-T1,D:\github\IOT_Project\dataset\mri_IXI_480_2\wj_IXI130-HH-1528-T1.nii,D:\github\IOT_Project\data\processed\volumes\train\wj_IXI130-HH-1528-T1.npy,mri_IXI_480_2,1,train,113.0,137.0,113.0,128.0,128.0,128.0,success,
wj_IXI131-HH-1527-T1,D:\github\IOT_Project\dataset\mri_IXI_480_2\wj_IXI131-HH-1527-T1.nii,D:\github\IOT_Project\data\processed\volumes\train\wj_IXI131-HH-1527-T1.npy,mri_IXI_480_2,1,train,113.0,137.0,113.0,128.0,128.0,128.0,success,
wj_IXI132-HH-1415-T1,D:\github\IOT_Project\dataset\mri_IXI_480_2\wj_IXI132-HH-1415-T1.nii,D:\github\IOT_Project\data\processed\volumes\train\wj_IXI132-HH-1415-T1.npy,mri_IXI_480_2,1,train,113.0,137.0,113.0,128.0,128.0,128.0,success,
wj_IXI135-Guys-0779-T1,D:\github\IOT_Project\dataset\mri_IXI_480_2\wj_IXI135-Guys-0779-T1.nii,D:\github\IOT_Project\data\processed\volumes\train\wj_IXI135-Guys-0779-T1.npy,mri_IXI_480_2,1,train,113.0,137.0,113.0,128.0,128.0,128.0,success,
wj_IXI138-Guys-0746-T1,D:\github\IOT_Project\dataset\mri_IXI_480_2\wj_IXI138-Guys-0746-T1.nii,D:\github\IOT_Project\data\processed\volumes\train\wj_IXI138-Guys-0746-T1.npy,mri_IXI_480_2,1,train,113.0,137.0,113.0,128.0,128.0,128.0,success,
wj_IXI140-Guys-0787-T1,D:\github\IOT_Project\dataset\mri_IXI_480_2\wj_IXI140-Guys-0787-T1.nii,D:\github\IOT_Project\data\processed\volumes\train\wj_IXI140-Guys-0787-T1.npy,mri_IXI_480_2,1,train,113.0,137.0,113.0,128.0,128.0,128.0,success,
wj_IXI141-Guys-0789-T1,D:\github\IOT_Project\dataset\mri_IXI_480_2\wj_IXI141-Guys-0789-T1.nii,D:\github\IOT_Project\data\processed\volumes\train\wj_IXI141-Guys-0789-T1.npy,mri_IXI_480_2,1,train,113.0,137.0,113.0,128.0,128.0,128.0,success,
wj_IXI142-Guys-0786-T1,D:\github\IOT_Project\dataset\mri_IXI_480_2\wj_IXI142-Guys-0786-T1.nii,D:\github\IOT_Project\data\processed\volumes\train\wj_IXI142-Guys-0786-T1.npy,mri_IXI_480_2,1,train,113.0,137.0,113.0,128.0,128.0,128.0,success,
wj_IXI143-Guys-0785-T1,D:\github\IOT_Project\dataset\mri_IXI_480_2\wj_IXI143-Guys-0785-T1.nii,D:\github\IOT_Project\data\processed\volumes\train\wj_IXI143-Guys-0785-T1.npy,mri_IXI_480_2,1,train,113.0,137.0,113.0,128.0,128.0,128.0,success,
wj_IXI144-Guys-0788-T1,D:\github\IOT_Project\dataset\mri_IXI_480_2\wj_IXI144-Guys-0788-T1.nii,D:\github\IOT_Project\data\processed\volumes\train\wj_IXI144-Guys-0788-T1.npy,mri_IXI_480_2,1,train,113.0,137.0,113.0,128.0,128.0,128.0,success,
wj_IXI146-HH-1389-T1,D:\github\IOT_Project\dataset\mri_IXI_480_2\wj_IXI146-HH-1389-T1.nii,D:\github\IOT_Project\data\processed\volumes\train\wj_IXI146-HH-1389-T1.npy,mri_IXI_480_2,1,train,113.0,137.0,113.0,128.0,128.0,128.0,success,
wj_IXI148-HH-1453-T1,D:\github\IOT_Project\dataset\mri_IXI_480_2\wj_IXI148-HH-1453-T1.nii,D:\github\IOT_Project\data\processed\volumes\train\wj_IXI148-HH-1453-T1.npy,mri_IXI_480_2,1,train,113.0,137.0,113.0,128.0,128.0,128.0,success,
wj_IXI150-HH-1550-T1,D:\github\IOT_Project\dataset\mri_IXI_480_2\wj_IXI150-HH-1550-T1.nii,D:\github\IOT_Project\data\processed\volumes\train\wj_IXI150-HH-1550-T1.npy,mri_IXI_480_2,1,train,113.0,137.0,113.0,128.0,128.0,128.0,success,
wj_IXI151-Guys-0793-T1,D:\github\IOT_Project\dataset\mri_IXI_480_2\wj_IXI151-Guys-0793-T1.nii,D:\github\IOT_Project\data\processed\volumes\train\wj_IXI151-Guys-0793-T1.npy,mri_IXI_480_2,1,train,113.0,137.0,113.0,128.0,128.0,128.0,success,
wj_IXI156-Guys-0837-MPRAGESEN_-s259_-0301-00003-000001-01,D:\github\IOT_Project\dataset\mri_IXI_480_2\wj_IXI156-Guys-0837-MPRAGESEN_-s259_-0301-00003-000001-01.nii,D:\github\IOT_Project\data\processed\volumes\train\wj_IXI156-Guys-0837-MPRAGESEN_-s259_-0301-00003-000001-01.npy,mri_IXI_480_2,1,train,113.0,137.0,113.0,128.0,128.0,128.0,success,
wj_IXI159-HH-1549-IXIMADisoTFE12_-s3T145_-0301-00003-000001-01,D:\github\IOT_Project\dataset\mri_IXI_480_2\wj_IXI159-HH-1549-IXIMADisoTFE12_-s3T145_-0301-00003-000001-01.nii,D:\github\IOT_Project\data\processed\volumes\train\wj_IXI159-HH-1549-IXIMADisoTFE12_-s3T145_-0301-00003-000001-01.npy,mri_IXI_480_2,1,train,113.0,137.0,113.0,128.0,128.0,128.0,success,
wj_IXI160-HH-1637-IXIMADisoTFE12_-s3T154_-0301-00003-000001-01,D:\github\IOT_Project\dataset\mri_IXI_480_2\wj_IXI160-HH-1637-IXIMADisoTFE12_-s3T154_-0301-00003-000001-01.nii,D:\github\IOT_Project\data\processed\volumes\train\wj_IXI160-HH-1637-IXIMADisoTFE12_-s3T154_-0301-00003-000001-01.npy,mri_IXI_480_2,1,train,113.0,137.0,113.0,128.0,128.0,128.0,success,
wj_IXI164-Guys-0844-MPRAGESEN_-s260_-0301-00003-000001-01,D:\github\IOT_Project\dataset\mri_IXI_480_2\wj_IXI164-Guys-0844-MPRAGESEN_-s260_-0301-00003-000001-01.nii,D:\github\IOT_Project\data\processed\volumes\train\wj_IXI164-Guys-0844-MPRAGESEN_-s260_-0301-00003-000001-01.npy,mri_IXI_480_2,1,train,113.0,137.0,113.0,128.0,128.0,128.0,success,
wj_IXI165-HH-1589-IXIMADisoTFE12_-s3T149_-0301-00003-000001-01,D:\github\IOT_Project\dataset\mri_IXI_480_2\wj_IXI165-HH-1589-IXIMADisoTFE12_-s3T149_-0301-00003-000001-01.nii,D:\github\IOT_Project\data\processed\volumes\train\wj_IXI165-HH-1589-IXIMADisoTFE12_-s3T149_-0301-00003-000001-01.npy,mri_IXI_480_2,1,train,113.0,137.0,113.0,128.0,128.0,128.0,success,
wj_IXI167-HH-1569-IXIMADisoTFE12_-s3T147_-0301-00003-000001-01,D:\github\IOT_Project\dataset\mri_IXI_480_2\wj_IXI167-HH-1569-IXIMADisoTFE12_-s3T147_-0301-00003-000001-01.nii,D:\github\IOT_Project\data\processed\volumes\train\wj_IXI167-HH-1569-IXIMADisoTFE12_-s3T147_-0301-00003-000001-01.npy,mri_IXI_480_2,1,train,113.0,137.0,113.0,128.0,128.0,128.0,success,
wj_IXI168-HH-1607-IXIMADisoTFE12_-s3T151_-0301-00003-000001-01,D:\github\IOT_Project\dataset\mri_IXI_480_2\wj_IXI168-HH-1607-IXIMADisoTFE12_-s3T151_-0301-00003-000001-01.nii,D:\github\IOT_Project\data\processed\volumes\train\wj_IXI168-HH-1607-IXIMADisoTFE12_-s3T151_-0301-00003-000001-01.npy,mri_IXI_480_2,1,train,113.0,137.0,113.0,128.0,128.0,128.0,success,
wj_IXI169-Guys-0842-MPRAGESEN_-s260_-0301-00003-000001-01,D:\github\IOT_Project\dataset\mri_IXI_480_2\wj_IXI169-Guys-0842-MPRAGESEN_-s260_-0301-00003-000001-01.nii,D:\github\IOT_Project\data\processed\volumes\train\wj_IXI169-Guys-0842-MPRAGESEN_-s260_-0301-00003-000001-01.npy,mri_IXI_480_2,1,train,113.0,137.0,113.0,128.0,128.0,128.0,success,
wj_IXI170-Guys-0843-MPRAGESEN_-s260_-0401-00004-000001-01,D:\github\IOT_Project\dataset\mri_IXI_480_2\wj_IXI170-Guys-0843-MPRAGESEN_-s260_-0401-00004-000001-01.nii,D:\github\IOT_Project\data\processed\volumes\train\wj_IXI170-Guys-0843-MPRAGESEN_-s260_-0401-00004-000001-01.npy,mri_IXI_480_2,1,train,113.0,137.0,113.0,128.0,128.0,128.0,success,
wj_IXI173-HH-1590-IXIMADisoTFE12_-s3T149_-0301-00003-000001-01,D:\github\IOT_Project\dataset\mri_IXI_480_2\wj_IXI173-HH-1590-IXIMADisoTFE12_-s3T149_-0301-00003-000001-01.nii,D:\github\IOT_Project\data\processed\volumes\train\wj_IXI173-HH-1590-IXIMADisoTFE12_-s3T149_-0301-00003-000001-01.npy,mri_IXI_480_2,1,train,113.0,137.0,113.0,128.0,128.0,128.0,success,
wj_IXI174-HH-1571-IXIMADisoTFE12_-s3T147_-0301-00003-000001-01,D:\github\IOT_Project\dataset\mri_IXI_480_2\wj_IXI174-HH-1571-IXIMADisoTFE12_-s3T147_-0301-00003-000001-01.nii,D:\github\IOT_Project\data\processed\volumes\train\wj_IXI174-HH-1571-IXIMADisoTFE12_-s3T147_-0301-00003-000001-01.npy,mri_IXI_480_2,1,train,113.0,137.0,113.0,128.0,128.0,128.0,success,
wj_IXI175-HH-1570-IXIMADisoTFE12_-s3T147_-0301-00003-000001-01,D:\github\IOT_Project\dataset\mri_IXI_480_2\wj_IXI175-HH-1570-IXIMADisoTFE12_-s3T147_-0301-00003-000001-01.nii,D:\github\IOT_Project\data\processed\volumes\train\wj_IXI175-HH-1570-IXIMADisoTFE12_-s3T147_-0301-00003-000001-01.npy,mri_IXI_480_2,1,train,113.0,137.0,113.0,128.0,128.0,128.0,success,
wj_IXI176-HH-1604-IXIMADisoTFE12_-s3T151_-0301-00003-000001-01,D:\github\IOT_Project\dataset\mri_IXI_480_2\wj_IXI176-HH-1604-IXIMADisoTFE12_-s3T151_-0301-00003-000001-01.nii,D:\github\IOT_Project\data\processed\volumes\train\wj_IXI176-HH-1604-IXIMADisoTFE12_-s3T151_-0301-00003-000001-01.npy,mri_IXI_480_2,1,train,113.0,137.0,113.0,128.0,128.0,128.0,success,
wj_IXI178-Guys-0778-IXI3DMPRAG_-s248_-0301-00003-000001-01,D:\github\IOT_Project\dataset\mri_IXI_480_2\wj_IXI178-Guys-0778-IXI3DMPRAG_-s248_-0301-00003-000001-01.nii,D:\github\IOT_Project\data\processed\volumes\train\wj_IXI178-Guys-0778-IXI3DMPRAG_-s248_-0301-00003-000001-01.npy,mri_IXI_480_2,1,train,113.0,137.0,113.0,128.0,128.0,128.0,success,
wj_IXI179-Guys-0777-IXI3DMPRAG_-s247_-0401-00004-000001-01,D:\github\IOT_Project\dataset\mri_IXI_480_2\wj_IXI179-Guys-0777-IXI3DMPRAG_-s247_-0401-00004-000001-01.nii,D:\github\IOT_Project\data\processed\volumes\train\wj_IXI179-Guys-0777-IXI3DMPRAG_-s247_-0401-00004-000001-01.npy,mri_IXI_480_2,1,train,113.0,137.0,113.0,128.0,128.0,128.0,success,
wj_IXI180-HH-1605-IXIMADisoTFE12_-s3T151_-0301-00003-000001-01,D:\github\IOT_Project\dataset\mri_IXI_480_2\wj_IXI180-HH-1605-IXIMADisoTFE12_-s3T151_-0301-00003-000001-01.nii,D:\github\IOT_Project\data\processed\volumes\train\wj_IXI180-HH-1605-IXIMADisoTFE12_-s3T151_-0301-00003-000001-01.npy,mri_IXI_480_2,1,train,113.0,137.0,113.0,128.0,128.0,128.0,success,
wj_IXI181-Guys-0790-MPRAGESEN_-s251_-0301-00003-000001-01,D:\github\IOT_Project\dataset\mri_IXI_480_2\wj_IXI181-Guys-0790-MPRAGESEN_-s251_-0301-00003-000001-01.nii,D:\github\IOT_Project\data\processed\volumes\train\wj_IXI181-Guys-0790-MPRAGESEN_-s251_-0301-00003-000001-01.npy,mri_IXI_480_2,1,train,113.0,137.0,113.0,128.0,128.0,128.0,success,
wj_IXI182-Guys-0792-MPRAGESEN_-s251_-0301-00003-000001-01,D:\github\IOT_Project\dataset\mri_IXI_480_2\wj_IXI182-Guys-0792-MPRAGESEN_-s251_-0301-00003-000001-01.nii,D:\github\IOT_Project\data\processed\volumes\train\wj_IXI182-Guys-0792-MPRAGESEN_-s251_-0301-00003-000001-01.npy,mri_IXI_480_2,1,train,113.0,137.0,113.0,128.0,128.0,128.0,success,
wj_IXI184-Guys-0794-MPRAGESEN_-s252_-0301-00003-000001-01,D:\github\IOT_Project\dataset\mri_IXI_480_2\wj_IXI184-Guys-0794-MPRAGESEN_-s252_-0301-00003-000001-01.nii,D:\github\IOT_Project\data\processed\volumes\train\wj_IXI184-Guys-0794-MPRAGESEN_-s252_-0301-00003-000001-01.npy,mri_IXI_480_2,1,train,113.0,137.0,113.0,128.0,128.0,128.0,success,
wj_IXI185-Guys-0795-MPRAGESEN_-s252_-0301-00003-000001-01,D:\github\IOT_Project\dataset\mri_IXI_480_2\wj_IXI185-Guys-0795-MPRAGESEN_-s252_-0301-00003-000001-01.nii,D:\github\IOT_Project\data\processed\volumes\train\wj_IXI185-Guys-0795-MPRAGESEN_-s252_-0301-00003-000001-01.npy,mri_IXI_480_2,1,train,113.0,137.0,113.0,128.0,128.0,128.0,success,
wj_IXI186-Guys-0796-MPRAGESEN_-s252_-0301-00003-000001-01,D:\github\IOT_Project\dataset\mri_IXI_480_2\wj_IXI186-Guys-0796-MPRAGESEN_-s252_-0301-00003-000001-01.nii,D:\github\IOT_Project\data\processed\volumes\train\wj_IXI186-Guys-0796-MPRAGESEN_-s252_-0301-00003-000001-01.npy,mri_IXI_480_2,1,train,113.0,137.0,113.0,128.0,128.0,128.0,success,
wj_IXI188-Guys-0798-MPRAGESEN_-s252_-0301-00003-000001-01,D:\github\IOT_Project\dataset\mri_IXI_480_2\wj_IXI188-Guys-0798-MPRAGESEN_-s252_-0301-00003-000001-01.nii,D:\github\IOT_Project\data\processed\volumes\train\wj_IXI188-Guys-0798-MPRAGESEN_-s252_-0301-00003-000001-01.npy,mri_IXI_480_2,1,train,113.0,137.0,113.0,128.0,128.0,128.0,success,
wj_IXI189-Guys-0799-MPRAGESEN_-s252_-0301-00003-000001-01,D:\github\IOT_Project\dataset\mri_IXI_480_2\wj_IXI189-Guys-0799-MPRAGESEN_-s252_-0301-00003-000001-01.nii,D:\github\IOT_Project\data\processed\volumes\train\wj_IXI189-Guys-0799-MPRAGESEN_-s252_-0301-00003-000001-01.npy,mri_IXI_480_2,1,train,113.0,137.0,113.0,128.0,128.0,128.0,success,
wj_IXI192-Guys-0878-MPRAGESEN_-s299_-0301-00003-000001-01,D:\github\IOT_Project\dataset\mri_IXI_480_2\wj_IXI192-Guys-0878-MPRAGESEN_-s299_-0301-00003-000001-01.nii,D:\github\IOT_Project\data\processed\volumes\train\wj_IXI192-Guys-0878-MPRAGESEN_-s299_-0301-00003-000001-01.npy,mri_IXI_480_2,1,train,113.0,137.0,113.0,128.0,128.0,128.0,success,
wj_IXI194-Guys-0818-MPRAGESEN_-s254_-0301-00003-000001-01,D:\github\IOT_Project\dataset\mri_IXI_480_2\wj_IXI194-Guys-0818-MPRAGESEN_-s254_-0301-00003-000001-01.nii,D:\github\IOT_Project\data\processed\volumes\train\wj_IXI194-Guys-0818-MPRAGESEN_-s254_-0301-00003-000001-01.npy,mri_IXI_480_2,1,train,113.0,137.0,113.0,128.0,128.0,128.0,success,
wj_IXI195-HH-1620-IXIMADisoTFE12_-s3T152_-0301-00003-000001-01,D:\github\IOT_Project\dataset\mri_IXI_480_2\wj_IXI195-HH-1620-IXIMADisoTFE12_-s3T152_-0301-00003-000001-01.nii,D:\github\IOT_Project\data\processed\volumes\train\wj_IXI195-HH-1620-IXIMADisoTFE12_-s3T152_-0301-00003-000001-01.npy,mri_IXI_480_2,1,train,113.0,137.0,113.0,128.0,128.0,128.0,success,
wj_IXI197-Guys-0811-MPRAGESEN_-s253_-0301-00003-000001-01,D:\github\IOT_Project\dataset\mri_IXI_480_2\wj_IXI197-Guys-0811-MPRAGESEN_-s253_-0301-00003-000001-01.nii,D:\github\IOT_Project\data\processed\volumes\train\wj_IXI197-Guys-0811-MPRAGESEN_-s253_-0301-00003-000001-01.npy,mri_IXI_480_2,1,train,113.0,137.0,113.0,128.0,128.0,128.0,success,
wj_IXI198-Guys-0803-MPRAGESEN_-s253_-0301-00003-000001-01,D:\github\IOT_Project\dataset\mri_IXI_480_2\wj_IXI198-Guys-0803-MPRAGESEN_-s253_-0301-00003-000001-01.nii,D:\github\IOT_Project\data\processed\volumes\train\wj_IXI198-Guys-0803-MPRAGESEN_-s253_-0301-00003-000001-01.npy,mri_IXI_480_2,1,train,113.0,137.0,113.0,128.0,128.0,128.0,success,
wj_IXI199-Guys-0802-MPRAGESEN_-s253_-0301-00003-000001-01,D:\github\IOT_Project\dataset\mri_IXI_480_2\wj_IXI199-Guys-0802-MPRAGESEN_-s253_-0301-00003-000001-01.nii,D:\github\IOT_Project\data\processed\volumes\train\wj_IXI199-Guys-0802-MPRAGESEN_-s253_-0301-00003-000001-01.npy,mri_IXI_480_2,1,train,113.0,137.0,113.0,128.0,128.0,128.0,success,
wj_IXI200-Guys-0812-MPRAGESEN_-s254_-0401-00004-000001-01,D:\github\IOT_Project\dataset\mri_IXI_480_2\wj_IXI200-Guys-0812-MPRAGESEN_-s254_-0401-00004-000001-01.nii,D:\github\IOT_Project\data\processed\volumes\train\wj_IXI200-Guys-0812-MPRAGESEN_-s254_-0401-00004-000001-01.npy,mri_IXI_480_2,1,train,113.0,137.0,113.0,128.0,128.0,128.0,success,
wj_IXI201-HH-1588-IXIMADisoTFE12_-s3T149_-0301-00003-000001-01,D:\github\IOT_Project\dataset\mri_IXI_480_2\wj_IXI201-HH-1588-IXIMADisoTFE12_-s3T149_-0301-00003-000001-01.nii,D:\github\IOT_Project\data\processed\volumes\train\wj_IXI201-HH-1588-IXIMADisoTFE12_-s3T149_-0301-00003-000001-01.npy,mri_IXI_480_2,1,train,113.0,137.0,113.0,128.0,128.0,128.0,success,
wj_IXI202-HH-1526-IXIMADisoTFE12_-s3T142_-0301-00003-000001-01,D:\github\IOT_Project\dataset\mri_IXI_480_2\wj_IXI202-HH-1526-IXIMADisoTFE12_-s3T142_-0301-00003-000001-01.nii,D:\github\IOT_Project\data\processed\volumes\train\wj_IXI202-HH-1526-IXIMADisoTFE12_-s3T142_-0301-00003-000001-01.npy,mri_IXI_480_2,1,train,113.0,137.0,113.0,128.0,128.0,128.0,success,
wj_IXI204-HH-1651-IXIMADisoTFE12_-s3T156_-0301-00003-000001-01,D:\github\IOT_Project\dataset\mri_IXI_480_2\wj_IXI204-HH-1651-IXIMADisoTFE12_-s3T156_-0301-00003-000001-01.nii,D:\github\IOT_Project\data\processed\volumes\train\wj_IXI204-HH-1651-IXIMADisoTFE12_-s3T156_-0301-00003-000001-01.npy,mri_IXI_480_2,1,train,113.0,137.0,113.0,128.0,128.0,128.0,success,
wj_IXI206-HH-1650-IXIMADisoTFE12_-s3T156_-0301-00003-000001-01,D:\github\IOT_Project\dataset\mri_IXI_480_2\wj_IXI206-HH-1650-IXIMADisoTFE12_-s3T156_-0301-00003-000001-01.nii,D:\github\IOT_Project\data\processed\volumes\train\wj_IXI206-HH-1650-IXIMADisoTFE12_-s3T156_-0301-00003-000001-01.npy,mri_IXI_480_2,1,train,113.0,137.0,113.0,128.0,128.0,128.0,success,
wj_IXI207-Guys-0809-MPRAGESEN_-s253_-0301-00003-000001-01,D:\github\IOT_Project\dataset\mri_IXI_480_2\wj_IXI207-Guys-0809-MPRAGESEN_-s253_-0301-00003-000001-01.nii,D:\github\IOT_Project\data\processed\volumes\train\wj_IXI207-Guys-0809-MPRAGESEN_-s253_-0301-00003-000001-01.npy,mri_IXI_480_2,1,train,113.0,137.0,113.0,128.0,128.0,128.0,success,
wj_IXI210-Guys-0856-MPRAGESEN_-s295_-0301-00003-000001-01,D:\github\IOT_Project\dataset\mri_IXI_480_2\wj_IXI210-Guys-0856-MPRAGESEN_-s295_-0301-00003-000001-01.nii,D:\github\IOT_Project\data\processed\volumes\train\wj_IXI210-Guys-0856-MPRAGESEN_-s295_-0301-00003-000001-01.npy,mri_IXI_480_2,1,train,113.0,137.0,113.0,128.0,128.0,128.0,success,
wj_IXI211-HH-1568-IXIMADisoTFE12_-s3T147_-0301-00003-000001-01,D:\github\IOT_Project\dataset\mri_IXI_480_2\wj_IXI211-HH-1568-IXIMADisoTFE12_-s3T147_-0301-00003-000001-01.nii,D:\github\IOT_Project\data\processed\volumes\train\wj_IXI211-HH-1568-IXIMADisoTFE12_-s3T147_-0301-00003-000001-01.npy,mri_IXI_480_2,1,train,113.0,137.0,113.0,128.0,128.0,128.0,success,
wj_IXI213-HH-1642-IXIMADisoTFE12_-s3T155_-0301-00003-000001-01,D:\github\IOT_Project\dataset\mri_IXI_480_2\wj_IXI213-HH-1642-IXIMADisoTFE12_-s3T155_-0301-00003-000001-01.nii,D:\github\IOT_Project\data\processed\volumes\train\wj_IXI213-HH-1642-IXIMADisoTFE12_-s3T155_-0301-00003-000001-01.npy,mri_IXI_480_2,1,train,113.0,137.0,113.0,128.0,128.0,128.0,success,
wj_IXI216-HH-1635-IXIMADisoTFE12_-s3T154_-0301-00003-000001-01,D:\github\IOT_Project\dataset\mri_IXI_480_2\wj_IXI216-HH-1635-IXIMADisoTFE12_-s3T154_-0301-00003-000001-01.nii,D:\github\IOT_Project\data\processed\volumes\train\wj_IXI216-HH-1635-IXIMADisoTFE12_-s3T154_-0301-00003-000001-01.npy,mri_IXI_480_2,1,train,113.0,137.0,113.0,128.0,128.0,128.0,success,
wj_IXI218-HH-1815-MADisoTFE1_-s3T171_-0301-00003-000001-01,D:\github\IOT_Project\dataset\mri_IXI_480_2\wj_IXI218-HH-1815-MADisoTFE1_-s3T171_-0301-00003-000001-01.nii,D:\github\IOT_Project\data\processed\volumes\train\wj_IXI218-HH-1815-MADisoTFE1_-s3T171_-0301-00003-000001-01.npy,mri_IXI_480_2,1,train,113.0,137.0,113.0,128.0,128.0,128.0,success,
wj_IXI219-Guys-0894-MPRAGESEN_-s304_-0301-00003-000001-01,D:\github\IOT_Project\dataset\mri_IXI_480_2\wj_IXI219-Guys-0894-MPRAGESEN_-s304_-0301-00003-000001-01.nii,D:\github\IOT_Project\data\processed\volumes\train\wj_IXI219-Guys-0894-MPRAGESEN_-s304_-0301-00003-000001-01.npy,mri_IXI_480_2,1,train,113.0,137.0,113.0,128.0,128.0,128.0,success,
wj_IXI221-HH-1606-IXIMADisoTFE12_-s3T151_-0301-00003-000001-01,D:\github\IOT_Project\dataset\mri_IXI_480_2\wj_IXI221-HH-1606-IXIMADisoTFE12_-s3T151_-0301-00003-000001-01.nii,D:\github\IOT_Project\data\processed\volumes\train\wj_IXI221-HH-1606-IXIMADisoTFE12_-s3T151_-0301-00003-000001-01.npy,mri_IXI_480_2,1,train,113.0,137.0,113.0,128.0,128.0,128.0,success,
wj_IXI222-Guys-0819-MPRAGESEN_-s222_-0301-00003-000001-01,D:\github\IOT_Project\dataset\mri_IXI_480_2\wj_IXI222-Guys-0819-MPRAGESEN_-s222_-0301-00003-000001-01.nii,D:\github\IOT_Project\data\processed\volumes\train\wj_IXI222-Guys-0819-MPRAGESEN_-s222_-0301-00003-000001-01.npy,mri_IXI_480_2,1,train,113.0,137.0,113.0,128.0,128.0,128.0,success,
wj_IXI223-Guys-0830-MPRAGESEN_-s256_-0301-00003-000001-01,D:\github\IOT_Project\dataset\mri_IXI_480_2\wj_IXI223-Guys-0830-MPRAGESEN_-s256_-0301-00003-000001-01.nii,D:\github\IOT_Project\data\processed\volumes\train\wj_IXI223-Guys-0830-MPRAGESEN_-s256_-0301-00003-000001-01.npy,mri_IXI_480_2,1,train,113.0,137.0,113.0,128.0,128.0,128.0,success,
wj_IXI224-Guys-0823-MPRAGESEN_-s255_-0301-00003-000001-01,D:\github\IOT_Project\dataset\mri_IXI_480_2\wj_IXI224-Guys-0823-MPRAGESEN_-s255_-0301-00003-000001-01.nii,D:\github\IOT_Project\data\processed\volumes\train\wj_IXI224-Guys-0823-MPRAGESEN_-s255_-0301-00003-000001-01.npy,mri_IXI_480_2,1,train,113.0,137.0,113.0,128.0,128.0,128.0,success,
wj_IXI226-HH-1618-IXIMADisoTFE12_-s3T152_-0301-00003-000001-01,D:\github\IOT_Project\dataset\mri_IXI_480_2\wj_IXI226-HH-1618-IXIMADisoTFE12_-s3T152_-0301-00003-000001-01.nii,D:\github\IOT_Project\data\processed\volumes\train\wj_IXI226-HH-1618-IXIMADisoTFE12_-s3T152_-0301-00003-000001-01.npy,mri_IXI_480_2,1,train,113.0,137.0,113.0,128.0,128.0,128.0,success,
wj_IXI227-Guys-0813-MPRAGESEN_-s254_-0301-00003-000001-01,D:\github\IOT_Project\dataset\mri_IXI_480_2\wj_IXI227-Guys-0813-MPRAGESEN_-s254_-0301-00003-000001-01.nii,D:\github\IOT_Project\data\processed\volumes\train\wj_IXI227-Guys-0813-MPRAGESEN_-s254_-0301-00003-000001-01.npy,mri_IXI_480_2,1,train,113.0,137.0,113.0,128.0,128.0,128.0,success,
wj_IXI229-Guys-0980-MPRAGESEN_-s416_-0301-00003-000001-01,D:\github\IOT_Project\dataset\mri_IXI_480_2\wj_IXI229-Guys-0980-MPRAGESEN_-s416_-0301-00003-000001-01.nii,D:\github\IOT_Project\data\processed\volumes\train\wj_IXI229-Guys-0980-MPRAGESEN_-s416_-0301-00003-000001-01.npy,mri_IXI_480_2,1,train,113.0,137.0,113.0,128.0,128.0,128.0,success,
wj_IXI231-IOP-0866-SAGFSPGR_-sIXI23_-0003-00001-000001-01,D:\github\IOT_Project\dataset\mri_IXI_480_2\wj_IXI231-IOP-0866-SAGFSPGR_-sIXI23_-0003-00001-000001-01.nii,D:\github\IOT_Project\data\processed\volumes\train\wj_IXI231-IOP-0866-SAGFSPGR_-sIXI23_-0003-00001-000001-01.npy,mri_IXI_480_2,1,train,113.0,137.0,113.0,128.0,128.0,128.0,success,
wj_IXI233-IOP-0875-SAGFSPGR_-sIXI23_-0003-00001-000001-01,D:\github\IOT_Project\dataset\mri_IXI_480_2\wj_IXI233-IOP-0875-SAGFSPGR_-sIXI23_-0003-00001-000001-01.nii,D:\github\IOT_Project\data\processed\volumes\train\wj_IXI233-IOP-0875-SAGFSPGR_-sIXI23_-0003-00001-000001-01.npy,mri_IXI_480_2,1,train,113.0,137.0,113.0,128.0,128.0,128.0,success,
wj_IXI236-Guys-0817-MPRAGESEN_-s254_-0301-00003-000001-01,D:\github\IOT_Project\dataset\mri_IXI_480_2\wj_IXI236-Guys-0817-MPRAGESEN_-s254_-0301-00003-000001-01.nii,D:\github\IOT_Project\data\processed\volumes\train\wj_IXI236-Guys-0817-MPRAGESEN_-s254_-0301-00003-000001-01.npy,mri_IXI_480_2,1,train,113.0,137.0,113.0,128.0,128.0,128.0,success,
wj_IXI237-Guys-1049-MPRAGESEN_-s426_-0301-00003-000001-01,D:\github\IOT_Project\dataset\mri_IXI_480_2\wj_IXI237-Guys-1049-MPRAGESEN_-s426_-0301-00003-000001-01.nii,D:\github\IOT_Project\data\processed\volumes\train\wj_IXI237-Guys-1049-MPRAGESEN_-s426_-0301-00003-000001-01.npy,mri_IXI_480_2,1,train,113.0,137.0,113.0,128.0,128.0,128.0,success,
wj_IXI238-IOP-0883-SAGFSPGR_-sIXI23_-0003-00001-000001-01,D:\github\IOT_Project\dataset\mri_IXI_480_2\wj_IXI238-IOP-0883-SAGFSPGR_-sIXI23_-0003-00001-000001-01.nii,D:\github\IOT_Project\data\processed\volumes\train\wj_IXI238-IOP-0883-SAGFSPGR_-sIXI23_-0003-00001-000001-01.npy,mri_IXI_480_2,1,train,113.0,137.0,113.0,128.0,128.0,128.0,success,
wj_IXI239-HH-2296-MADisoTFE1_-s3T223_-0301-00003-000001-01,D:\github\IOT_Project\dataset\mri_IXI_480_2\wj_IXI239-HH-2296-MADisoTFE1_-s3T223_-0301-00003-000001-01.nii,D:\github\IOT_Project\data\processed\volumes\train\wj_IXI239-HH-2296-MADisoTFE1_-s3T223_-0301-00003-000001-01.npy,mri_IXI_480_2,1,train,113.0,137.0,113.0,128.0,128.0,128.0,success,
wj_IXI241-Guys-0833-MPRAGESEN_-s257_-0301-00003-000001-01,D:\github\IOT_Project\dataset\mri_IXI_480_2\wj_IXI241-Guys-0833-MPRAGESEN_-s257_-0301-00003-000001-01.nii,D:\github\IOT_Project\data\processed\volumes\train\wj_IXI241-Guys-0833-MPRAGESEN_-s257_-0301-00003-000001-01.npy,mri_IXI_480_2,1,train,113.0,137.0,113.0,128.0,128.0,128.0,success,
wj_IXI242-HH-1722-MADisoTFE1_-s3T164_-0301-00003-000001-01,D:\github\IOT_Project\dataset\mri_IXI_480_2\wj_IXI242-HH-1722-MADisoTFE1_-s3T164_-0301-00003-000001-01.nii,D:\github\IOT_Project\data\processed\volumes\train\wj_IXI242-HH-1722-MADisoTFE1_-s3T164_-0301-00003-000001-01.npy,mri_IXI_480_2,1,train,113.0,137.0,113.0,128.0,128.0,128.0,success,
wj_IXI246-Guys-0840-MPRAGESEN_-s260_-0301-00003-000001-01,D:\github\IOT_Project\dataset\mri_IXI_480_2\wj_IXI246-Guys-0840-MPRAGESEN_-s260_-0301-00003-000001-01.nii,D:\github\IOT_Project\data\processed\volumes\train\wj_IXI246-Guys-0840-MPRAGESEN_-s260_-0301-00003-000001-01.npy,mri_IXI_480_2,1,train,113.0,137.0,113.0,128.0,128.0,128.0,success,
wj_IXI247-Guys-0838-MPRAGESEN_-s259_-0301-00003-000001-01,D:\github\IOT_Project\dataset\mri_IXI_480_2\wj_IXI247-Guys-0838-MPRAGESEN_-s259_-0301-00003-000001-01.nii,D:\github\IOT_Project\data\processed\volumes\train\wj_IXI247-Guys-0838-MPRAGESEN_-s259_-0301-00003-000001-01.npy,mri_IXI_480_2,1,train,113.0,137.0,113.0,128.0,128.0,128.0,success,
wj_IXI248-HH-1972-MADisoTFE1_-s3T188_-0301-00003-000001-01,D:\github\IOT_Project\dataset\mri_IXI_480_2\wj_IXI248-HH-1972-MADisoTFE1_-s3T188_-0301-00003-000001-01.nii,D:\github\IOT_Project\data\processed\volumes\train\wj_IXI248-HH-1972-MADisoTFE1_-s3T188_-0301-00003-000001-01.npy,mri_IXI_480_2,1,train,113.0,137.0,113.0,128.0,128.0,128.0,success,
wj_IXI249-Guys-1072-MPRAGESEN_-sIXI24_-0301-00003-000001-01,D:\github\IOT_Project\dataset\mri_IXI_480_2\wj_IXI249-Guys-1072-MPRAGESEN_-sIXI24_-0301-00003-000001-01.nii,D:\github\IOT_Project\data\processed\volumes\train\wj_IXI249-Guys-1072-MPRAGESEN_-sIXI24_-0301-00003-000001-01.npy,mri_IXI_480_2,1,train,113.0,137.0,113.0,128.0,128.0,128.0,success,
wj_IXI251-Guys-1055-MPRAGESEN_-s426_-0301-00003-000001-01,D:\github\IOT_Project\dataset\mri_IXI_480_2\wj_IXI251-Guys-1055-MPRAGESEN_-s426_-0301-00003-000001-01.nii,D:\github\IOT_Project\data\processed\volumes\train\wj_IXI251-Guys-1055-MPRAGESEN_-s426_-0301-00003-000001-01.npy,mri_IXI_480_2,1,train,113.0,137.0,113.0,128.0,128.0,128.0,success,
wj_IXI252-HH-1693-MADisoTFE1_-s3T160_-0301-00003-000001-01,D:\github\IOT_Project\dataset\mri_IXI_480_2\wj_IXI252-HH-1693-MADisoTFE1_-s3T160_-0301-00003-000001-01.nii,D:\github\IOT_Project\data\processed\volumes\train\wj_IXI252-HH-1693-MADisoTFE1_-s3T160_-0301-00003-000001-01.npy,mri_IXI_480_2,1,train,113.0,137.0,113.0,128.0,128.0,128.0,success,
wj_IXI253-HH-1694-MADisoTFE1_-s3T161_-0301-00003-000001-01,D:\github\IOT_Project\dataset\mri_IXI_480_2\wj_IXI253-HH-1694-MADisoTFE1_-s3T161_-0301-00003-000001-01.nii,D:\github\IOT_Project\data\processed\volumes\train\wj_IXI253-HH-1694-MADisoTFE1_-s3T161_-0301-00003-000001-01.npy,mri_IXI_480_2,1,train,113.0,137.0,113.0,128.0,128.0,128.0,success,
wj_IXI254-HH-1705-MADisoTFE1_-s3T162_-0301-00003-000001-01,D:\github\IOT_Project\dataset\mri_IXI_480_2\wj_IXI254-HH-1705-MADisoTFE1_-s3T162_-0301-00003-000001-01.nii,D:\github\IOT_Project\data\processed\volumes\train\wj_IXI254-HH-1705-MADisoTFE1_-s3T162_-0301-00003-000001-01.npy,mri_IXI_480_2,1,train,113.0,137.0,113.0,128.0,128.0,128.0,success,
wj_IXI255-HH-1882-MADisoTFE1_-s3T178_-0301-00003-000001-01,D:\github\IOT_Project\dataset\mri_IXI_480_2\wj_IXI255-HH-1882-MADisoTFE1_-s3T178_-0301-00003-000001-01.nii,D:\github\IOT_Project\data\processed\volumes\train\wj_IXI255-HH-1882-MADisoTFE1_-s3T178_-0301-00003-000001-01.npy,mri_IXI_480_2,1,train,113.0,137.0,113.0,128.0,128.0,128.0,success,
wj_IXI257-HH-1724-MADisoTFE1_-s3T164_-0301-00003-000001-01,D:\github\IOT_Project\dataset\mri_IXI_480_2\wj_IXI257-HH-1724-MADisoTFE1_-s3T164_-0301-00003-000001-01.nii,D:\github\IOT_Project\data\processed\volumes\train\wj_IXI257-HH-1724-MADisoTFE1_-s3T164_-0301-00003-000001-01.npy,mri_IXI_480_2,1,train,113.0,137.0,113.0,128.0,128.0,128.0,success,
wj_IXI258-HH-1769-MADisoTFE1_-s3T168_-0301-00003-000001-01,D:\github\IOT_Project\dataset\mri_IXI_480_2\wj_IXI258-HH-1769-MADisoTFE1_-s3T168_-0301-00003-000001-01.nii,D:\github\IOT_Project\data\processed\volumes\train\wj_IXI258-HH-1769-MADisoTFE1_-s3T168_-0301-00003-000001-01.npy,mri_IXI_480_2,1,train,113.0,137.0,113.0,128.0,128.0,128.0,success,
wj_IXI259-HH-1804-MADisoTFE1_-s3T170_-0301-00003-000001-01,D:\github\IOT_Project\dataset\mri_IXI_480_2\wj_IXI259-HH-1804-MADisoTFE1_-s3T170_-0301-00003-000001-01.nii,D:\github\IOT_Project\data\processed\volumes\train\wj_IXI259-HH-1804-MADisoTFE1_-s3T170_-0301-00003-000001-01.npy,mri_IXI_480_2,1,train,113.0,137.0,113.0,128.0,128.0,128.0,success,
wj_IXI260-HH-1805-MADisoTFE1_-s3T170_-0301-00003-000001-01,D:\github\IOT_Project\dataset\mri_IXI_480_2\wj_IXI260-HH-1805-MADisoTFE1_-s3T170_-0301-00003-000001-01.nii,D:\github\IOT_Project\data\processed\volumes\train\wj_IXI260-HH-1805-MADisoTFE1_-s3T170_-0301-00003-000001-01.npy,mri_IXI_480_2,1,train,113.0,137.0,113.0,128.0,128.0,128.0,success,
wj_IXI262-HH-1861-MADisoTFE1_-s3T176_-0301-00003-000001-01,D:\github\IOT_Project\dataset\mri_IXI_480_2\wj_IXI262-HH-1861-MADisoTFE1_-s3T176_-0301-00003-000001-01.nii,D:\github\IOT_Project\data\processed\volumes\train\wj_IXI262-HH-1861-MADisoTFE1_-s3T176_-0301-00003-000001-01.npy,mri_IXI_480_2,1,train,113.0,137.0,113.0,128.0,128.0,128.0,success,
wj_IXI265-Guys-0845-MPRAGESEN_-s262_-0301-00003-000001-01,D:\github\IOT_Project\dataset\mri_IXI_480_2\wj_IXI265-Guys-0845-MPRAGESEN_-s262_-0301-00003-000001-01.nii,D:\github\IOT_Project\data\processed\volumes\train\wj_IXI265-Guys-0845-MPRAGESEN_-s262_-0301-00003-000001-01.npy,mri_IXI_480_2,1,train,113.0,137.0,113.0,128.0,128.0,128.0,success,
wj_IXI266-Guys-0853-MPRAGESEN_-s294_-0301-00003-000001-01,D:\github\IOT_Project\dataset\mri_IXI_480_2\wj_IXI266-Guys-0853-MPRAGESEN_-s294_-0301-00003-000001-01.nii,D:\github\IOT_Project\data\processed\volumes\train\wj_IXI266-Guys-0853-MPRAGESEN_-s294_-0301-00003-000001-01.npy,mri_IXI_480_2,1,train,113.0,137.0,113.0,128.0,128.0,128.0,success,
wj_IXI268-Guys-0858-MPRAGESEN_-s296_-0301-00003-000001-01,D:\github\IOT_Project\dataset\mri_IXI_480_2\wj_IXI268-Guys-0858-MPRAGESEN_-s296_-0301-00003-000001-01.nii,D:\github\IOT_Project\data\processed\volumes\train\wj_IXI268-Guys-0858-MPRAGESEN_-s296_-0301-00003-000001-01.npy,mri_IXI_480_2,1,train,113.0,137.0,113.0,128.0,128.0,128.0,success,
wj_IXI274-HH-2294-MADisoTFE1_-s3T223_-0301-00003-000001-01,D:\github\IOT_Project\dataset\mri_IXI_480_2\wj_IXI274-HH-2294-MADisoTFE1_-s3T223_-0301-00003-000001-01.nii,D:\github\IOT_Project\data\processed\volumes\train\wj_IXI274-HH-2294-MADisoTFE1_-s3T223_-0301-00003-000001-01.npy,mri_IXI_480_2,1,train,113.0,137.0,113.0,128.0,128.0,128.0,success,
wj_IXI275-HH-1803-MADisoTFE1_-s3T170_-0401-00004-000001-01,D:\github\IOT_Project\dataset\mri_IXI_480_2\wj_IXI275-HH-1803-MADisoTFE1_-s3T170_-0401-00004-000001-01.nii,D:\github\IOT_Project\data\processed\volumes\train\wj_IXI275-HH-1803-MADisoTFE1_-s3T170_-0401-00004-000001-01.npy,mri_IXI_480_2,1,train,113.0,137.0,113.0,128.0,128.0,128.0,success,
wj_IXI276-HH-1840-MADisoTFE1_-s3T174_-0401-00004-000001-01,D:\github\IOT_Project\dataset\mri_IXI_480_2\wj_IXI276-HH-1840-MADisoTFE1_-s3T174_-0401-00004-000001-01.nii,D:\github\IOT_Project\data\processed\volumes\train\wj_IXI276-HH-1840-MADisoTFE1_-s3T174_-0401-00004-000001-01.npy,mri_IXI_480_2,1,train,113.0,137.0,113.0,128.0,128.0,128.0,success,
wj_IXI277-HH-1770-MADisoTFE1_-s3T168_-0301-00003-000001-01,D:\github\IOT_Project\dataset\mri_IXI_480_2\wj_IXI277-HH-1770-MADisoTFE1_-s3T168_-0301-00003-000001-01.nii,D:\github\IOT_Project\data\processed\volumes\train\wj_IXI277-HH-1770-MADisoTFE1_-s3T168_-0301-00003-000001-01.npy,mri_IXI_480_2,1,train,113.0,137.0,113.0,128.0,128.0,128.0,success,
wj_IXI278-HH-1771-MADisoTFE1_-s3T168_-0301-00003-000001-01,D:\github\IOT_Project\dataset\mri_IXI_480_2\wj_IXI278-HH-1771-MADisoTFE1_-s3T168_-0301-00003-000001-01.nii,D:\github\IOT_Project\data\processed\volumes\train\wj_IXI278-HH-1771-MADisoTFE1_-s3T168_-0301-00003-000001-01.npy,mri_IXI_480_2,1,train,113.0,137.0,113.0,128.0,128.0,128.0,success,
wj_IXI279-Guys-1044-MPRAGESEN_-s295_-0301-00003-000001-01,D:\github\IOT_Project\dataset\mri_IXI_480_2\wj_IXI279-Guys-1044-MPRAGESEN_-s295_-0301-00003-000001-01.nii,D:\github\IOT_Project\data\processed\volumes\train\wj_IXI279-Guys-1044-MPRAGESEN_-s295_-0301-00003-000001-01.npy,mri_IXI_480_2,1,train,113.0,137.0,113.0,128.0,128.0,128.0,success,
wj_IXI280-HH-1860-MADisoTFE1_-s3T176_-0301-00003-000001-01,D:\github\IOT_Project\dataset\mri_IXI_480_2\wj_IXI280-HH-1860-MADisoTFE1_-s3T176_-0301-00003-000001-01.nii,D:\github\IOT_Project\data\processed\volumes\train\wj_IXI280-HH-1860-MADisoTFE1_-s3T176_-0301-00003-000001-01.npy,mri_IXI_480_2,1,train,113.0,137.0,113.0,128.0,128.0,128.0,success,
wj_IXI282-HH-2025-MADisoTFE1_-s3T193_-0301-00003-000001-01,D:\github\IOT_Project\dataset\mri_IXI_480_2\wj_IXI282-HH-2025-MADisoTFE1_-s3T193_-0301-00003-000001-01.nii,D:\github\IOT_Project\data\processed\volumes\train\wj_IXI282-HH-2025-MADisoTFE1_-s3T193_-0301-00003-000001-01.npy,mri_IXI_480_2,1,train,113.0,137.0,113.0,128.0,128.0,128.0,success,
wj_IXI284-HH-2354-MADisoTFE1_-s3T227_-0301-00003-000001-01,D:\github\IOT_Project\dataset\mri_IXI_480_2\wj_IXI284-HH-2354-MADisoTFE1_-s3T227_-0301-00003-000001-01.nii,D:\github\IOT_Project\data\processed\volumes\train\wj_IXI284-HH-2354-MADisoTFE1_-s3T227_-0301-00003-000001-01.npy,mri_IXI_480_2,1,train,113.0,137.0,113.0,128.0,128.0,128.0,success,
wj_IXI285-Guys-0857-MPRAGESEN_-s295_-0301-00003-000001-01,D:\github\IOT_Project\dataset\mri_IXI_480_2\wj_IXI285-Guys-0857-MPRAGESEN_-s295_-0301-00003-000001-01.nii,D:\github\IOT_Project\data\processed\volumes\train\wj_IXI285-Guys-0857-MPRAGESEN_-s295_-0301-00003-000001-01.npy,mri_IXI_480_2,1,train,113.0,137.0,113.0,128.0,128.0,128.0,success,
wj_IXI287-Guys-0863-MPRAGESEN_-s298_-0301-00003-000001-01,D:\github\IOT_Project\dataset\mri_IXI_480_2\wj_IXI287-Guys-0863-MPRAGESEN_-s298_-0301-00003-000001-01.nii,D:\github\IOT_Project\data\processed\volumes\train\wj_IXI287-Guys-0863-MPRAGESEN_-s298_-0301-00003-000001-01.npy,mri_IXI_480_2,1,train,113.0,137.0,113.0,128.0,128.0,128.0,success,
wj_IXI288-Guys-0879-MPRAGESEN_-s299_-0501-00005-000001-01,D:\github\IOT_Project\dataset\mri_IXI_480_2\wj_IXI288-Guys-0879-MPRAGESEN_-s299_-0501-00005-000001-01.nii,D:\github\IOT_Project\data\processed\volumes\train\wj_IXI288-Guys-0879-MPRAGESEN_-s299_-0501-00005-000001-01.npy,mri_IXI_480_2,1,train,113.0,137.0,113.0,128.0,128.0,128.0,success,
wj_IXI289-Guys-0864-MPRAGESEN_-s298_-0301-00003-000001-01,D:\github\IOT_Project\dataset\mri_IXI_480_2\wj_IXI289-Guys-0864-MPRAGESEN_-s298_-0301-00003-000001-01.nii,D:\github\IOT_Project\data\processed\volumes\train\wj_IXI289-Guys-0864-MPRAGESEN_-s298_-0301-00003-000001-01.npy,mri_IXI_480_2,1,train,113.0,137.0,113.0,128.0,128.0,128.0,success,
wj_IXI290-IOP-0874-SAGFSPGR_-sIXI29_-0003-00001-000001-01,D:\github\IOT_Project\dataset\mri_IXI_480_2\wj_IXI290-IOP-0874-SAGFSPGR_-sIXI29_-0003-00001-000001-01.nii,D:\github\IOT_Project\data\processed\volumes\train\wj_IXI290-IOP-0874-SAGFSPGR_-sIXI29_-0003-00001-000001-01.npy,mri_IXI_480_2,1,train,113.0,137.0,113.0,128.0,128.0,128.0,success,
wj_IXI291-IOP-0882-SAGFSPGR_-sIXI29_-0003-00001-000001-01,D:\github\IOT_Project\dataset\mri_IXI_480_2\wj_IXI291-IOP-0882-SAGFSPGR_-sIXI29_-0003-00001-000001-01.nii,D:\github\IOT_Project\data\processed\volumes\train\wj_IXI291-IOP-0882-SAGFSPGR_-sIXI29_-0003-00001-000001-01.npy,mri_IXI_480_2,1,train,113.0,137.0,113.0,128.0,128.0,128.0,success,
wj_IXI292-IOP-0877-SAGFSPGR_-sIXI29_-0003-00001-000001-01,D:\github\IOT_Project\dataset\mri_IXI_480_2\wj_IXI292-IOP-0877-SAGFSPGR_-sIXI29_-0003-00001-000001-01.nii,D:\github\IOT_Project\data\processed\volumes\train\wj_IXI292-IOP-0877-SAGFSPGR_-sIXI29_-0003-00001-000001-01.npy,mri_IXI_480_2,1,train,113.0,137.0,113.0,128.0,128.0,128.0,success,
wj_IXI293-IOP-0876-SAGFSPGR_-sIXI29_-0003-00001-000001-01,D:\github\IOT_Project\dataset\mri_IXI_480_2\wj_IXI293-IOP-0876-SAGFSPGR_-sIXI29_-0003-00001-000001-01.nii,D:\github\IOT_Project\data\processed\volumes\train\wj_IXI293-IOP-0876-SAGFSPGR_-sIXI29_-0003-00001-000001-01.npy,mri_IXI_480_2,1,train,113.0,137.0,113.0,128.0,128.0,128.0,success,
wj_IXI295-HH-1814-MADisoTFE1_-s3T171_-0301-00003-000001-01,D:\github\IOT_Project\dataset\mri_IXI_480_2\wj_IXI295-HH-1814-MADisoTFE1_-s3T171_-0301-00003-000001-01.nii,D:\github\IOT_Project\data\processed\volumes\train\wj_IXI295-HH-1814-MADisoTFE1_-s3T171_-0301-00003-000001-01.npy,mri_IXI_480_2,1,train,113.0,137.0,113.0,128.0,128.0,128.0,success,
wj_IXI296-HH-1970-MADisoTFE1_-s3T188_-0301-00003-000001-01,D:\github\IOT_Project\dataset\mri_IXI_480_2\wj_IXI296-HH-1970-MADisoTFE1_-s3T188_-0301-00003-000001-01.nii,D:\github\IOT_Project\data\processed\volumes\train\wj_IXI296-HH-1970-MADisoTFE1_-s3T188_-0301-00003-000001-01.npy,mri_IXI_480_2,1,train,113.0,137.0,113.0,128.0,128.0,128.0,success,
wj_IXI298-Guys-0861-MPRAGESEN_-s298_-0301-00003-000001-01,D:\github\IOT_Project\dataset\mri_IXI_480_2\wj_IXI298-Guys-0861-MPRAGESEN_-s298_-0301-00003-000001-01.nii,D:\github\IOT_Project\data\processed\volumes\train\wj_IXI298-Guys-0861-MPRAGESEN_-s298_-0301-00003-000001-01.npy,mri_IXI_480_2,1,train,113.0,137.0,113.0,128.0,128.0,128.0,success,
wj_IXI299-Guys-0893-MPRAGESEN_-s304_-0301-00003-000001-01,D:\github\IOT_Project\dataset\mri_IXI_480_2\wj_IXI299-Guys-0893-MPRAGESEN_-s304_-0301-00003-000001-01.nii,D:\github\IOT_Project\data\processed\volumes\train\wj_IXI299-Guys-0893-MPRAGESEN_-s304_-0301-00003-000001-01.npy,mri_IXI_480_2,1,train,113.0,137.0,113.0,128.0,128.0,128.0,success,
wj_IXI300-Guys-0880-MPRAGESEN_-s299_-0301-00003-000001-01,D:\github\IOT_Project\dataset\mri_IXI_480_2\wj_IXI300-Guys-0880-MPRAGESEN_-s299_-0301-00003-000001-01.nii,D:\github\IOT_Project\data\processed\volumes\train\wj_IXI300-Guys-0880-MPRAGESEN_-s299_-0301-00003-000001-01.npy,mri_IXI_480_2,1,train,113.0,137.0,113.0,128.0,128.0,128.0,success,
wj_IXI304-Guys-0862-MPRAGESEN_-s298_-0301-00003-000001-01,D:\github\IOT_Project\dataset\mri_IXI_480_2\wj_IXI304-Guys-0862-MPRAGESEN_-s298_-0301-00003-000001-01.nii,D:\github\IOT_Project\data\processed\volumes\train\wj_IXI304-Guys-0862-MPRAGESEN_-s298_-0301-00003-000001-01.npy,mri_IXI_480_2,1,train,113.0,137.0,113.0,128.0,128.0,128.0,success,
wj_IXI305-IOP-0871-SAGFSPGR_-sIXI30_-0003-00001-000001-01,D:\github\IOT_Project\dataset\mri_IXI_480_2\wj_IXI305-IOP-0871-SAGFSPGR_-sIXI30_-0003-00001-000001-01.nii,D:\github\IOT_Project\data\processed\volumes\train\wj_IXI305-IOP-0871-SAGFSPGR_-sIXI30_-0003-00001-000001-01.npy,mri_IXI_480_2,1,train,113.0,137.0,113.0,128.0,128.0,128.0,success,
wj_IXI306-IOP-0867-SAGFSPGR_-sIXI30_-0003-00001-000001-01,D:\github\IOT_Project\dataset\mri_IXI_480_2\wj_IXI306-IOP-0867-SAGFSPGR_-sIXI30_-0003-00001-000001-01.nii,D:\github\IOT_Project\data\processed\volumes\train\wj_IXI306-IOP-0867-SAGFSPGR_-sIXI30_-0003-00001-000001-01.npy,mri_IXI_480_2,1,train,113.0,137.0,113.0,128.0,128.0,128.0,success,
wj_IXI307-IOP-0872-SAGFSPGR_-sIXI30_-0003-00001-000001-01,D:\github\IOT_Project\dataset\mri_IXI_480_2\wj_IXI307-IOP-0872-SAGFSPGR_-sIXI30_-0003-00001-000001-01.nii,D:\github\IOT_Project\data\processed\volumes\train\wj_IXI307-IOP-0872-SAGFSPGR_-sIXI30_-0003-00001-000001-01.npy,mri_IXI_480_2,1,train,113.0,137.0,113.0,128.0,128.0,128.0,success,
wj_IXI308-Guys-0884-MPRAGESEN_-s302_-0301-00003-000001-01,D:\github\IOT_Project\dataset\mri_IXI_480_2\wj_IXI308-Guys-0884-MPRAGESEN_-s302_-0301-00003-000001-01.nii,D:\github\IOT_Project\data\processed\volumes\train\wj_IXI308-Guys-0884-MPRAGESEN_-s302_-0301-00003-000001-01.npy,mri_IXI_480_2,1,train,113.0,137.0,113.0,128.0,128.0,128.0,success,
wj_IXI310-IOP-0890-SAGFSPGR_-sIXI31_-0003-00001-000001-01,D:\github\IOT_Project\dataset\mri_IXI_480_2\wj_IXI310-IOP-0890-SAGFSPGR_-sIXI31_-0003-00001-000001-01.nii,D:\github\IOT_Project\data\processed\volumes\train\wj_IXI310-IOP-0890-SAGFSPGR_-sIXI31_-0003-00001-000001-01.npy,mri_IXI_480_2,1,train,113.0,137.0,113.0,128.0,128.0,128.0,success,
wj_IXI311-Guys-0885-MPRAGESEN_-s302_-0301-00003-000001-01,D:\github\IOT_Project\dataset\mri_IXI_480_2\wj_IXI311-Guys-0885-MPRAGESEN_-s302_-0301-00003-000001-01.nii,D:\github\IOT_Project\data\processed\volumes\train\wj_IXI311-Guys-0885-MPRAGESEN_-s302_-0301-00003-000001-01.npy,mri_IXI_480_2,1,train,113.0,137.0,113.0,128.0,128.0,128.0,success,
wj_IXI312-Guys-0887-MPRAGESEN_-s302_-0301-00003-000001-01,D:\github\IOT_Project\dataset\mri_IXI_480_2\wj_IXI312-Guys-0887-MPRAGESEN_-s302_-0301-00003-000001-01.nii,D:\github\IOT_Project\data\processed\volumes\train\wj_IXI312-Guys-0887-MPRAGESEN_-s302_-0301-00003-000001-01.npy,mri_IXI_480_2,1,train,113.0,137.0,113.0,128.0,128.0,128.0,success,
wj_IXI315-IOP-0888-SAGFSPGR_-sIXI31_-0003-00001-000001-01,D:\github\IOT_Project\dataset\mri_IXI_480_2\wj_IXI315-IOP-0888-SAGFSPGR_-sIXI31_-0003-00001-000001-01.nii,D:\github\IOT_Project\data\processed\volumes\train\wj_IXI315-IOP-0888-SAGFSPGR_-sIXI31_-0003-00001-000001-01.npy,mri_IXI_480_2,1,train,113.0,137.0,113.0,128.0,128.0,128.0,success,
wj_IXI319-Guys-0901-MPRAGESEN_-s306_-0301-00003-000001-01,D:\github\IOT_Project\dataset\mri_IXI_480_2\wj_IXI319-Guys-0901-MPRAGESEN_-s306_-0301-00003-000001-01.nii,D:\github\IOT_Project\data\processed\volumes\train\wj_IXI319-Guys-0901-MPRAGESEN_-s306_-0301-00003-000001-01.npy,mri_IXI_480_2,1,train,113.0,137.0,113.0,128.0,128.0,128.0,success,
wj_IXI320-Guys-0902-MPRAGESEN_-s306_-0301-00003-000001-01,D:\github\IOT_Project\dataset\mri_IXI_480_2\wj_IXI320-Guys-0902-MPRAGESEN_-s306_-0301-00003-000001-01.nii,D:\github\IOT_Project\data\processed\volumes\train\wj_IXI320-Guys-0902-MPRAGESEN_-s306_-0301-00003-000001-01.npy,mri_IXI_480_2,1,train,113.0,137.0,113.0,128.0,128.0,128.0,success,
wj_IXI326-Guys-0907-MPRAGESEN_-s307_-0301-00003-000001-01,D:\github\IOT_Project\dataset\mri_IXI_480_2\wj_IXI326-Guys-0907-MPRAGESEN_-s307_-0301-00003-000001-01.nii,D:\github\IOT_Project\data\processed\volumes\train\wj_IXI326-Guys-0907-MPRAGESEN_-s307_-0301-00003-000001-01.npy,mri_IXI_480_2,1,train,113.0,137.0,113.0,128.0,128.0,128.0,success,
wj_IXI328-HH-2295-MADisoTFE1_-s3T223_-0301-00003-000001-01,D:\github\IOT_Project\dataset\mri_IXI_480_2\wj_IXI328-HH-2295-MADisoTFE1_-s3T223_-0301-00003-000001-01.nii,,mri_IXI_480_2,1,train,,,,,,,failed,"Whoops, not enough data in file"
wj_IXI329-HH-1908-MADisoTFE1_-s3T181_-0301-00003-000001-01,D:\github\IOT_Project\dataset\mri_IXI_480_2\wj_IXI329-HH-1908-MADisoTFE1_-s3T181_-0301-00003-000001-01.nii,D:\github\IOT_Project\data\processed\volumes\train\wj_IXI329-HH-1908-MADisoTFE1_-s3T181_-0301-00003-000001-01.npy,mri_IXI_480_2,1,train,113.0,137.0,113.0,128.0,128.0,128.0,success,
wj_IXI398-Guys-0952-MPRAGESEN_-s412_-0401-00004-000001-01,D:\github\IOT_Project\dataset\mri_IXI_480_2\wj_IXI398-Guys-0952-MPRAGESEN_-s412_-0401-00004-000001-01.nii,D:\github\IOT_Project\data\processed\volumes\train\wj_IXI398-Guys-0952-MPRAGESEN_-s412_-0401-00004-000001-01.npy,mri_IXI_480_2,1,train,113.0,137.0,113.0,128.0,128.0,128.0,success,
wj_IXI435-IOP-1040-SAGFSPGR_-sIXI43_-0003-00001-000001-01,D:\github\IOT_Project\dataset\mri_IXI_480_2\wj_IXI435-IOP-1040-SAGFSPGR_-sIXI43_-0003-00001-000001-01.nii,D:\github\IOT_Project\data\processed\volumes\train\wj_IXI435-IOP-1040-SAGFSPGR_-sIXI43_-0003-00001-000001-01.npy,mri_IXI_480_2,1,train,113.0,137.0,113.0,128.0,128.0,128.0,success,
wj_IXI437-HH-2152-MADisoTFE1_-s3T207_-0301-00003-000001-01,D:\github\IOT_Project\dataset\mri_IXI_480_2\wj_IXI437-HH-2152-MADisoTFE1_-s3T207_-0301-00003-000001-01.nii,D:\github\IOT_Project\data\processed\volumes\train\wj_IXI437-HH-2152-MADisoTFE1_-s3T207_-0301-00003-000001-01.npy,mri_IXI_480_2,1,train,113.0,137.0,113.0,128.0,128.0,128.0,success,
wj_IXI440-HH-2127-MADisoTFE1_-s3T204_-0301-00003-000001-01,D:\github\IOT_Project\dataset\mri_IXI_480_2\wj_IXI440-HH-2127-MADisoTFE1_-s3T204_-0301-00003-000001-01.nii,D:\github\IOT_Project\data\processed\volumes\train\wj_IXI440-HH-2127-MADisoTFE1_-s3T204_-0301-00003-000001-01.npy,mri_IXI_480_2,1,train,113.0,137.0,113.0,128.0,128.0,128.0,success,
wj_IXI441-HH-2154-MADisoTFE1_-s3T207_-0301-00003-000001-01,D:\github\IOT_Project\dataset\mri_IXI_480_2\wj_IXI441-HH-2154-MADisoTFE1_-s3T207_-0301-00003-000001-01.nii,D:\github\IOT_Project\data\processed\volumes\train\wj_IXI441-HH-2154-MADisoTFE1_-s3T207_-0301-00003-000001-01.npy,mri_IXI_480_2,1,train,113.0,137.0,113.0,128.0,128.0,128.0,success,
wj_IXI443-HH-2215-MADisoTFE1_-s3T216_-0301-00003-000001-01,D:\github\IOT_Project\dataset\mri_IXI_480_2\wj_IXI443-HH-2215-MADisoTFE1_-s3T216_-0301-00003-000001-01.nii,D:\github\IOT_Project\data\processed\volumes\train\wj_IXI443-HH-2215-MADisoTFE1_-s3T216_-0301-00003-000001-01.npy,mri_IXI_480_2,1,train,113.0,137.0,113.0,128.0,128.0,128.0,success,
wj_IXI444-HH-2270-MADisoTFE1_-s3T221_-0301-00003-000001-01,D:\github\IOT_Project\dataset\mri_IXI_480_2\wj_IXI444-HH-2270-MADisoTFE1_-s3T221_-0301-00003-000001-01.nii,D:\github\IOT_Project\data\processed\volumes\train\wj_IXI444-HH-2270-MADisoTFE1_-s3T221_-0301-00003-000001-01.npy,mri_IXI_480_2,1,train,113.0,137.0,113.0,128.0,128.0,128.0,success,
wj_IXI445-HH-2269-MADisoTFE1_-s3T221_-0301-00003-000001-01,D:\github\IOT_Project\dataset\mri_IXI_480_2\wj_IXI445-HH-2269-MADisoTFE1_-s3T221_-0301-00003-000001-01.nii,D:\github\IOT_Project\data\processed\volumes\train\wj_IXI445-HH-2269-MADisoTFE1_-s3T221_-0301-00003-000001-01.npy,mri_IXI_480_2,1,train,113.0,137.0,113.0,128.0,128.0,128.0,success,
wj_IXI446-HH-2325-MADisoTFE1_-s3T225_-0301-00003-000001-01,D:\github\IOT_Project\dataset\mri_IXI_480_2\wj_IXI446-HH-2325-MADisoTFE1_-s3T225_-0301-00003-000001-01.nii,D:\github\IOT_Project\data\processed\volumes\train\wj_IXI446-HH-2325-MADisoTFE1_-s3T225_-0301-00003-000001-01.npy,mri_IXI_480_2,1,train,113.0,137.0,113.0,128.0,128.0,128.0,success,
wj_IXI447-Guys-0979-MPRAGESEN_-s416_-0301-00003-000001-01,D:\github\IOT_Project\dataset\mri_IXI_480_2\wj_IXI447-Guys-0979-MPRAGESEN_-s416_-0301-00003-000001-01.nii,D:\github\IOT_Project\data\processed\volumes\train\wj_IXI447-Guys-0979-MPRAGESEN_-s416_-0301-00003-000001-01.npy,mri_IXI_480_2,1,train,113.0,137.0,113.0,128.0,128.0,128.0,success,
wj_IXI448-HH-2393-MADisoTFE1_-s3T231_-0301-00003-000001-01,D:\github\IOT_Project\dataset\mri_IXI_480_2\wj_IXI448-HH-2393-MADisoTFE1_-s3T231_-0301-00003-000001-01.nii,D:\github\IOT_Project\data\processed\volumes\train\wj_IXI448-HH-2393-MADisoTFE1_-s3T231_-0301-00003-000001-01.npy,mri_IXI_480_2,1,train,113.0,137.0,113.0,128.0,128.0,128.0,success,
wj_IXI449-Guys-1082-MPRAGESEN_-s442_-0301-00003-000001-01,D:\github\IOT_Project\dataset\mri_IXI_480_2\wj_IXI449-Guys-1082-MPRAGESEN_-s442_-0301-00003-000001-01.nii,D:\github\IOT_Project\data\processed\volumes\train\wj_IXI449-Guys-1082-MPRAGESEN_-s442_-0301-00003-000001-01.npy,mri_IXI_480_2,1,train,113.0,137.0,113.0,128.0,128.0,128.0,success,
wj_IXI450-Guys-1093-MPRAGESEN_-s447_-0301-00003-000001-01,D:\github\IOT_Project\dataset\mri_IXI_480_2\wj_IXI450-Guys-1093-MPRAGESEN_-s447_-0301-00003-000001-01.nii,D:\github\IOT_Project\data\processed\volumes\train\wj_IXI450-Guys-1093-MPRAGESEN_-s447_-0301-00003-000001-01.npy,mri_IXI_480_2,1,train,113.0,137.0,113.0,128.0,128.0,128.0,success,
wj_IXI451-HH-2212-MADisoTFE1_-s3T216_-0301-00003-000001-01,D:\github\IOT_Project\dataset\mri_IXI_480_2\wj_IXI451-HH-2212-MADisoTFE1_-s3T216_-0301-00003-000001-01.nii,D:\github\IOT_Project\data\processed\volumes\train\wj_IXI451-HH-2212-MADisoTFE1_-s3T216_-0301-00003-000001-01.npy,mri_IXI_480_2,1,train,113.0,137.0,113.0,128.0,128.0,128.0,success,
wj_IXI452-HH-2213-MADisoTFE1_-s3T216_-0301-00003-000001-01,D:\github\IOT_Project\dataset\mri_IXI_480_2\wj_IXI452-HH-2213-MADisoTFE1_-s3T216_-0301-00003-000001-01.nii,D:\github\IOT_Project\data\processed\volumes\train\wj_IXI452-HH-2213-MADisoTFE1_-s3T216_-0301-00003-000001-01.npy,mri_IXI_480_2,1,train,113.0,137.0,113.0,128.0,128.0,128.0,success,
wj_IXI453-HH-2214-MADisoTFE1_-s3T216_-0301-00003-000001-01,D:\github\IOT_Project\dataset\mri_IXI_480_2\wj_IXI453-HH-2214-MADisoTFE1_-s3T216_-0301-00003-000001-01.nii,D:\github\IOT_Project\data\processed\volumes\train\wj_IXI453-HH-2214-MADisoTFE1_-s3T216_-0301-00003-000001-01.npy,mri_IXI_480_2,1,train,113.0,137.0,113.0,128.0,128.0,128.0,success,
wj_IXI454-Guys-1083-MPRAGESEN_-sIXI45_-0301-00003-000001-01,D:\github\IOT_Project\dataset\mri_IXI_480_2\wj_IXI454-Guys-1083-MPRAGESEN_-sIXI45_-0301-00003-000001-01.nii,D:\github\IOT_Project\data\processed\volumes\train\wj_IXI454-Guys-1083-MPRAGESEN_-sIXI45_-0301-00003-000001-01.npy,mri_IXI_480_2,1,train,113.0,137.0,113.0,128.0,128.0,128.0,success,
wj_IXI455-Guys-0981-MPRAGESEN_-s416_-0301-00003-000001-01,D:\github\IOT_Project\dataset\mri_IXI_480_2\wj_IXI455-Guys-0981-MPRAGESEN_-s416_-0301-00003-000001-01.nii,D:\github\IOT_Project\data\processed\volumes\train\wj_IXI455-Guys-0981-MPRAGESEN_-s416_-0301-00003-000001-01.npy,mri_IXI_480_2,1,train,113.0,137.0,113.0,128.0,128.0,128.0,success,
wj_IXI457-Guys-0984-MPRAGESEN_-s417_-0301-00003-000001-01,D:\github\IOT_Project\dataset\mri_IXI_480_2\wj_IXI457-Guys-0984-MPRAGESEN_-s417_-0301-00003-000001-01.nii,D:\github\IOT_Project\data\processed\volumes\train\wj_IXI457-Guys-0984-MPRAGESEN_-s417_-0301-00003-000001-01.npy,mri_IXI_480_2,1,train,113.0,137.0,113.0,128.0,128.0,128.0,success,
wj_IXI459-Guys-0992-MPRAGESEN_-s418_-0601-00006-000001-01,D:\github\IOT_Project\dataset\mri_IXI_480_2\wj_IXI459-Guys-0992-MPRAGESEN_-s418_-0601-00006-000001-01.nii,D:\github\IOT_Project\data\processed\volumes\train\wj_IXI459-Guys-0992-MPRAGESEN_-s418_-0601-00006-000001-01.npy,mri_IXI_480_2,1,train,113.0,137.0,113.0,128.0,128.0,128.0,success,
wj_IXI461-Guys-0998-MPRAGESEN_-s419_-0301-00003-000001-01,D:\github\IOT_Project\dataset\mri_IXI_480_2\wj_IXI461-Guys-0998-MPRAGESEN_-s419_-0301-00003-000001-01.nii,D:\github\IOT_Project\data\processed\volumes\train\wj_IXI461-Guys-0998-MPRAGESEN_-s419_-0301-00003-000001-01.npy,mri_IXI_480_2,1,train,113.0,137.0,113.0,128.0,128.0,128.0,success,
wj_IXI462-IOP-1042-SAGFSPGR_-sIXI46_-0003-00001-000001-01,D:\github\IOT_Project\dataset\mri_IXI_480_2\wj_IXI462-IOP-1042-SAGFSPGR_-sIXI46_-0003-00001-000001-01.nii,D:\github\IOT_Project\data\processed\volumes\train\wj_IXI462-IOP-1042-SAGFSPGR_-sIXI46_-0003-00001-000001-01.npy,mri_IXI_480_2,1,train,113.0,137.0,113.0,128.0,128.0,128.0,success,
wj_IXI463-IOP-1043-SAGFSPGR_-sIXI46_-0003-00001-000001-01,D:\github\IOT_Project\dataset\mri_IXI_480_2\wj_IXI463-IOP-1043-SAGFSPGR_-sIXI46_-0003-00001-000001-01.nii,D:\github\IOT_Project\data\processed\volumes\train\wj_IXI463-IOP-1043-SAGFSPGR_-sIXI46_-0003-00001-000001-01.npy,mri_IXI_480_2,1,train,113.0,137.0,113.0,128.0,128.0,128.0,success,
wj_IXI464-IOP-1029-SAGFSPGR_-sIXI46_-0003-00001-000001-01,D:\github\IOT_Project\dataset\mri_IXI_480_2\wj_IXI464-IOP-1029-SAGFSPGR_-sIXI46_-0003-00001-000001-01.nii,D:\github\IOT_Project\data\processed\volumes\train\wj_IXI464-IOP-1029-SAGFSPGR_-sIXI46_-0003-00001-000001-01.npy,mri_IXI_480_2,1,train,113.0,137.0,113.0,128.0,128.0,128.0,success,
wj_IXI465-HH-2176-MADisoTFE1_-s3T208_-0301-00003-000001-01,D:\github\IOT_Project\dataset\mri_IXI_480_2\wj_IXI465-HH-2176-MADisoTFE1_-s3T208_-0301-00003-000001-01.nii,D:\github\IOT_Project\data\processed\volumes\train\wj_IXI465-HH-2176-MADisoTFE1_-s3T208_-0301-00003-000001-01.npy,mri_IXI_480_2,1,train,113.0,137.0,113.0,128.0,128.0,128.0,success,
wj_IXI467-Guys-0983-MPRAGESEN_-s417_-0301-00003-000001-01,D:\github\IOT_Project\dataset\mri_IXI_480_2\wj_IXI467-Guys-0983-MPRAGESEN_-s417_-0301-00003-000001-01.nii,D:\github\IOT_Project\data\processed\volumes\train\wj_IXI467-Guys-0983-MPRAGESEN_-s417_-0301-00003-000001-01.npy,mri_IXI_480_2,1,train,113.0,137.0,113.0,128.0,128.0,128.0,success,
wj_IXI469-IOP-1136-SAGFSPGR_-sIXI46_-0005-00001-000001-01,D:\github\IOT_Project\dataset\mri_IXI_480_2\wj_IXI469-IOP-1136-SAGFSPGR_-sIXI46_-0005-00001-000001-01.nii,D:\github\IOT_Project\data\processed\volumes\train\wj_IXI469-IOP-1136-SAGFSPGR_-sIXI46_-0005-00001-000001-01.npy,mri_IXI_480_2,1,train,113.0,137.0,113.0,128.0,128.0,128.0,success,
wj_IXI473-IOP-1137-SAGFSPGR_-sIXI47_-0003-00001-000001-01,D:\github\IOT_Project\dataset\mri_IXI_480_2\wj_IXI473-IOP-1137-SAGFSPGR_-sIXI47_-0003-00001-000001-01.nii,D:\github\IOT_Project\data\processed\volumes\train\wj_IXI473-IOP-1137-SAGFSPGR_-sIXI47_-0003-00001-000001-01.npy,mri_IXI_480_2,1,train,113.0,137.0,113.0,128.0,128.0,128.0,success,
wj_IXI474-IOP-1138-SAGFSPGR_-sIXI47_-0003-00001-000001-01,D:\github\IOT_Project\dataset\mri_IXI_480_2\wj_IXI474-IOP-1138-SAGFSPGR_-sIXI47_-0003-00001-000001-01.nii,D:\github\IOT_Project\data\processed\volumes\train\wj_IXI474-IOP-1138-SAGFSPGR_-sIXI47_-0003-00001-000001-01.npy,mri_IXI_480_2,1,train,113.0,137.0,113.0,128.0,128.0,128.0,success,
wj_IXI477-IOP-1141-SAGFSPGR_-sIXI47_-0003-00001-000001-01,D:\github\IOT_Project\dataset\mri_IXI_480_2\wj_IXI477-IOP-1141-SAGFSPGR_-sIXI47_-0003-00001-000001-01.nii,D:\github\IOT_Project\data\processed\volumes\train\wj_IXI477-IOP-1141-SAGFSPGR_-sIXI47_-0003-00001-000001-01.npy,mri_IXI_480_2,1,train,113.0,137.0,113.0,128.0,128.0,128.0,success,
wj_IXI479-Guys-1034-MPRAGESEN_-s425_-0301-00003-000001-01,D:\github\IOT_Project\dataset\mri_IXI_480_2\wj_IXI479-Guys-1034-MPRAGESEN_-s425_-0301-00003-000001-01.nii,D:\github\IOT_Project\data\processed\volumes\train\wj_IXI479-Guys-1034-MPRAGESEN_-s425_-0301-00003-000001-01.npy,mri_IXI_480_2,1,train,113.0,137.0,113.0,128.0,128.0,128.0,success,
wj_IXI481-HH-2175-MADisoTFE1_-s3T208_-0301-00003-000001-01,D:\github\IOT_Project\dataset\mri_IXI_480_2\wj_IXI481-HH-2175-MADisoTFE1_-s3T208_-0301-00003-000001-01.nii,D:\github\IOT_Project\data\processed\volumes\train\wj_IXI481-HH-2175-MADisoTFE1_-s3T208_-0301-00003-000001-01.npy,mri_IXI_480_2,1,train,113.0,137.0,113.0,128.0,128.0,128.0,success,
wj_IXI482-HH-2178-MADisoTFE1_-s3T211_-0301-00003-000001-01,D:\github\IOT_Project\dataset\mri_IXI_480_2\wj_IXI482-HH-2178-MADisoTFE1_-s3T211_-0301-00003-000001-01.nii,D:\github\IOT_Project\data\processed\volumes\train\wj_IXI482-HH-2178-MADisoTFE1_-s3T211_-0301-00003-000001-01.npy,mri_IXI_480_2,1,train,113.0,137.0,113.0,128.0,128.0,128.0,success,
wj_IXI484-HH-2179-MADisoTFE1_-s3T211_-0301-00003-000001-01,D:\github\IOT_Project\dataset\mri_IXI_480_2\wj_IXI484-HH-2179-MADisoTFE1_-s3T211_-0301-00003-000001-01.nii,D:\github\IOT_Project\data\processed\volumes\train\wj_IXI484-HH-2179-MADisoTFE1_-s3T211_-0301-00003-000001-01.npy,mri_IXI_480_2,1,train,113.0,137.0,113.0,128.0,128.0,128.0,success,
wj_IXI485-HH-2180-MADisoTFE1_-s3T221_-0301-00003-000001-01,D:\github\IOT_Project\dataset\mri_IXI_480_2\wj_IXI485-HH-2180-MADisoTFE1_-s3T221_-0301-00003-000001-01.nii,D:\github\IOT_Project\data\processed\volumes\train\wj_IXI485-HH-2180-MADisoTFE1_-s3T221_-0301-00003-000001-01.npy,mri_IXI_480_2,1,train,113.0,137.0,113.0,128.0,128.0,128.0,success,
wj_IXI487-Guys-1037-MPRAGESEN_-s425_-0301-00003-000001-01,D:\github\IOT_Project\dataset\mri_IXI_480_2\wj_IXI487-Guys-1037-MPRAGESEN_-s425_-0301-00003-000001-01.nii,D:\github\IOT_Project\data\processed\volumes\train\wj_IXI487-Guys-1037-MPRAGESEN_-s425_-0301-00003-000001-01.npy,mri_IXI_480_2,1,train,113.0,137.0,113.0,128.0,128.0,128.0,success,
wj_IXI488-Guys-1015-MPRAGESEN_-s421_-0301-00003-000001-01,D:\github\IOT_Project\dataset\mri_IXI_480_2\wj_IXI488-Guys-1015-MPRAGESEN_-s421_-0301-00003-000001-01.nii,D:\github\IOT_Project\data\processed\volumes\train\wj_IXI488-Guys-1015-MPRAGESEN_-s421_-0301-00003-000001-01.npy,mri_IXI_480_2,1,train,113.0,137.0,113.0,128.0,128.0,128.0,success,
wj_IXI489-Guys-1014-MPRAGESEN_-s421_-0301-00003-000001-01,D:\github\IOT_Project\dataset\mri_IXI_480_2\wj_IXI489-Guys-1014-MPRAGESEN_-s421_-0301-00003-000001-01.nii,D:\github\IOT_Project\data\processed\volumes\train\wj_IXI489-Guys-1014-MPRAGESEN_-s421_-0301-00003-000001-01.npy,mri_IXI_480_2,1,train,113.0,137.0,113.0,128.0,128.0,128.0,success,
wj_IXI491-Guys-1032-MPRAGESEN_-s425_-0401-00004-000001-01,D:\github\IOT_Project\dataset\mri_IXI_480_2\wj_IXI491-Guys-1032-MPRAGESEN_-s425_-0401-00004-000001-01.nii,D:\github\IOT_Project\data\processed\volumes\train\wj_IXI491-Guys-1032-MPRAGESEN_-s425_-0401-00004-000001-01.npy,mri_IXI_480_2,1,train,113.0,137.0,113.0,128.0,128.0,128.0,success,
wj_IXI492-Guys-1022-MPRAGESEN_-s423_-0301-00003-000001-01,D:\github\IOT_Project\dataset\mri_IXI_480_2\wj_IXI492-Guys-1022-MPRAGESEN_-s423_-0301-00003-000001-01.nii,D:\github\IOT_Project\data\processed\volumes\train\wj_IXI492-Guys-1022-MPRAGESEN_-s423_-0301-00003-000001-01.npy,mri_IXI_480_2,1,train,113.0,137.0,113.0,128.0,128.0,128.0,success,
wj_IXI493-Guys-1007-MPRAGESEN_-s420_-0601-00006-000001-01,D:\github\IOT_Project\dataset\mri_IXI_480_2\wj_IXI493-Guys-1007-MPRAGESEN_-s420_-0601-00006-000001-01.nii,D:\github\IOT_Project\data\processed\volumes\train\wj_IXI493-Guys-1007-MPRAGESEN_-s420_-0601-00006-000001-01.npy,mri_IXI_480_2,1,train,113.0,137.0,113.0,128.0,128.0,128.0,success,
wj_IXI494-Guys-1008-MPRAGESEN_-s421_-0301-00003-000001-01,D:\github\IOT_Project\dataset\mri_IXI_480_2\wj_IXI494-Guys-1008-MPRAGESEN_-s421_-0301-00003-000001-01.nii,D:\github\IOT_Project\data\processed\volumes\train\wj_IXI494-Guys-1008-MPRAGESEN_-s421_-0301-00003-000001-01.npy,mri_IXI_480_2,1,train,113.0,137.0,113.0,128.0,128.0,128.0,success,
wj_IXI495-Guys-1009-MPRAGESEN_-s421_-0301-00003-000001-01,D:\github\IOT_Project\dataset\mri_IXI_480_2\wj_IXI495-Guys-1009-MPRAGESEN_-s421_-0301-00003-000001-01.nii,D:\github\IOT_Project\data\processed\volumes\train\wj_IXI495-Guys-1009-MPRAGESEN_-s421_-0301-00003-000001-01.npy,mri_IXI_480_2,1,train,113.0,137.0,113.0,128.0,128.0,128.0,success,
wj_IXI497-Guys-1002-MPRAGESEN_-s420_-0301-00003-000001-01,D:\github\IOT_Project\dataset\mri_IXI_480_2\wj_IXI497-Guys-1002-MPRAGESEN_-s420_-0301-00003-000001-01.nii,D:\github\IOT_Project\data\processed\volumes\train\wj_IXI497-Guys-1002-MPRAGESEN_-s420_-0301-00003-000001-01.npy,mri_IXI_480_2,1,train,113.0,137.0,113.0,128.0,128.0,128.0,success,
wj_IXI498-Guys-1050-MPRAGESEN_-s426_-0301-00003-000001-01,D:\github\IOT_Project\dataset\mri_IXI_480_2\wj_IXI498-Guys-1050-MPRAGESEN_-s426_-0301-00003-000001-01.nii,D:\github\IOT_Project\data\processed\volumes\train\wj_IXI498-Guys-1050-MPRAGESEN_-s426_-0301-00003-000001-01.npy,mri_IXI_480_2,1,train,113.0,137.0,113.0,128.0,128.0,128.0,success,
wj_IXI499-Guys-1004-MPRAGESEN_-s420_-0301-00003-000001-01,D:\github\IOT_Project\dataset\mri_IXI_480_2\wj_IXI499-Guys-1004-MPRAGESEN_-s420_-0301-00003-000001-01.nii,D:\github\IOT_Project\data\processed\volumes\train\wj_IXI499-Guys-1004-MPRAGESEN_-s420_-0301-00003-000001-01.npy,mri_IXI_480_2,1,train,113.0,137.0,113.0,128.0,128.0,128.0,success,
wj_IXI501-Guys-1016-MPRAGESEN_-s422_-0301-00003-000001-01,D:\github\IOT_Project\dataset\mri_IXI_480_2\wj_IXI501-Guys-1016-MPRAGESEN_-s422_-0301-00003-000001-01.nii,D:\github\IOT_Project\data\processed\volumes\train\wj_IXI501-Guys-1016-MPRAGESEN_-s422_-0301-00003-000001-01.npy,mri_IXI_480_2,1,train,113.0,137.0,113.0,128.0,128.0,128.0,success,
wj_IXI502-Guys-1020-MPRAGESEN_-s422_-0301-00003-000001-01,D:\github\IOT_Project\dataset\mri_IXI_480_2\wj_IXI502-Guys-1020-MPRAGESEN_-s422_-0301-00003-000001-01.nii,D:\github\IOT_Project\data\processed\volumes\train\wj_IXI502-Guys-1020-MPRAGESEN_-s422_-0301-00003-000001-01.npy,mri_IXI_480_2,1,train,113.0,137.0,113.0,128.0,128.0,128.0,success,
wj_IXI503-Guys-1021-MPRAGESEN_-s423_-0301-00003-000001-01,D:\github\IOT_Project\dataset\mri_IXI_480_2\wj_IXI503-Guys-1021-MPRAGESEN_-s423_-0301-00003-000001-01.nii,D:\github\IOT_Project\data\processed\volumes\train\wj_IXI503-Guys-1021-MPRAGESEN_-s423_-0301-00003-000001-01.npy,mri_IXI_480_2,1,train,113.0,137.0,113.0,128.0,128.0,128.0,success,
wj_IXI505-Guys-1026-MPRAGESEN_-s424_-0301-00003-000001-01,D:\github\IOT_Project\dataset\mri_IXI_480_2\wj_IXI505-Guys-1026-MPRAGESEN_-s424_-0301-00003-000001-01.nii,D:\github\IOT_Project\data\processed\volumes\train\wj_IXI505-Guys-1026-MPRAGESEN_-s424_-0301-00003-000001-01.npy,mri_IXI_480_2,1,train,113.0,137.0,113.0,128.0,128.0,128.0,success,
wj_IXI507-Guys-1036-MPRAGESEN_-s425_-0301-00003-000001-01,D:\github\IOT_Project\dataset\mri_IXI_480_2\wj_IXI507-Guys-1036-MPRAGESEN_-s425_-0301-00003-000001-01.nii,D:\github\IOT_Project\data\processed\volumes\train\wj_IXI507-Guys-1036-MPRAGESEN_-s425_-0301-00003-000001-01.npy,mri_IXI_480_2,1,train,113.0,137.0,113.0,128.0,128.0,128.0,success,
wj_IXI510-IOP-1143-SAGFSPGR_-sIXI51_-0003-00001-000001-01,D:\github\IOT_Project\dataset\mri_IXI_480_2\wj_IXI510-IOP-1143-SAGFSPGR_-sIXI51_-0003-00001-000001-01.nii,D:\github\IOT_Project\data\processed\volumes\train\wj_IXI510-IOP-1143-SAGFSPGR_-sIXI51_-0003-00001-000001-01.npy,mri_IXI_480_2,1,train,113.0,137.0,113.0,128.0,128.0,128.0,success,
wj_IXI511-HH-2238-MADisoTFE1_-s3T219_-0301-00003-000001-01,D:\github\IOT_Project\dataset\mri_IXI_480_2\wj_IXI511-HH-2238-MADisoTFE1_-s3T219_-0301-00003-000001-01.nii,D:\github\IOT_Project\data\processed\volumes\train\wj_IXI511-HH-2238-MADisoTFE1_-s3T219_-0301-00003-000001-01.npy,mri_IXI_480_2,1,train,113.0,137.0,113.0,128.0,128.0,128.0,success,
wj_IXI512-Guys-1054-MPRAGESEN_-s426_-0301-00003-000001-01,D:\github\IOT_Project\dataset\mri_IXI_480_2\wj_IXI512-Guys-1054-MPRAGESEN_-s426_-0301-00003-000001-01.nii,D:\github\IOT_Project\data\processed\volumes\train\wj_IXI512-Guys-1054-MPRAGESEN_-s426_-0301-00003-000001-01.npy,mri_IXI_480_2,1,train,113.0,137.0,113.0,128.0,128.0,128.0,success,
wj_IXI515-HH-2377-MADisoTFE1_-s3T229_-0301-00003-000001-01,D:\github\IOT_Project\dataset\mri_IXI_480_2\wj_IXI515-HH-2377-MADisoTFE1_-s3T229_-0301-00003-000001-01.nii,D:\github\IOT_Project\data\processed\volumes\train\wj_IXI515-HH-2377-MADisoTFE1_-s3T229_-0301-00003-000001-01.npy,mri_IXI_480_2,1,train,113.0,137.0,113.0,128.0,128.0,128.0,success,
wj_IXI516-HH-2297-MADisoTFE1_-s3T223_-0301-00003-000001-01,D:\github\IOT_Project\dataset\mri_IXI_480_2\wj_IXI516-HH-2297-MADisoTFE1_-s3T223_-0301-00003-000001-01.nii,D:\github\IOT_Project\data\processed\volumes\train\wj_IXI516-HH-2297-MADisoTFE1_-s3T223_-0301-00003-000001-01.npy,mri_IXI_480_2,1,train,113.0,137.0,113.0,128.0,128.0,128.0,success,
wj_IXI517-IOP-1144-SAGFSPGR_-sIXI51_-0003-00001-000001-01,D:\github\IOT_Project\dataset\mri_IXI_480_2\wj_IXI517-IOP-1144-SAGFSPGR_-sIXI51_-0003-00001-000001-01.nii,D:\github\IOT_Project\data\processed\volumes\train\wj_IXI517-IOP-1144-SAGFSPGR_-sIXI51_-0003-00001-000001-01.npy,mri_IXI_480_2,1,train,113.0,137.0,113.0,128.0,128.0,128.0,success,
wj_IXI518-HH-2239-MADisoTFE1_-s3T219_-0301-00003-000001-01,D:\github\IOT_Project\dataset\mri_IXI_480_2\wj_IXI518-HH-2239-MADisoTFE1_-s3T219_-0301-00003-000001-01.nii,D:\github\IOT_Project\data\processed\volumes\train\wj_IXI518-HH-2239-MADisoTFE1_-s3T219_-0301-00003-000001-01.npy,mri_IXI_480_2,1,train,113.0,137.0,113.0,128.0,128.0,128.0,success,
wj_IXI519-HH-2240-MADisoTFE1_-s3T219_-0301-00003-000001-01,D:\github\IOT_Project\dataset\mri_IXI_480_2\wj_IXI519-HH-2240-MADisoTFE1_-s3T219_-0301-00003-000001-01.nii,D:\github\IOT_Project\data\processed\volumes\train\wj_IXI519-HH-2240-MADisoTFE1_-s3T219_-0301-00003-000001-01.npy,mri_IXI_480_2,1,train,113.0,137.0,113.0,128.0,128.0,128.0,success,
wj_IXI522-HH-2453-MADisoTFE1_-s3T237_-0301-00003-000001-01,D:\github\IOT_Project\dataset\mri_IXI_480_2\wj_IXI522-HH-2453-MADisoTFE1_-s3T237_-0301-00003-000001-01.nii,D:\github\IOT_Project\data\processed\volumes\train\wj_IXI522-HH-2453-MADisoTFE1_-s3T237_-0301-00003-000001-01.npy,mri_IXI_480_2,1,train,113.0,137.0,113.0,128.0,128.0,128.0,success,
wj_IXI523-Guys-1056-MPRAGESEN_-s427_-0401-00004-000001-01,D:\github\IOT_Project\dataset\mri_IXI_480_2\wj_IXI523-Guys-1056-MPRAGESEN_-s427_-0401-00004-000001-01.nii,D:\github\IOT_Project\data\processed\volumes\train\wj_IXI523-Guys-1056-MPRAGESEN_-s427_-0401-00004-000001-01.npy,mri_IXI_480_2,1,train,113.0,137.0,113.0,128.0,128.0,128.0,success,
wj_IXI526-HH-2392-MADisoTFE1_-s3T231_-0301-00003-000001-01,D:\github\IOT_Project\dataset\mri_IXI_480_2\wj_IXI526-HH-2392-MADisoTFE1_-s3T231_-0301-00003-000001-01.nii,D:\github\IOT_Project\data\processed\volumes\train\wj_IXI526-HH-2392-MADisoTFE1_-s3T231_-0301-00003-000001-01.npy,mri_IXI_480_2,1,train,113.0,137.0,113.0,128.0,128.0,128.0,success,
wj_IXI527-HH-2376-MADisoTFE1_-s3T229_-0501-00005-000001-01,D:\github\IOT_Project\dataset\mri_IXI_480_2\wj_IXI527-HH-2376-MADisoTFE1_-s3T229_-0501-00005-000001-01.nii,D:\github\IOT_Project\data\processed\volumes\train\wj_IXI527-HH-2376-MADisoTFE1_-s3T229_-0501-00005-000001-01.npy,mri_IXI_480_2,1,train,113.0,137.0,113.0,128.0,128.0,128.0,success,
wj_IXI531-Guys-1057-MPRAGESEN_-s427_-0301-00003-000001-01,D:\github\IOT_Project\dataset\mri_IXI_480_2\wj_IXI531-Guys-1057-MPRAGESEN_-s427_-0301-00003-000001-01.nii,D:\github\IOT_Project\data\processed\volumes\train\wj_IXI531-Guys-1057-MPRAGESEN_-s427_-0301-00003-000001-01.npy,mri_IXI_480_2,1,train,113.0,137.0,113.0,128.0,128.0,128.0,success,
wj_IXI532-IOP-1145-SAGFSPGR_-sIXI53_-0003-00001-000001-01,D:\github\IOT_Project\dataset\mri_IXI_480_2\wj_IXI532-IOP-1145-SAGFSPGR_-sIXI53_-0003-00001-000001-01.nii,D:\github\IOT_Project\data\processed\volumes\train\wj_IXI532-IOP-1145-SAGFSPGR_-sIXI53_-0003-00001-000001-01.npy,mri_IXI_480_2,1,train,113.0,137.0,113.0,128.0,128.0,128.0,success,
wj_IXI533-Guys-1066-MPRAGESEN_-s428_-0401-00004-000001-01,D:\github\IOT_Project\dataset\mri_IXI_480_2\wj_IXI533-Guys-1066-MPRAGESEN_-s428_-0401-00004-000001-01.nii,D:\github\IOT_Project\data\processed\volumes\train\wj_IXI533-Guys-1066-MPRAGESEN_-s428_-0401-00004-000001-01.npy,mri_IXI_480_2,1,train,113.0,137.0,113.0,128.0,128.0,128.0,success,
wj_IXI536-Guys-1059-MPRAGESEN_-s427_-0301-00003-000001-01,D:\github\IOT_Project\dataset\mri_IXI_480_2\wj_IXI536-Guys-1059-MPRAGESEN_-s427_-0301-00003-000001-01.nii,D:\github\IOT_Project\data\processed\volumes\train\wj_IXI536-Guys-1059-MPRAGESEN_-s427_-0301-00003-000001-01.npy,mri_IXI_480_2,1,train,113.0,137.0,113.0,128.0,128.0,128.0,success,
wj_IXI537-HH-2378-MADisoTFE1_-s3T229_-0301-00003-000001-01,D:\github\IOT_Project\dataset\mri_IXI_480_2\wj_IXI537-HH-2378-MADisoTFE1_-s3T229_-0301-00003-000001-01.nii,D:\github\IOT_Project\data\processed\volumes\train\wj_IXI537-HH-2378-MADisoTFE1_-s3T229_-0301-00003-000001-01.npy,mri_IXI_480_2,1,train,113.0,137.0,113.0,128.0,128.0,128.0,success,
wj_IXI538-HH-2411-MADisoTFE1_-s3T233_-0301-00003-000001-01,D:\github\IOT_Project\dataset\mri_IXI_480_2\wj_IXI538-HH-2411-MADisoTFE1_-s3T233_-0301-00003-000001-01.nii,D:\github\IOT_Project\data\processed\volumes\train\wj_IXI538-HH-2411-MADisoTFE1_-s3T233_-0301-00003-000001-01.npy,mri_IXI_480_2,1,train,113.0,137.0,113.0,128.0,128.0,128.0,success,
wj_IXI539-Guys-1067-MPRAGESEN_-s429_-0301-00003-000001-01,D:\github\IOT_Project\dataset\mri_IXI_480_2\wj_IXI539-Guys-1067-MPRAGESEN_-s429_-0301-00003-000001-01.nii,D:\github\IOT_Project\data\processed\volumes\train\wj_IXI539-Guys-1067-MPRAGESEN_-s429_-0301-00003-000001-01.npy,mri_IXI_480_2,1,train,113.0,137.0,113.0,128.0,128.0,128.0,success,
wj_IXI541-IOP-1146-SAGFSPGR_-sIXI54_-0003-00001-000001-01,D:\github\IOT_Project\dataset\mri_IXI_480_2\wj_IXI541-IOP-1146-SAGFSPGR_-sIXI54_-0003-00001-000001-01.nii,D:\github\IOT_Project\data\processed\volumes\train\wj_IXI541-IOP-1146-SAGFSPGR_-sIXI54_-0003-00001-000001-01.npy,mri_IXI_480_2,1,train,113.0,137.0,113.0,128.0,128.0,128.0,success,
wj_IXI542-IOP-1147-SAGFSPGR_-sIXI54_-0003-00001-000001-01,D:\github\IOT_Project\dataset\mri_IXI_480_2\wj_IXI542-IOP-1147-SAGFSPGR_-sIXI54_-0003-00001-000001-01.nii,D:\github\IOT_Project\data\processed\volumes\train\wj_IXI542-IOP-1147-SAGFSPGR_-sIXI54_-0003-00001-000001-01.npy,mri_IXI_480_2,1,train,113.0,137.0,113.0,128.0,128.0,128.0,success,
wj_IXI544-HH-2395-MADisoTFE1_-s3T231_-0301-00003-000001-01,D:\github\IOT_Project\dataset\mri_IXI_480_2\wj_IXI544-HH-2395-MADisoTFE1_-s3T231_-0301-00003-000001-01.nii,D:\github\IOT_Project\data\processed\volumes\train\wj_IXI544-HH-2395-MADisoTFE1_-s3T231_-0301-00003-000001-01.npy,mri_IXI_480_2,1,train,113.0,137.0,113.0,128.0,128.0,128.0,success,
wj_IXI547-IOP-1149-SAGFSPGR_-sIXI54_-0004-00001-000001-01,D:\github\IOT_Project\dataset\mri_IXI_480_2\wj_IXI547-IOP-1149-SAGFSPGR_-sIXI54_-0004-00001-000001-01.nii,D:\github\IOT_Project\data\processed\volumes\train\wj_IXI547-IOP-1149-SAGFSPGR_-sIXI54_-0004-00001-000001-01.npy,mri_IXI_480_2,1,train,113.0,137.0,113.0,128.0,128.0,128.0,success,
wj_IXI548-IOP-1150-SAGFSPGR_-sIXI54_-0003-00001-000001-01,D:\github\IOT_Project\dataset\mri_IXI_480_2\wj_IXI548-IOP-1150-SAGFSPGR_-sIXI54_-0003-00001-000001-01.nii,D:\github\IOT_Project\data\processed\volumes\train\wj_IXI548-IOP-1150-SAGFSPGR_-sIXI54_-0003-00001-000001-01.npy,mri_IXI_480_2,1,train,113.0,137.0,113.0,128.0,128.0,128.0,success,
wj_IXI549-Guys-1046-MPRAGESEN_-s426_-0301-00003-000001-01,D:\github\IOT_Project\dataset\mri_IXI_480_2\wj_IXI549-Guys-1046-MPRAGESEN_-s426_-0301-00003-000001-01.nii,D:\github\IOT_Project\data\processed\volumes\train\wj_IXI549-Guys-1046-MPRAGESEN_-s426_-0301-00003-000001-01.npy,mri_IXI_480_2,1,train,113.0,137.0,113.0,128.0,128.0,128.0,success,
wj_IXI552-Guys-1063-MPRAGESEN_-s428_-0301-00003-000001-01,D:\github\IOT_Project\dataset\mri_IXI_480_2\wj_IXI552-Guys-1063-MPRAGESEN_-s428_-0301-00003-000001-01.nii,D:\github\IOT_Project\data\processed\volumes\train\wj_IXI552-Guys-1063-MPRAGESEN_-s428_-0301-00003-000001-01.npy,mri_IXI_480_2,1,train,113.0,137.0,113.0,128.0,128.0,128.0,success,
wj_IXI553-IOP-1151-SAGFSPGR_-sIXI55_-0003-00001-000001-01,D:\github\IOT_Project\dataset\mri_IXI_480_2\wj_IXI553-IOP-1151-SAGFSPGR_-sIXI55_-0003-00001-000001-01.nii,D:\github\IOT_Project\data\processed\volumes\train\wj_IXI553-IOP-1151-SAGFSPGR_-sIXI55_-0003-00001-000001-01.npy,mri_IXI_480_2,1,train,113.0,137.0,113.0,128.0,128.0,128.0,success,
wj_IXI554-Guys-1068-MPRAGESEN_-s429_-0301-00003-000001-01,D:\github\IOT_Project\dataset\mri_IXI_480_2\wj_IXI554-Guys-1068-MPRAGESEN_-s429_-0301-00003-000001-01.nii,D:\github\IOT_Project\data\processed\volumes\train\wj_IXI554-Guys-1068-MPRAGESEN_-s429_-0301-00003-000001-01.npy,mri_IXI_480_2,1,train,113.0,137.0,113.0,128.0,128.0,128.0,success,
wj_IXI556-HH-2452-MADisoTFE1_-s3T236_-0301-00003-000001-01,D:\github\IOT_Project\dataset\mri_IXI_480_2\wj_IXI556-HH-2452-MADisoTFE1_-s3T236_-0301-00003-000001-01.nii,D:\github\IOT_Project\data\processed\volumes\train\wj_IXI556-HH-2452-MADisoTFE1_-s3T236_-0301-00003-000001-01.npy,mri_IXI_480_2,1,train,113.0,137.0,113.0,128.0,128.0,128.0,success,
wj_IXI558-Guys-1079-MPRAGESEN_-s433_-0301-00003-000001-01,D:\github\IOT_Project\dataset\mri_IXI_480_2\wj_IXI558-Guys-1079-MPRAGESEN_-s433_-0301-00003-000001-01.nii,D:\github\IOT_Project\data\processed\volumes\train\wj_IXI558-Guys-1079-MPRAGESEN_-s433_-0301-00003-000001-01.npy,mri_IXI_480_2,1,train,113.0,137.0,113.0,128.0,128.0,128.0,success,
wj_IXI560-Guys-1070-MPRAGESEN_-s429_-0301-00003-000001-01,D:\github\IOT_Project\dataset\mri_IXI_480_2\wj_IXI560-Guys-1070-MPRAGESEN_-s429_-0301-00003-000001-01.nii,D:\github\IOT_Project\data\processed\volumes\train\wj_IXI560-Guys-1070-MPRAGESEN_-s429_-0301-00003-000001-01.npy,mri_IXI_480_2,1,train,113.0,137.0,113.0,128.0,128.0,128.0,success,
wj_IXI561-IOP-1152-SAGFSPGR_-sIXI56_-0003-00001-000001-01,D:\github\IOT_Project\dataset\mri_IXI_480_2\wj_IXI561-IOP-1152-SAGFSPGR_-sIXI56_-0003-00001-000001-01.nii,D:\github\IOT_Project\data\processed\volumes\train\wj_IXI561-IOP-1152-SAGFSPGR_-sIXI56_-0003-00001-000001-01.npy,mri_IXI_480_2,1,train,113.0,137.0,113.0,128.0,128.0,128.0,success,
wj_IXI562-Guys-1131-MPRAGESEN_-sIXI0562_-0301-00003-000001-01,D:\github\IOT_Project\dataset\mri_IXI_480_2\wj_IXI562-Guys-1131-MPRAGESEN_-sIXI0562_-0301-00003-000001-01.nii,D:\github\IOT_Project\data\processed\volumes\train\wj_IXI562-Guys-1131-MPRAGESEN_-sIXI0562_-0301-00003-000001-01.npy,mri_IXI_480_2,1,train,113.0,137.0,113.0,128.0,128.0,128.0,success,
wj_IXI563-IOP-1153-SAGFSPGR_-sIXI56_-0003-00001-000001-01,D:\github\IOT_Project\dataset\mri_IXI_480_2\wj_IXI563-IOP-1153-SAGFSPGR_-sIXI56_-0003-00001-000001-01.nii,D:\github\IOT_Project\data\processed\volumes\train\wj_IXI563-IOP-1153-SAGFSPGR_-sIXI56_-0003-00001-000001-01.npy,mri_IXI_480_2,1,train,113.0,137.0,113.0,128.0,128.0,128.0,success,
wj_IXI565-HH-2534-MADisoTFE1_-s3T239_-0301-00003-000001-01,D:\github\IOT_Project\dataset\mri_IXI_480_2\wj_IXI565-HH-2534-MADisoTFE1_-s3T239_-0301-00003-000001-01.nii,D:\github\IOT_Project\data\processed\volumes\train\wj_IXI565-HH-2534-MADisoTFE1_-s3T239_-0301-00003-000001-01.npy,mri_IXI_480_2,1,train,113.0,137.0,113.0,128.0,128.0,128.0,success,
wj_IXI566-HH-2535-MADisoTFE1_-s3T239_-0301-00003-000001-01,D:\github\IOT_Project\dataset\mri_IXI_480_2\wj_IXI566-HH-2535-MADisoTFE1_-s3T239_-0301-00003-000001-01.nii,D:\github\IOT_Project\data\processed\volumes\train\wj_IXI566-HH-2535-MADisoTFE1_-s3T239_-0301-00003-000001-01.npy,mri_IXI_480_2,1,train,113.0,137.0,113.0,128.0,128.0,128.0,success,
wj_IXI567-HH-2536-MADisoTFE1_-s3T239_-0301-00003-000001-01,D:\github\IOT_Project\dataset\mri_IXI_480_2\wj_IXI567-HH-2536-MADisoTFE1_-s3T239_-0301-00003-000001-01.nii,D:\github\IOT_Project\data\processed\volumes\train\wj_IXI567-HH-2536-MADisoTFE1_-s3T239_-0301-00003-000001-01.npy,mri_IXI_480_2,1,train,113.0,137.0,113.0,128.0,128.0,128.0,success,
wj_IXI568-HH-2607-MADisoTFE1_-s3T242_-0301-00003-000001-01,D:\github\IOT_Project\dataset\mri_IXI_480_2\wj_IXI568-HH-2607-MADisoTFE1_-s3T242_-0301-00003-000001-01.nii,D:\github\IOT_Project\data\processed\volumes\train\wj_IXI568-HH-2607-MADisoTFE1_-s3T242_-0301-00003-000001-01.npy,mri_IXI_480_2,1,train,113.0,137.0,113.0,128.0,128.0,128.0,success,
wj_IXI571-IOP-1154-SAGFSPGR_-sIXI57_-0003-00001-000001-01,D:\github\IOT_Project\dataset\mri_IXI_480_2\wj_IXI571-IOP-1154-SAGFSPGR_-sIXI57_-0003-00001-000001-01.nii,D:\github\IOT_Project\data\processed\volumes\train\wj_IXI571-IOP-1154-SAGFSPGR_-sIXI57_-0003-00001-000001-01.npy,mri_IXI_480_2,1,train,113.0,137.0,113.0,128.0,128.0,128.0,success,
wj_IXI572-HH-2605-MADisoTFE1_-s3T242_-0301-00003-000001-01,D:\github\IOT_Project\dataset\mri_IXI_480_2\wj_IXI572-HH-2605-MADisoTFE1_-s3T242_-0301-00003-000001-01.nii,D:\github\IOT_Project\data\processed\volumes\train\wj_IXI572-HH-2605-MADisoTFE1_-s3T242_-0301-00003-000001-01.npy,mri_IXI_480_2,1,train,113.0,137.0,113.0,128.0,128.0,128.0,success,
wj_IXI574-IOP-1156-SAGFSPGR_-sIXI57_-0003-00001-000001-01,D:\github\IOT_Project\dataset\mri_IXI_480_2\wj_IXI574-IOP-1156-SAGFSPGR_-sIXI57_-0003-00001-000001-01.nii,D:\github\IOT_Project\data\processed\volumes\train\wj_IXI574-IOP-1156-SAGFSPGR_-sIXI57_-0003-00001-000001-01.npy,mri_IXI_480_2,1,train,113.0,137.0,113.0,128.0,128.0,128.0,success,
wj_IXI575-HH-2658-MADisoTFE1_-s3T246_-0301-00003-000001-01,D:\github\IOT_Project\dataset\mri_IXI_480_2\wj_IXI575-HH-2658-MADisoTFE1_-s3T246_-0301-00003-000001-01.nii,D:\github\IOT_Project\data\processed\volumes\train\wj_IXI575-HH-2658-MADisoTFE1_-s3T246_-0301-00003-000001-01.npy,mri_IXI_480_2,1,train,113.0,137.0,113.0,128.0,128.0,128.0,success,
wj_IXI584-Guys-1129-MPRAGESEN_-sIXI58_-0301-00003-000001-01,D:\github\IOT_Project\dataset\mri_IXI_480_2\wj_IXI584-Guys-1129-MPRAGESEN_-sIXI58_-0301-00003-000001-01.nii,D:\github\IOT_Project\data\processed\volumes\train\wj_IXI584-Guys-1129-MPRAGESEN_-sIXI58_-0301-00003-000001-01.npy,mri_IXI_480_2,1,train,113.0,137.0,113.0,128.0,128.0,128.0,success,
wj_IXI585-Guys-1130-MPRAGESEN_-sIXI58_-0301-00003-000001-01,D:\github\IOT_Project\dataset\mri_IXI_480_2\wj_IXI585-Guys-1130-MPRAGESEN_-sIXI58_-0301-00003-000001-01.nii,D:\github\IOT_Project\data\processed\volumes\train\wj_IXI585-Guys-1130-MPRAGESEN_-sIXI58_-0301-00003-000001-01.npy,mri_IXI_480_2,1,train,113.0,137.0,113.0,128.0,128.0,128.0,success,
wj_IXI586-HH-2451-MADisoTFE1_-s3T236_-0301-00003-000001-01,D:\github\IOT_Project\dataset\mri_IXI_480_2\wj_IXI586-HH-2451-MADisoTFE1_-s3T236_-0301-00003-000001-01.nii,D:\github\IOT_Project\data\processed\volumes\train\wj_IXI586-HH-2451-MADisoTFE1_-s3T236_-0301-00003-000001-01.npy,mri_IXI_480_2,1,train,113.0,137.0,113.0,128.0,128.0,128.0,success,
wj_IXI588-IOP-1158-SAGFSPGR_-sIXI58_-0003-00001-000001-01,D:\github\IOT_Project\dataset\mri_IXI_480_2\wj_IXI588-IOP-1158-SAGFSPGR_-sIXI58_-0003-00001-000001-01.nii,D:\github\IOT_Project\data\processed\volumes\train\wj_IXI588-IOP-1158-SAGFSPGR_-sIXI58_-0003-00001-000001-01.npy,mri_IXI_480_2,1,train,113.0,137.0,113.0,128.0,128.0,128.0,success,
wj_IXI589-Guys-1080-MPRAGESEN_-sIXI58_-0301-00003-000001-01,D:\github\IOT_Project\dataset\mri_IXI_480_2\wj_IXI589-Guys-1080-MPRAGESEN_-sIXI58_-0301-00003-000001-01.nii,D:\github\IOT_Project\data\processed\volumes\train\wj_IXI589-Guys-1080-MPRAGESEN_-sIXI58_-0301-00003-000001-01.npy,mri_IXI_480_2,1,train,113.0,137.0,113.0,128.0,128.0,128.0,success,
wj_IXI592-Guys-1085-MPRAGESEN_-sIXI59_-0301-00003-000001-01,D:\github\IOT_Project\dataset\mri_IXI_480_2\wj_IXI592-Guys-1085-MPRAGESEN_-sIXI59_-0301-00003-000001-01.nii,D:\github\IOT_Project\data\processed\volumes\train\wj_IXI592-Guys-1085-MPRAGESEN_-sIXI59_-0301-00003-000001-01.npy,mri_IXI_480_2,1,train,113.0,137.0,113.0,128.0,128.0,128.0,success,
wj_IXI593-Guys-1109-MPRAGESEN_-sIXI0593_-0301-00003-000001-01,D:\github\IOT_Project\dataset\mri_IXI_480_2\wj_IXI593-Guys-1109-MPRAGESEN_-sIXI0593_-0301-00003-000001-01.nii,D:\github\IOT_Project\data\processed\volumes\train\wj_IXI593-Guys-1109-MPRAGESEN_-sIXI0593_-0301-00003-000001-01.npy,mri_IXI_480_2,1,train,113.0,137.0,113.0,128.0,128.0,128.0,success,
wj_IXI594-Guys-1089-MPRAGESEN_-s445_-0301-00003-000001-01,D:\github\IOT_Project\dataset\mri_IXI_480_2\wj_IXI594-Guys-1089-MPRAGESEN_-s445_-0301-00003-000001-01.nii,D:\github\IOT_Project\data\processed\volumes\train\wj_IXI594-Guys-1089-MPRAGESEN_-s445_-0301-00003-000001-01.npy,mri_IXI_480_2,1,train,113.0,137.0,113.0,128.0,128.0,128.0,success,
wj_IXI595-IOP-1159-SAGFSPGR_-sIXI59_-0003-00001-000001-01,D:\github\IOT_Project\dataset\mri_IXI_480_2\wj_IXI595-IOP-1159-SAGFSPGR_-sIXI59_-0003-00001-000001-01.nii,D:\github\IOT_Project\data\processed\volumes\train\wj_IXI595-IOP-1159-SAGFSPGR_-sIXI59_-0003-00001-000001-01.npy,mri_IXI_480_2,1,train,113.0,137.0,113.0,128.0,128.0,128.0,success,
wj_IXI597-IOP-1161-SAGFSPGR_-sIXI59_-0003-00001-000001-01,D:\github\IOT_Project\dataset\mri_IXI_480_2\wj_IXI597-IOP-1161-SAGFSPGR_-sIXI59_-0003-00001-000001-01.nii,D:\github\IOT_Project\data\processed\volumes\train\wj_IXI597-IOP-1161-SAGFSPGR_-sIXI59_-0003-00001-000001-01.npy,mri_IXI_480_2,1,train,113.0,137.0,113.0,128.0,128.0,128.0,success,
wj_IXI598-HH-2606-MADisoTFE1_-s3T242_-0301-00003-000001-01,D:\github\IOT_Project\dataset\mri_IXI_480_2\wj_IXI598-HH-2606-MADisoTFE1_-s3T242_-0301-00003-000001-01.nii,D:\github\IOT_Project\data\processed\volumes\train\wj_IXI598-HH-2606-MADisoTFE1_-s3T242_-0301-00003-000001-01.npy,mri_IXI_480_2,1,train,113.0,137.0,113.0,128.0,128.0,128.0,success,
wj_IXI600-HH-2660-MADisoTFE1_-s3T246_-0301-00003-000001-01,D:\github\IOT_Project\dataset\mri_IXI_480_2\wj_IXI600-HH-2660-MADisoTFE1_-s3T246_-0301-00003-000001-01.nii,D:\github\IOT_Project\data\processed\volumes\train\wj_IXI600-HH-2660-MADisoTFE1_-s3T246_-0301-00003-000001-01.npy,mri_IXI_480_2,1,train,113.0,137.0,113.0,128.0,128.0,128.0,success,
wj_IXI601-HH-2700-MADisoTFE1_-s3T248_-0301-00003-000001-01,D:\github\IOT_Project\dataset\mri_IXI_480_2\wj_IXI601-HH-2700-MADisoTFE1_-s3T248_-0301-00003-000001-01.nii,D:\github\IOT_Project\data\processed\volumes\train\wj_IXI601-HH-2700-MADisoTFE1_-s3T248_-0301-00003-000001-01.npy,mri_IXI_480_2,1,train,113.0,137.0,113.0,128.0,128.0,128.0,success,
wj_IXI603-HH-2701-MADisoTFE1_-s3T248_-0301-00003-000001-01,D:\github\IOT_Project\dataset\mri_IXI_480_2\wj_IXI603-HH-2701-MADisoTFE1_-s3T248_-0301-00003-000001-01.nii,D:\github\IOT_Project\data\processed\volumes\train\wj_IXI603-HH-2701-MADisoTFE1_-s3T248_-0301-00003-000001-01.npy,mri_IXI_480_2,1,train,113.0,137.0,113.0,128.0,128.0,128.0,success,
wj_IXI605-HH-2598-MADisoTFE1_-s3T241_-0301-00003-000001-01,D:\github\IOT_Project\dataset\mri_IXI_480_2\wj_IXI605-HH-2598-MADisoTFE1_-s3T241_-0301-00003-000001-01.nii,D:\github\IOT_Project\data\processed\volumes\train\wj_IXI605-HH-2598-MADisoTFE1_-s3T241_-0301-00003-000001-01.npy,mri_IXI_480_2,1,train,113.0,137.0,113.0,128.0,128.0,128.0,success,
wj_IXI606-HH-2601-MADisoTFE1_-s3T242_-0301-00003-000001-01,D:\github\IOT_Project\dataset\mri_IXI_480_2\wj_IXI606-HH-2601-MADisoTFE1_-s3T242_-0301-00003-000001-01.nii,D:\github\IOT_Project\data\processed\volumes\train\wj_IXI606-HH-2601-MADisoTFE1_-s3T242_-0301-00003-000001-01.npy,mri_IXI_480_2,1,train,113.0,137.0,113.0,128.0,128.0,128.0,success,
wj_IXI607-Guys-1097-MPRAGESEN_-s445_-0301-00003-000001-01,D:\github\IOT_Project\dataset\mri_IXI_480_2\wj_IXI607-Guys-1097-MPRAGESEN_-s445_-0301-00003-000001-01.nii,D:\github\IOT_Project\data\processed\volumes\train\wj_IXI607-Guys-1097-MPRAGESEN_-s445_-0301-00003-000001-01.npy,mri_IXI_480_2,1,train,113.0,137.0,113.0,128.0,128.0,128.0,success,
wj_IXI608-HH-2599-MADisoTFE1_-s3T242_-0301-00003-000001-01,D:\github\IOT_Project\dataset\mri_IXI_480_2\wj_IXI608-HH-2599-MADisoTFE1_-s3T242_-0301-00003-000001-01.nii,D:\github\IOT_Project\data\processed\volumes\train\wj_IXI608-HH-2599-MADisoTFE1_-s3T242_-0301-00003-000001-01.npy,mri_IXI_480_2,1,train,113.0,137.0,113.0,128.0,128.0,128.0,success,
wj_IXI609-HH-2600-MADisoTFE1_-s3T242_-0301-00003-000001-01,D:\github\IOT_Project\dataset\mri_IXI_480_2\wj_IXI609-HH-2600-MADisoTFE1_-s3T242_-0301-00003-000001-01.nii,D:\github\IOT_Project\data\processed\volumes\train\wj_IXI609-HH-2600-MADisoTFE1_-s3T242_-0301-00003-000001-01.npy,mri_IXI_480_2,1,train,113.0,137.0,113.0,128.0,128.0,128.0,success,
wj_IXI611-HH-2650-MADisoTFE1_-s3T245_-0301-00003-000001-01,D:\github\IOT_Project\dataset\mri_IXI_480_2\wj_IXI611-HH-2650-MADisoTFE1_-s3T245_-0301-00003-000001-01.nii,D:\github\IOT_Project\data\processed\volumes\train\wj_IXI611-HH-2650-MADisoTFE1_-s3T245_-0301-00003-000001-01.npy,mri_IXI_480_2,1,train,113.0,137.0,113.0,128.0,128.0,128.0,success,
wj_IXI612-HH-2688-MADisoTFE1_-s3T247_-0401-00004-000001-01,D:\github\IOT_Project\dataset\mri_IXI_480_2\wj_IXI612-HH-2688-MADisoTFE1_-s3T247_-0401-00004-000001-01.nii,D:\github\IOT_Project\data\processed\volumes\train\wj_IXI612-HH-2688-MADisoTFE1_-s3T247_-0401-00004-000001-01.npy,mri_IXI_480_2,1,train,113.0,137.0,113.0,128.0,128.0,128.0,success,
wj_IXI616-Guys-1092-MPRAGESEN_-s445_-0301-00003-000001-01,D:\github\IOT_Project\dataset\mri_IXI_480_2\wj_IXI616-Guys-1092-MPRAGESEN_-s445_-0301-00003-000001-01.nii,D:\github\IOT_Project\data\processed\volumes\train\wj_IXI616-Guys-1092-MPRAGESEN_-s445_-0301-00003-000001-01.npy,mri_IXI_480_2,1,train,113.0,137.0,113.0,128.0,128.0,128.0,success,
wj_IXI617-Guys-1090-MPRAGESEN_-s445_-0301-00003-000001-01,D:\github\IOT_Project\dataset\mri_IXI_480_2\wj_IXI617-Guys-1090-MPRAGESEN_-s445_-0301-00003-000001-01.nii,D:\github\IOT_Project\data\processed\volumes\train\wj_IXI617-Guys-1090-MPRAGESEN_-s445_-0301-00003-000001-01.npy,mri_IXI_480_2,1,train,113.0,137.0,113.0,128.0,128.0,128.0,success,
wj_IXI618-Guys-1091-MPRAGESEN_-s445_-0301-00003-000001-01,D:\github\IOT_Project\dataset\mri_IXI_480_2\wj_IXI618-Guys-1091-MPRAGESEN_-s445_-0301-00003-000001-01.nii,D:\github\IOT_Project\data\processed\volumes\train\wj_IXI618-Guys-1091-MPRAGESEN_-s445_-0301-00003-000001-01.npy,mri_IXI_480_2,1,train,113.0,137.0,113.0,128.0,128.0,128.0,success,
wj_IXI619-Guys-1099-MPRAGESEN_-sIXI61_-0301-00003-000001-01,D:\github\IOT_Project\dataset\mri_IXI_480_2\wj_IXI619-Guys-1099-MPRAGESEN_-sIXI61_-0301-00003-000001-01.nii,D:\github\IOT_Project\data\processed\volumes\train\wj_IXI619-Guys-1099-MPRAGESEN_-sIXI61_-0301-00003-000001-01.npy,mri_IXI_480_2,1,train,113.0,137.0,113.0,128.0,128.0,128.0,success,
wj_IXI621-Guys-1100-MPRAGESEN_-sIXI62_-0301-00003-000001-01,D:\github\IOT_Project\dataset\mri_IXI_480_2\wj_IXI621-Guys-1100-MPRAGESEN_-sIXI62_-0301-00003-000001-01.nii,D:\github\IOT_Project\data\processed\volumes\train\wj_IXI621-Guys-1100-MPRAGESEN_-sIXI62_-0301-00003-000001-01.npy,mri_IXI_480_2,1,train,113.0,137.0,113.0,128.0,128.0,128.0,success,
wj_IXI622-Guys-1102-MPRAGESEN_-sIXI62_-0301-00003-000001-01,D:\github\IOT_Project\dataset\mri_IXI_480_2\wj_IXI622-Guys-1102-MPRAGESEN_-sIXI62_-0301-00003-000001-01.nii,D:\github\IOT_Project\data\processed\volumes\train\wj_IXI622-Guys-1102-MPRAGESEN_-sIXI62_-0301-00003-000001-01.npy,mri_IXI_480_2,1,train,113.0,137.0,113.0,128.0,128.0,128.0,success,
wj_IXI623-Guys-1076-MPRAGESEN_-sIXI60_-0301-00003-000001-01,D:\github\IOT_Project\dataset\mri_IXI_480_2\wj_IXI623-Guys-1076-MPRAGESEN_-sIXI60_-0301-00003-000001-01.nii,D:\github\IOT_Project\data\processed\volumes\train\wj_IXI623-Guys-1076-MPRAGESEN_-sIXI60_-0301-00003-000001-01.npy,mri_IXI_480_2,1,train,113.0,137.0,113.0,128.0,128.0,128.0,success,
wj_IXI625-Guys-1098-MPRAGESEN_-sIXI624_-0301-00003-000001-01,D:\github\IOT_Project\dataset\mri_IXI_480_2\wj_IXI625-Guys-1098-MPRAGESEN_-sIXI624_-0301-00003-000001-01.nii,D:\github\IOT_Project\data\processed\volumes\train\wj_IXI625-Guys-1098-MPRAGESEN_-sIXI624_-0301-00003-000001-01.npy,mri_IXI_480_2,1,train,113.0,137.0,113.0,128.0,128.0,128.0,success,
wj_IXI626-Guys-1094-MPRAGESEN_-s447_-0301-00003-000001-01,D:\github\IOT_Project\dataset\mri_IXI_480_2\wj_IXI626-Guys-1094-MPRAGESEN_-s447_-0301-00003-000001-01.nii,D:\github\IOT_Project\data\processed\volumes\train\wj_IXI626-Guys-1094-MPRAGESEN_-s447_-0301-00003-000001-01.npy,mri_IXI_480_2,1,train,113.0,137.0,113.0,128.0,128.0,128.0,success,
wj_IXI629-Guys-1095-MPRAGESEN_-sIXI62_-0301-00003-000001-01,D:\github\IOT_Project\dataset\mri_IXI_480_2\wj_IXI629-Guys-1095-MPRAGESEN_-sIXI62_-0301-00003-000001-01.nii,D:\github\IOT_Project\data\processed\volumes\train\wj_IXI629-Guys-1095-MPRAGESEN_-sIXI62_-0301-00003-000001-01.npy,mri_IXI_480_2,1,train,113.0,137.0,113.0,128.0,128.0,128.0,success,
wj_IXI630-Guys-1108-MPRAGESEN_-sIXI0630_-0301-00003-000001-01,D:\github\IOT_Project\dataset\mri_IXI_480_2\wj_IXI630-Guys-1108-MPRAGESEN_-sIXI0630_-0301-00003-000001-01.nii,D:\github\IOT_Project\data\processed\volumes\train\wj_IXI630-Guys-1108-MPRAGESEN_-sIXI0630_-0301-00003-000001-01.npy,mri_IXI_480_2,1,train,113.0,137.0,113.0,128.0,128.0,128.0,success,
wj_IXI632-HH-2652-MADisoTFE1_-s3T245_-0301-00003-000001-01,D:\github\IOT_Project\dataset\mri_IXI_480_2\wj_IXI632-HH-2652-MADisoTFE1_-s3T245_-0301-00003-000001-01.nii,D:\github\IOT_Project\data\processed\volumes\train\wj_IXI632-HH-2652-MADisoTFE1_-s3T245_-0301-00003-000001-01.npy,mri_IXI_480_2,1,train,113.0,137.0,113.0,128.0,128.0,128.0,success,
wj_IXI634-HH-2690-MADisoTFE1_-s3T247_-0301-00003-000001-01,D:\github\IOT_Project\dataset\mri_IXI_480_2\wj_IXI634-HH-2690-MADisoTFE1_-s3T247_-0301-00003-000001-01.nii,D:\github\IOT_Project\data\processed\volumes\train\wj_IXI634-HH-2690-MADisoTFE1_-s3T247_-0301-00003-000001-01.npy,mri_IXI_480_2,1,train,113.0,137.0,113.0,128.0,128.0,128.0,success,
wj_IXI635-HH-2691-MADisoTFE1_-s3T247_-0301-00003-000001-01,D:\github\IOT_Project\dataset\mri_IXI_480_2\wj_IXI635-HH-2691-MADisoTFE1_-s3T247_-0301-00003-000001-01.nii,D:\github\IOT_Project\data\processed\volumes\train\wj_IXI635-HH-2691-MADisoTFE1_-s3T247_-0301-00003-000001-01.npy,mri_IXI_480_2,1,train,113.0,137.0,113.0,128.0,128.0,128.0,success,
wj_IXI636-HH-2733-MADisoTFE1_-s3T251_-0301-00003-000001-01,D:\github\IOT_Project\dataset\mri_IXI_480_2\wj_IXI636-HH-2733-MADisoTFE1_-s3T251_-0301-00003-000001-01.nii,D:\github\IOT_Project\data\processed\volumes\train\wj_IXI636-HH-2733-MADisoTFE1_-s3T251_-0301-00003-000001-01.npy,mri_IXI_480_2,1,train,113.0,137.0,113.0,128.0,128.0,128.0,success,
wj_IXI638-HH-2786-MADisoTFE1_-s3T253_-0301-00003-000001-01,D:\github\IOT_Project\dataset\mri_IXI_480_2\wj_IXI638-HH-2786-MADisoTFE1_-s3T253_-0301-00003-000001-01.nii,D:\github\IOT_Project\data\processed\volumes\train\wj_IXI638-HH-2786-MADisoTFE1_-s3T253_-0301-00003-000001-01.npy,mri_IXI_480_2,1,train,113.0,137.0,113.0,128.0,128.0,128.0,success,
wj_IXI639-Guys-1088-MPRAGESEN_-s445_-0301-00003-000001-01,D:\github\IOT_Project\dataset\mri_IXI_480_2\wj_IXI639-Guys-1088-MPRAGESEN_-s445_-0301-00003-000001-01.nii,D:\github\IOT_Project\data\processed\volumes\train\wj_IXI639-Guys-1088-MPRAGESEN_-s445_-0301-00003-000001-01.npy,mri_IXI_480_2,1,train,113.0,137.0,113.0,128.0,128.0,128.0,success,
wj_IXI640-Guys-1106-MPRAGESEN_-s452_-0301-00003-000001-01,D:\github\IOT_Project\dataset\mri_IXI_480_2\wj_IXI640-Guys-1106-MPRAGESEN_-s452_-0301-00003-000001-01.nii,D:\github\IOT_Project\data\processed\volumes\train\wj_IXI640-Guys-1106-MPRAGESEN_-s452_-0301-00003-000001-01.npy,mri_IXI_480_2,1,train,113.0,137.0,113.0,128.0,128.0,128.0,success,
wj_IXI641-Guys-1105-MPRAGESEN_-s451_-0301-00003-000001-01,D:\github\IOT_Project\dataset\mri_IXI_480_2\wj_IXI641-Guys-1105-MPRAGESEN_-s451_-0301-00003-000001-01.nii,D:\github\IOT_Project\data\processed\volumes\train\wj_IXI641-Guys-1105-MPRAGESEN_-s451_-0301-00003-000001-01.npy,mri_IXI_480_2,1,train,113.0,137.0,113.0,128.0,128.0,128.0,success,
wj_IXI643-HH-2787-MADisoTFE1_-s3T253_-0301-00003-000001-01,D:\github\IOT_Project\dataset\mri_IXI_480_2\wj_IXI643-HH-2787-MADisoTFE1_-s3T253_-0301-00003-000001-01.nii,D:\github\IOT_Project\data\processed\volumes\train\wj_IXI643-HH-2787-MADisoTFE1_-s3T253_-0301-00003-000001-01.npy,mri_IXI_480_2,1,train,113.0,137.0,113.0,128.0,128.0,128.0,success,
wj_IXI648-Guys-1107-MPRAGESEN_-sIXI0648_-0301-00003-000001-01,D:\github\IOT_Project\dataset\mri_IXI_480_2\wj_IXI648-Guys-1107-MPRAGESEN_-sIXI0648_-0301-00003-000001-01.nii,D:\github\IOT_Project\data\processed\volumes\train\wj_IXI648-Guys-1107-MPRAGESEN_-sIXI0648_-0301-00003-000001-01.npy,mri_IXI_480_2,1,train,113.0,137.0,113.0,128.0,128.0,128.0,success,
wj_IXI652-Guys-1116-MPRAGESEN_-s454_-0301-00003-000001-01,D:\github\IOT_Project\dataset\mri_IXI_480_2\wj_IXI652-Guys-1116-MPRAGESEN_-s454_-0301-00003-000001-01.nii,D:\github\IOT_Project\data\processed\volumes\train\wj_IXI652-Guys-1116-MPRAGESEN_-s454_-0301-00003-000001-01.npy,mri_IXI_480_2,1,train,113.0,137.0,113.0,128.0,128.0,128.0,success,
wj_IXI653-Guys-1122-MPRAGESEN_-sIXI653_-0301-00003-000001-01,D:\github\IOT_Project\dataset\mri_IXI_480_2\wj_IXI653-Guys-1122-MPRAGESEN_-sIXI653_-0301-00003-000001-01.nii,D:\github\IOT_Project\data\processed\volumes\train\wj_IXI653-Guys-1122-MPRAGESEN_-sIXI653_-0301-00003-000001-01.npy,mri_IXI_480_2,1,train,113.0,137.0,113.0,128.0,128.0,128.0,success,
wj_IXI661-HH-2788-MADisoTFE1_-s3T253_-0301-00003-000001-01,D:\github\IOT_Project\dataset\mri_IXI_480_2\wj_IXI661-HH-2788-MADisoTFE1_-s3T253_-0301-00003-000001-01.nii,D:\github\IOT_Project\data\processed\volumes\train\wj_IXI661-HH-2788-MADisoTFE1_-s3T253_-0301-00003-000001-01.npy,mri_IXI_480_2,1,train,113.0,137.0,113.0,128.0,128.0,128.0,success,
wj_IXI662-Guys-1120-MPRAGESEN_-s455_-0301-00003-000001-01,D:\github\IOT_Project\dataset\mri_IXI_480_2\wj_IXI662-Guys-1120-MPRAGESEN_-s455_-0301-00003-000001-01.nii,D:\github\IOT_Project\data\processed\volumes\train\wj_IXI662-Guys-1120-MPRAGESEN_-s455_-0301-00003-000001-01.npy,mri_IXI_480_2,1,train,113.0,137.0,113.0,128.0,128.0,128.0,success,
wmIXI115-Guys-0738-T1,D:\github\IOT_Project\dataset\mri_IXI_480_2\wmIXI115-Guys-0738-T1.nii,D:\github\IOT_Project\data\processed\volumes\train\wmIXI115-Guys-0738-T1.npy,mri_IXI_480_2,1,train,113.0,137.0,113.0,128.0,128.0,128.0,success,
wmIXI116-Guys-0739-T1,D:\github\IOT_Project\dataset\mri_IXI_480_2\wmIXI116-Guys-0739-T1.nii,D:\github\IOT_Project\data\processed\volumes\train\wmIXI116-Guys-0739-T1.npy,mri_IXI_480_2,1,train,113.0,137.0,113.0,128.0,128.0,128.0,success,
wmIXI118-Guys-0764-T1,D:\github\IOT_Project\dataset\mri_IXI_480_2\wmIXI118-Guys-0764-T1.nii,D:\github\IOT_Project\data\processed\volumes\train\wmIXI118-Guys-0764-T1.npy,mri_IXI_480_2,1,train,113.0,137.0,113.0,128.0,128.0,128.0,success,
wmIXI119-Guys-0765-T1,D:\github\IOT_Project\dataset\mri_IXI_480_2\wmIXI119-Guys-0765-T1.nii,D:\github\IOT_Project\data\processed\volumes\train\wmIXI119-Guys-0765-T1.npy,mri_IXI_480_2,1,train,113.0,137.0,113.0,128.0,128.0,128.0,success,
wmIXI120-Guys-0766-T1,D:\github\IOT_Project\dataset\mri_IXI_480_2\wmIXI120-Guys-0766-T1.nii,D:\github\IOT_Project\data\processed\volumes\train\wmIXI120-Guys-0766-T1.npy,mri_IXI_480_2,1,train,113.0,137.0,113.0,128.0,128.0,128.0,success,
wmIXI121-Guys-0772-T1,D:\github\IOT_Project\dataset\mri_IXI_480_2\wmIXI121-Guys-0772-T1.nii,D:\github\IOT_Project\data\processed\volumes\train\wmIXI121-Guys-0772-T1.npy,mri_IXI_480_2,1,train,113.0,137.0,113.0,128.0,128.0,128.0,success,
wmIXI126-HH-1437-T1,D:\github\IOT_Project\dataset\mri_IXI_480_2\wmIXI126-HH-1437-T1.nii,D:\github\IOT_Project\data\processed\volumes\train\wmIXI126-HH-1437-T1.npy,mri_IXI_480_2,1,train,113.0,137.0,113.0,128.0,128.0,128.0,success,
wmIXI128-HH-1470-T1,D:\github\IOT_Project\dataset\mri_IXI_480_2\wmIXI128-HH-1470-T1.nii,D:\github\IOT_Project\data\processed\volumes\train\wmIXI128-HH-1470-T1.npy,mri_IXI_480_2,1,train,113.0,137.0,113.0,128.0,128.0,128.0,success,
wmIXI129-Guys-0775-T1,D:\github\IOT_Project\dataset\mri_IXI_480_2\wmIXI129-Guys-0775-T1.nii,D:\github\IOT_Project\data\processed\volumes\train\wmIXI129-Guys-0775-T1.npy,mri_IXI_480_2,1,train,113.0,137.0,113.0,128.0,128.0,128.0,success,
wmIXI130-HH-1528-T1,D:\github\IOT_Project\dataset\mri_IXI_480_2\wmIXI130-HH-1528-T1.nii,D:\github\IOT_Project\data\processed\volumes\train\wmIXI130-HH-1528-T1.npy,mri_IXI_480_2,1,train,113.0,137.0,113.0,128.0,128.0,128.0,success,
wmIXI131-HH-1527-T1,D:\github\IOT_Project\dataset\mri_IXI_480_2\wmIXI131-HH-1527-T1.nii,D:\github\IOT_Project\data\processed\volumes\train\wmIXI131-HH-1527-T1.npy,mri_IXI_480_2,1,train,113.0,137.0,113.0,128.0,128.0,128.0,success,
wmIXI132-HH-1415-T1,D:\github\IOT_Project\dataset\mri_IXI_480_2\wmIXI132-HH-1415-T1.nii,D:\github\IOT_Project\data\processed\volumes\train\wmIXI132-HH-1415-T1.npy,mri_IXI_480_2,1,train,113.0,137.0,113.0,128.0,128.0,128.0,success,
wmIXI134-Guys-0780-T1,D:\github\IOT_Project\dataset\mri_IXI_480_2\wmIXI134-Guys-0780-T1.nii,D:\github\IOT_Project\data\processed\volumes\train\wmIXI134-Guys-0780-T1.npy,mri_IXI_480_2,1,train,113.0,137.0,113.0,128.0,128.0,128.0,success,
wmIXI135-Guys-0779-T1,D:\github\IOT_Project\dataset\mri_IXI_480_2\wmIXI135-Guys-0779-T1.nii,D:\github\IOT_Project\data\processed\volumes\train\wmIXI135-Guys-0779-T1.npy,mri_IXI_480_2,1,train,113.0,137.0,113.0,128.0,128.0,128.0,success,
wmIXI138-Guys-0746-T1,D:\github\IOT_Project\dataset\mri_IXI_480_2\wmIXI138-Guys-0746-T1.nii,D:\github\IOT_Project\data\processed\volumes\train\wmIXI138-Guys-0746-T1.npy,mri_IXI_480_2,1,train,113.0,137.0,113.0,128.0,128.0,128.0,success,
wmIXI140-Guys-0787-T1,D:\github\IOT_Project\dataset\mri_IXI_480_2\wmIXI140-Guys-0787-T1.nii,D:\github\IOT_Project\data\processed\volumes\train\wmIXI140-Guys-0787-T1.npy,mri_IXI_480_2,1,train,113.0,137.0,113.0,128.0,128.0,128.0,success,
wmIXI141-Guys-0789-T1,D:\github\IOT_Project\dataset\mri_IXI_480_2\wmIXI141-Guys-0789-T1.nii,D:\github\IOT_Project\data\processed\volumes\train\wmIXI141-Guys-0789-T1.npy,mri_IXI_480_2,1,train,113.0,137.0,113.0,128.0,128.0,128.0,success,
wmIXI142-Guys-0786-T1,D:\github\IOT_Project\dataset\mri_IXI_480_2\wmIXI142-Guys-0786-T1.nii,D:\github\IOT_Project\data\processed\volumes\train\wmIXI142-Guys-0786-T1.npy,mri_IXI_480_2,1,train,113.0,137.0,113.0,128.0,128.0,128.0,success,
wmIXI143-Guys-0785-T1,D:\github\IOT_Project\dataset\mri_IXI_480_2\wmIXI143-Guys-0785-T1.nii,D:\github\IOT_Project\data\processed\volumes\train\wmIXI143-Guys-0785-T1.npy,mri_IXI_480_2,1,train,113.0,137.0,113.0,128.0,128.0,128.0,success,
wmIXI146-HH-1389-T1,D:\github\IOT_Project\dataset\mri_IXI_480_2\wmIXI146-HH-1389-T1.nii,D:\github\IOT_Project\data\processed\volumes\train\wmIXI146-HH-1389-T1.npy,mri_IXI_480_2,1,train,113.0,137.0,113.0,128.0,128.0,128.0,success,
wmIXI148-HH-1453-T1,D:\github\IOT_Project\dataset\mri_IXI_480_2\wmIXI148-HH-1453-T1.nii,D:\github\IOT_Project\data\processed\volumes\train\wmIXI148-HH-1453-T1.npy,mri_IXI_480_2,1,train,113.0,137.0,113.0,128.0,128.0,128.0,success,
wmIXI150-HH-1550-T1,D:\github\IOT_Project\dataset\mri_IXI_480_2\wmIXI150-HH-1550-T1.nii,D:\github\IOT_Project\data\processed\volumes\train\wmIXI150-HH-1550-T1.npy,mri_IXI_480_2,1,train,113.0,137.0,113.0,128.0,128.0,128.0,success,
wmIXI151-Guys-0793-T1,D:\github\IOT_Project\dataset\mri_IXI_480_2\wmIXI151-Guys-0793-T1.nii,D:\github\IOT_Project\data\processed\volumes\train\wmIXI151-Guys-0793-T1.npy,mri_IXI_480_2,1,train,113.0,137.0,113.0,128.0,128.0,128.0,success,
wmIXI153-Guys-0782-IXI3DMPRAG_-s249_-0301-00003-000001-01,D:\github\IOT_Project\dataset\mri_IXI_480_2\wmIXI153-Guys-0782-IXI3DMPRAG_-s249_-0301-00003-000001-01.nii,D:\github\IOT_Project\data\processed\volumes\train\wmIXI153-Guys-0782-IXI3DMPRAG_-s249_-0301-00003-000001-01.npy,mri_IXI_480_2,1,train,113.0,137.0,113.0,128.0,128.0,128.0,success,
wmIXI154-Guys-0821-MPRAGESEN_-s255_-0301-00003-000001-01,D:\github\IOT_Project\dataset\mri_IXI_480_2\wmIXI154-Guys-0821-MPRAGESEN_-s255_-0301-00003-000001-01.nii,D:\github\IOT_Project\data\processed\volumes\train\wmIXI154-Guys-0821-MPRAGESEN_-s255_-0301-00003-000001-01.npy,mri_IXI_480_2,1,train,113.0,137.0,113.0,128.0,128.0,128.0,success,
wmIXI156-Guys-0837-MPRAGESEN_-s259_-0301-00003-000001-01,D:\github\IOT_Project\dataset\mri_IXI_480_2\wmIXI156-Guys-0837-MPRAGESEN_-s259_-0301-00003-000001-01.nii,D:\github\IOT_Project\data\processed\volumes\train\wmIXI156-Guys-0837-MPRAGESEN_-s259_-0301-00003-000001-01.npy,mri_IXI_480_2,1,train,113.0,137.0,113.0,128.0,128.0,128.0,success,
wmIXI159-HH-1549-IXIMADisoTFE12_-s3T145_-0301-00003-000001-01,D:\github\IOT_Project\dataset\mri_IXI_480_2\wmIXI159-HH-1549-IXIMADisoTFE12_-s3T145_-0301-00003-000001-01.nii,D:\github\IOT_Project\data\processed\volumes\train\wmIXI159-HH-1549-IXIMADisoTFE12_-s3T145_-0301-00003-000001-01.npy,mri_IXI_480_2,1,train,113.0,137.0,113.0,128.0,128.0,128.0,success,
wmIXI161-HH-2533-MADisoTFE1_-s3T238_-0301-00003-000001-01,D:\github\IOT_Project\dataset\mri_IXI_480_2\wmIXI161-HH-2533-MADisoTFE1_-s3T238_-0301-00003-000001-01.nii,D:\github\IOT_Project\data\processed\volumes\train\wmIXI161-HH-2533-MADisoTFE1_-s3T238_-0301-00003-000001-01.npy,mri_IXI_480_2,1,train,113.0,137.0,113.0,128.0,128.0,128.0,success,
wmIXI162-HH-1548-IXIMADisoTFE12_-s3T144_-0301-00003-000001-01,D:\github\IOT_Project\dataset\mri_IXI_480_2\wmIXI162-HH-1548-IXIMADisoTFE12_-s3T144_-0301-00003-000001-01.nii,D:\github\IOT_Project\data\processed\volumes\train\wmIXI162-HH-1548-IXIMADisoTFE12_-s3T144_-0301-00003-000001-01.npy,mri_IXI_480_2,1,train,113.0,137.0,113.0,128.0,128.0,128.0,success,
wmIXI164-Guys-0844-MPRAGESEN_-s260_-0301-00003-000001-01,D:\github\IOT_Project\dataset\mri_IXI_480_2\wmIXI164-Guys-0844-MPRAGESEN_-s260_-0301-00003-000001-01.nii,D:\github\IOT_Project\data\processed\volumes\train\wmIXI164-Guys-0844-MPRAGESEN_-s260_-0301-00003-000001-01.npy,mri_IXI_480_2,1,train,113.0,137.0,113.0,128.0,128.0,128.0,success,
wmIXI165-HH-1589-IXIMADisoTFE12_-s3T149_-0301-00003-000001-01,D:\github\IOT_Project\dataset\mri_IXI_480_2\wmIXI165-HH-1589-IXIMADisoTFE12_-s3T149_-0301-00003-000001-01.nii,D:\github\IOT_Project\data\processed\volumes\train\wmIXI165-HH-1589-IXIMADisoTFE12_-s3T149_-0301-00003-000001-01.npy,mri_IXI_480_2,1,train,113.0,137.0,113.0,128.0,128.0,128.0,success,
wmIXI166-Guys-0846-MPRAGESEN_-s262_-0301-00003-000001-01,D:\github\IOT_Project\dataset\mri_IXI_480_2\wmIXI166-Guys-0846-MPRAGESEN_-s262_-0301-00003-000001-01.nii,D:\github\IOT_Project\data\processed\volumes\train\wmIXI166-Guys-0846-MPRAGESEN_-s262_-0301-00003-000001-01.npy,mri_IXI_480_2,1,train,113.0,137.0,113.0,128.0,128.0,128.0,success,
wmIXI167-HH-1569-IXIMADisoTFE12_-s3T147_-0301-00003-000001-01,D:\github\IOT_Project\dataset\mri_IXI_480_2\wmIXI167-HH-1569-IXIMADisoTFE12_-s3T147_-0301-00003-000001-01.nii,D:\github\IOT_Project\data\processed\volumes\train\wmIXI167-HH-1569-IXIMADisoTFE12_-s3T147_-0301-00003-000001-01.npy,mri_IXI_480_2,1,train,113.0,137.0,113.0,128.0,128.0,128.0,success,
wmIXI168-HH-1607-IXIMADisoTFE12_-s3T151_-0301-00003-000001-01,D:\github\IOT_Project\dataset\mri_IXI_480_2\wmIXI168-HH-1607-IXIMADisoTFE12_-s3T151_-0301-00003-000001-01.nii,D:\github\IOT_Project\data\processed\volumes\train\wmIXI168-HH-1607-IXIMADisoTFE12_-s3T151_-0301-00003-000001-01.npy,mri_IXI_480_2,1,train,113.0,137.0,113.0,128.0,128.0,128.0,success,
wmIXI169-Guys-0842-MPRAGESEN_-s260_-0301-00003-000001-01,D:\github\IOT_Project\dataset\mri_IXI_480_2\wmIXI169-Guys-0842-MPRAGESEN_-s260_-0301-00003-000001-01.nii,D:\github\IOT_Project\data\processed\volumes\train\wmIXI169-Guys-0842-MPRAGESEN_-s260_-0301-00003-000001-01.npy,mri_IXI_480_2,1,train,113.0,137.0,113.0,128.0,128.0,128.0,success,
wmIXI170-Guys-0843-MPRAGESEN_-s260_-0401-00004-000001-01,D:\github\IOT_Project\dataset\mri_IXI_480_2\wmIXI170-Guys-0843-MPRAGESEN_-s260_-0401-00004-000001-01.nii,D:\github\IOT_Project\data\processed\volumes\train\wmIXI170-Guys-0843-MPRAGESEN_-s260_-0401-00004-000001-01.npy,mri_IXI_480_2,1,train,113.0,137.0,113.0,128.0,128.0,128.0,success,
wmIXI172-Guys-0982-MPRAGESEN_-s417_-0301-00003-000001-01,D:\github\IOT_Project\dataset\mri_IXI_480_2\wmIXI172-Guys-0982-MPRAGESEN_-s417_-0301-00003-000001-01.nii,D:\github\IOT_Project\data\processed\volumes\train\wmIXI172-Guys-0982-MPRAGESEN_-s417_-0301-00003-000001-01.npy,mri_IXI_480_2,1,train,113.0,137.0,113.0,128.0,128.0,128.0,success,
wmIXI173-HH-1590-IXIMADisoTFE12_-s3T149_-0301-00003-000001-01,D:\github\IOT_Project\dataset\mri_IXI_480_2\wmIXI173-HH-1590-IXIMADisoTFE12_-s3T149_-0301-00003-000001-01.nii,D:\github\IOT_Project\data\processed\volumes\train\wmIXI173-HH-1590-IXIMADisoTFE12_-s3T149_-0301-00003-000001-01.npy,mri_IXI_480_2,1,train,113.0,137.0,113.0,128.0,128.0,128.0,success,
wmIXI175-HH-1570-IXIMADisoTFE12_-s3T147_-0301-00003-000001-01,D:\github\IOT_Project\dataset\mri_IXI_480_2\wmIXI175-HH-1570-IXIMADisoTFE12_-s3T147_-0301-00003-000001-01.nii,D:\github\IOT_Project\data\processed\volumes\train\wmIXI175-HH-1570-IXIMADisoTFE12_-s3T147_-0301-00003-000001-01.npy,mri_IXI_480_2,1,train,113.0,137.0,113.0,128.0,128.0,128.0,success,
wmIXI177-Guys-0831-MPRAGESEN_-s257_-0301-00003-000001-01,D:\github\IOT_Project\dataset\mri_IXI_480_2\wmIXI177-Guys-0831-MPRAGESEN_-s257_-0301-00003-000001-01.nii,D:\github\IOT_Project\data\processed\volumes\train\wmIXI177-Guys-0831-MPRAGESEN_-s257_-0301-00003-000001-01.npy,mri_IXI_480_2,1,train,113.0,137.0,113.0,128.0,128.0,128.0,success,
wmIXI178-Guys-0778-IXI3DMPRAG_-s248_-0301-00003-000001-01,D:\github\IOT_Project\dataset\mri_IXI_480_2\wmIXI178-Guys-0778-IXI3DMPRAG_-s248_-0301-00003-000001-01.nii,D:\github\IOT_Project\data\processed\volumes\train\wmIXI178-Guys-0778-IXI3DMPRAG_-s248_-0301-00003-000001-01.npy,mri_IXI_480_2,1,train,113.0,137.0,113.0,128.0,128.0,128.0,success,
wmIXI179-Guys-0777-IXI3DMPRAG_-s247_-0401-00004-000001-01,D:\github\IOT_Project\dataset\mri_IXI_480_2\wmIXI179-Guys-0777-IXI3DMPRAG_-s247_-0401-00004-000001-01.nii,D:\github\IOT_Project\data\processed\volumes\train\wmIXI179-Guys-0777-IXI3DMPRAG_-s247_-0401-00004-000001-01.npy,mri_IXI_480_2,1,train,113.0,137.0,113.0,128.0,128.0,128.0,success,
wmIXI181-Guys-0790-MPRAGESEN_-s251_-0301-00003-000001-01,D:\github\IOT_Project\dataset\mri_IXI_480_2\wmIXI181-Guys-0790-MPRAGESEN_-s251_-0301-00003-000001-01.nii,D:\github\IOT_Project\data\processed\volumes\train\wmIXI181-Guys-0790-MPRAGESEN_-s251_-0301-00003-000001-01.npy,mri_IXI_480_2,1,train,113.0,137.0,113.0,128.0,128.0,128.0,success,
wmIXI183-Guys-0791-MPRAGESEN_-s251_-0301-00003-000001-01,D:\github\IOT_Project\dataset\mri_IXI_480_2\wmIXI183-Guys-0791-MPRAGESEN_-s251_-0301-00003-000001-01.nii,D:\github\IOT_Project\data\processed\volumes\train\wmIXI183-Guys-0791-MPRAGESEN_-s251_-0301-00003-000001-01.npy,mri_IXI_480_2,1,train,113.0,137.0,113.0,128.0,128.0,128.0,success,
wmIXI184-Guys-0794-MPRAGESEN_-s252_-0301-00003-000001-01,D:\github\IOT_Project\dataset\mri_IXI_480_2\wmIXI184-Guys-0794-MPRAGESEN_-s252_-0301-00003-000001-01.nii,D:\github\IOT_Project\data\processed\volumes\train\wmIXI184-Guys-0794-MPRAGESEN_-s252_-0301-00003-000001-01.npy,mri_IXI_480_2,1,train,113.0,137.0,113.0,128.0,128.0,128.0,success,
wmIXI186-Guys-0796-MPRAGESEN_-s252_-0301-00003-000001-01,D:\github\IOT_Project\dataset\mri_IXI_480_2\wmIXI186-Guys-0796-MPRAGESEN_-s252_-0301-00003-000001-01.nii,D:\github\IOT_Project\data\processed\volumes\train\wmIXI186-Guys-0796-MPRAGESEN_-s252_-0301-00003-000001-01.npy,mri_IXI_480_2,1,train,113.0,137.0,113.0,128.0,128.0,128.0,success,
wmIXI189-Guys-0799-MPRAGESEN_-s252_-0301-00003-000001-01,D:\github\IOT_Project\dataset\mri_IXI_480_2\wmIXI189-Guys-0799-MPRAGESEN_-s252_-0301-00003-000001-01.nii,D:\github\IOT_Project\data\processed\volumes\train\wmIXI189-Guys-0799-MPRAGESEN_-s252_-0301-00003-000001-01.npy,mri_IXI_480_2,1,train,113.0,137.0,113.0,128.0,128.0,128.0,success,
wmIXI191-Guys-0801-MPRAGESEN_-s252_-0301-00003-000001-01,D:\github\IOT_Project\dataset\mri_IXI_480_2\wmIXI191-Guys-0801-MPRAGESEN_-s252_-0301-00003-000001-01.nii,D:\github\IOT_Project\data\processed\volumes\train\wmIXI191-Guys-0801-MPRAGESEN_-s252_-0301-00003-000001-01.npy,mri_IXI_480_2,1,train,113.0,137.0,113.0,128.0,128.0,128.0,success,
wmIXI192-Guys-0878-MPRAGESEN_-s299_-0301-00003-000001-01,D:\github\IOT_Project\dataset\mri_IXI_480_2\wmIXI192-Guys-0878-MPRAGESEN_-s299_-0301-00003-000001-01.nii,D:\github\IOT_Project\data\processed\volumes\train\wmIXI192-Guys-0878-MPRAGESEN_-s299_-0301-00003-000001-01.npy,mri_IXI_480_2,1,train,113.0,137.0,113.0,128.0,128.0,128.0,success,
wmIXI193-Guys-0810-MPRAGESEN_-s254_-0401-00004-000001-01,D:\github\IOT_Project\dataset\mri_IXI_480_2\wmIXI193-Guys-0810-MPRAGESEN_-s254_-0401-00004-000001-01.nii,D:\github\IOT_Project\data\processed\volumes\train\wmIXI193-Guys-0810-MPRAGESEN_-s254_-0401-00004-000001-01.npy,mri_IXI_480_2,1,train,113.0,137.0,113.0,128.0,128.0,128.0,success,
wmIXI194-Guys-0818-MPRAGESEN_-s254_-0301-00003-000001-01,D:\github\IOT_Project\dataset\mri_IXI_480_2\wmIXI194-Guys-0818-MPRAGESEN_-s254_-0301-00003-000001-01.nii,D:\github\IOT_Project\data\processed\volumes\train\wmIXI194-Guys-0818-MPRAGESEN_-s254_-0301-00003-000001-01.npy,mri_IXI_480_2,1,train,113.0,137.0,113.0,128.0,128.0,128.0,success,
wmIXI195-HH-1620-IXIMADisoTFE12_-s3T152_-0301-00003-000001-01,D:\github\IOT_Project\dataset\mri_IXI_480_2\wmIXI195-HH-1620-IXIMADisoTFE12_-s3T152_-0301-00003-000001-01.nii,D:\github\IOT_Project\data\processed\volumes\train\wmIXI195-HH-1620-IXIMADisoTFE12_-s3T152_-0301-00003-000001-01.npy,mri_IXI_480_2,1,train,113.0,137.0,113.0,128.0,128.0,128.0,success,
wmIXI196-Guys-0805-MPRAGESEN_-s253_-0301-00003-000001-01,D:\github\IOT_Project\dataset\mri_IXI_480_2\wmIXI196-Guys-0805-MPRAGESEN_-s253_-0301-00003-000001-01.nii,D:\github\IOT_Project\data\processed\volumes\train\wmIXI196-Guys-0805-MPRAGESEN_-s253_-0301-00003-000001-01.npy,mri_IXI_480_2,1,train,113.0,137.0,113.0,128.0,128.0,128.0,success,
wmIXI197-Guys-0811-MPRAGESEN_-s253_-0301-00003-000001-01,D:\github\IOT_Project\dataset\mri_IXI_480_2\wmIXI197-Guys-0811-MPRAGESEN_-s253_-0301-00003-000001-01.nii,D:\github\IOT_Project\data\processed\volumes\train\wmIXI197-Guys-0811-MPRAGESEN_-s253_-0301-00003-000001-01.npy,mri_IXI_480_2,1,train,113.0,137.0,113.0,128.0,128.0,128.0,success,
wmIXI198-Guys-0803-MPRAGESEN_-s253_-0301-00003-000001-01,D:\github\IOT_Project\dataset\mri_IXI_480_2\wmIXI198-Guys-0803-MPRAGESEN_-s253_-0301-00003-000001-01.nii,D:\github\IOT_Project\data\processed\volumes\train\wmIXI198-Guys-0803-MPRAGESEN_-s253_-0301-00003-000001-01.npy,mri_IXI_480_2,1,train,113.0,137.0,113.0,128.0,128.0,128.0,success,
wmIXI199-Guys-0802-MPRAGESEN_-s253_-0301-00003-000001-01,D:\github\IOT_Project\dataset\mri_IXI_480_2\wmIXI199-Guys-0802-MPRAGESEN_-s253_-0301-00003-000001-01.nii,D:\github\IOT_Project\data\processed\volumes\train\wmIXI199-Guys-0802-MPRAGESEN_-s253_-0301-00003-000001-01.npy,mri_IXI_480_2,1,train,113.0,137.0,113.0,128.0,128.0,128.0,success,
wmIXI201-HH-1588-IXIMADisoTFE12_-s3T149_-0301-00003-000001-01,D:\github\IOT_Project\dataset\mri_IXI_480_2\wmIXI201-HH-1588-IXIMADisoTFE12_-s3T149_-0301-00003-000001-01.nii,D:\github\IOT_Project\data\processed\volumes\train\wmIXI201-HH-1588-IXIMADisoTFE12_-s3T149_-0301-00003-000001-01.npy,mri_IXI_480_2,1,train,113.0,137.0,113.0,128.0,128.0,128.0,success,
wmIXI202-HH-1526-IXIMADisoTFE12_-s3T142_-0301-00003-000001-01,D:\github\IOT_Project\dataset\mri_IXI_480_2\wmIXI202-HH-1526-IXIMADisoTFE12_-s3T142_-0301-00003-000001-01.nii,D:\github\IOT_Project\data\processed\volumes\train\wmIXI202-HH-1526-IXIMADisoTFE12_-s3T142_-0301-00003-000001-01.npy,mri_IXI_480_2,1,train,113.0,137.0,113.0,128.0,128.0,128.0,success,
wmIXI204-HH-1651-IXIMADisoTFE12_-s3T156_-0301-00003-000001-01,D:\github\IOT_Project\dataset\mri_IXI_480_2\wmIXI204-HH-1651-IXIMADisoTFE12_-s3T156_-0301-00003-000001-01.nii,D:\github\IOT_Project\data\processed\volumes\train\wmIXI204-HH-1651-IXIMADisoTFE12_-s3T156_-0301-00003-000001-01.npy,mri_IXI_480_2,1,train,113.0,137.0,113.0,128.0,128.0,128.0,success,
wmIXI205-HH-1649-IXIMADisoTFE12_-s3T155_-0301-00003-000001-01,D:\github\IOT_Project\dataset\mri_IXI_480_2\wmIXI205-HH-1649-IXIMADisoTFE12_-s3T155_-0301-00003-000001-01.nii,D:\github\IOT_Project\data\processed\volumes\train\wmIXI205-HH-1649-IXIMADisoTFE12_-s3T155_-0301-00003-000001-01.npy,mri_IXI_480_2,1,train,113.0,137.0,113.0,128.0,128.0,128.0,success,
wmIXI206-HH-1650-IXIMADisoTFE12_-s3T156_-0301-00003-000001-01,D:\github\IOT_Project\dataset\mri_IXI_480_2\wmIXI206-HH-1650-IXIMADisoTFE12_-s3T156_-0301-00003-000001-01.nii,D:\github\IOT_Project\data\processed\volumes\train\wmIXI206-HH-1650-IXIMADisoTFE12_-s3T156_-0301-00003-000001-01.npy,mri_IXI_480_2,1,train,113.0,137.0,113.0,128.0,128.0,128.0,success,
wmIXI207-Guys-0809-MPRAGESEN_-s253_-0301-00003-000001-01,D:\github\IOT_Project\dataset\mri_IXI_480_2\wmIXI207-Guys-0809-MPRAGESEN_-s253_-0301-00003-000001-01.nii,D:\github\IOT_Project\data\processed\volumes\train\wmIXI207-Guys-0809-MPRAGESEN_-s253_-0301-00003-000001-01.npy,mri_IXI_480_2,1,train,113.0,137.0,113.0,128.0,128.0,128.0,success,
wmIXI209-Guys-0804-MPRAGESEN_-s253_-0301-00003-000001-01,D:\github\IOT_Project\dataset\mri_IXI_480_2\wmIXI209-Guys-0804-MPRAGESEN_-s253_-0301-00003-000001-01.nii,D:\github\IOT_Project\data\processed\volumes\train\wmIXI209-Guys-0804-MPRAGESEN_-s253_-0301-00003-000001-01.npy,mri_IXI_480_2,1,train,113.0,137.0,113.0,128.0,128.0,128.0,success,
wmIXI211-HH-1568-IXIMADisoTFE12_-s3T147_-0301-00003-000001-01,D:\github\IOT_Project\dataset\mri_IXI_480_2\wmIXI211-HH-1568-IXIMADisoTFE12_-s3T147_-0301-00003-000001-01.nii,D:\github\IOT_Project\data\processed\volumes\train\wmIXI211-HH-1568-IXIMADisoTFE12_-s3T147_-0301-00003-000001-01.npy,mri_IXI_480_2,1,train,113.0,137.0,113.0,128.0,128.0,128.0,success,
wmIXI213-HH-1642-IXIMADisoTFE12_-s3T155_-0301-00003-000001-01,D:\github\IOT_Project\dataset\mri_IXI_480_2\wmIXI213-HH-1642-IXIMADisoTFE12_-s3T155_-0301-00003-000001-01.nii,D:\github\IOT_Project\data\processed\volumes\train\wmIXI213-HH-1642-IXIMADisoTFE12_-s3T155_-0301-00003-000001-01.npy,mri_IXI_480_2,1,train,113.0,137.0,113.0,128.0,128.0,128.0,success,
wmIXI214-HH-1636-IXIMADisoTFE12_-s3T154_-0301-00003-000001-01,D:\github\IOT_Project\dataset\mri_IXI_480_2\wmIXI214-HH-1636-IXIMADisoTFE12_-s3T154_-0301-00003-000001-01.nii,D:\github\IOT_Project\data\processed\volumes\train\wmIXI214-HH-1636-IXIMADisoTFE12_-s3T154_-0301-00003-000001-01.npy,mri_IXI_480_2,1,train,113.0,137.0,113.0,128.0,128.0,128.0,success,
wmIXI216-HH-1635-IXIMADisoTFE12_-s3T154_-0301-00003-000001-01,D:\github\IOT_Project\dataset\mri_IXI_480_2\wmIXI216-HH-1635-IXIMADisoTFE12_-s3T154_-0301-00003-000001-01.nii,D:\github\IOT_Project\data\processed\volumes\train\wmIXI216-HH-1635-IXIMADisoTFE12_-s3T154_-0301-00003-000001-01.npy,mri_IXI_480_2,1,train,113.0,137.0,113.0,128.0,128.0,128.0,success,
wmIXI218-HH-1815-MADisoTFE1_-s3T171_-0301-00003-000001-01,D:\github\IOT_Project\dataset\mri_IXI_480_2\wmIXI218-HH-1815-MADisoTFE1_-s3T171_-0301-00003-000001-01.nii,D:\github\IOT_Project\data\processed\volumes\train\wmIXI218-HH-1815-MADisoTFE1_-s3T171_-0301-00003-000001-01.npy,mri_IXI_480_2,1,train,113.0,137.0,113.0,128.0,128.0,128.0,success,
wmIXI219-Guys-0894-MPRAGESEN_-s304_-0301-00003-000001-01,D:\github\IOT_Project\dataset\mri_IXI_480_2\wmIXI219-Guys-0894-MPRAGESEN_-s304_-0301-00003-000001-01.nii,D:\github\IOT_Project\data\processed\volumes\train\wmIXI219-Guys-0894-MPRAGESEN_-s304_-0301-00003-000001-01.npy,mri_IXI_480_2,1,train,113.0,137.0,113.0,128.0,128.0,128.0,success,
wmIXI221-HH-1606-IXIMADisoTFE12_-s3T151_-0301-00003-000001-01,D:\github\IOT_Project\dataset\mri_IXI_480_2\wmIXI221-HH-1606-IXIMADisoTFE12_-s3T151_-0301-00003-000001-01.nii,D:\github\IOT_Project\data\processed\volumes\train\wmIXI221-HH-1606-IXIMADisoTFE12_-s3T151_-0301-00003-000001-01.npy,mri_IXI_480_2,1,train,113.0,137.0,113.0,128.0,128.0,128.0,success,
wmIXI223-Guys-0830-MPRAGESEN_-s256_-0301-00003-000001-01,D:\github\IOT_Project\dataset\mri_IXI_480_2\wmIXI223-Guys-0830-MPRAGESEN_-s256_-0301-00003-000001-01.nii,D:\github\IOT_Project\data\processed\volumes\train\wmIXI223-Guys-0830-MPRAGESEN_-s256_-0301-00003-000001-01.npy,mri_IXI_480_2,1,train,113.0,137.0,113.0,128.0,128.0,128.0,success,
wmIXI224-Guys-0823-MPRAGESEN_-s255_-0301-00003-000001-01,D:\github\IOT_Project\dataset\mri_IXI_480_2\wmIXI224-Guys-0823-MPRAGESEN_-s255_-0301-00003-000001-01.nii,D:\github\IOT_Project\data\processed\volumes\train\wmIXI224-Guys-0823-MPRAGESEN_-s255_-0301-00003-000001-01.npy,mri_IXI_480_2,1,train,113.0,137.0,113.0,128.0,128.0,128.0,success,
wmIXI225-Guys-0832-MPRAGESEN_-s257_-0301-00003-000001-01,D:\github\IOT_Project\dataset\mri_IXI_480_2\wmIXI225-Guys-0832-MPRAGESEN_-s257_-0301-00003-000001-01.nii,D:\github\IOT_Project\data\processed\volumes\train\wmIXI225-Guys-0832-MPRAGESEN_-s257_-0301-00003-000001-01.npy,mri_IXI_480_2,1,train,113.0,137.0,113.0,128.0,128.0,128.0,success,
wmIXI226-HH-1618-IXIMADisoTFE12_-s3T152_-0301-00003-000001-01,D:\github\IOT_Project\dataset\mri_IXI_480_2\wmIXI226-HH-1618-IXIMADisoTFE12_-s3T152_-0301-00003-000001-01.nii,D:\github\IOT_Project\data\processed\volumes\train\wmIXI226-HH-1618-IXIMADisoTFE12_-s3T152_-0301-00003-000001-01.npy,mri_IXI_480_2,1,train,113.0,137.0,113.0,128.0,128.0,128.0,success,
wmIXI227-Guys-0813-MPRAGESEN_-s254_-0301-00003-000001-01,D:\github\IOT_Project\dataset\mri_IXI_480_2\wmIXI227-Guys-0813-MPRAGESEN_-s254_-0301-00003-000001-01.nii,D:\github\IOT_Project\data\processed\volumes\train\wmIXI227-Guys-0813-MPRAGESEN_-s254_-0301-00003-000001-01.npy,mri_IXI_480_2,1,train,113.0,137.0,113.0,128.0,128.0,128.0,success,
wmIXI228-Guys-0822-MPRAGESEN_-s255_-0301-00003-000001-01,D:\github\IOT_Project\dataset\mri_IXI_480_2\wmIXI228-Guys-0822-MPRAGESEN_-s255_-0301-00003-000001-01.nii,D:\github\IOT_Project\data\processed\volumes\train\wmIXI228-Guys-0822-MPRAGESEN_-s255_-0301-00003-000001-01.npy,mri_IXI_480_2,1,train,113.0,137.0,113.0,128.0,128.0,128.0,success,
wmIXI230-IOP-0869-SAGFSPGR_-sIXI23_-0003-00001-000001-01,D:\github\IOT_Project\dataset\mri_IXI_480_2\wmIXI230-IOP-0869-SAGFSPGR_-sIXI23_-0003-00001-000001-01.nii,D:\github\IOT_Project\data\processed\volumes\train\wmIXI230-IOP-0869-SAGFSPGR_-sIXI23_-0003-00001-000001-01.npy,mri_IXI_480_2,1,train,113.0,137.0,113.0,128.0,128.0,128.0,success,
wmIXI231-IOP-0866-SAGFSPGR_-sIXI23_-0003-00001-000001-01,D:\github\IOT_Project\dataset\mri_IXI_480_2\wmIXI231-IOP-0866-SAGFSPGR_-sIXI23_-0003-00001-000001-01.nii,D:\github\IOT_Project\data\processed\volumes\train\wmIXI231-IOP-0866-SAGFSPGR_-sIXI23_-0003-00001-000001-01.npy,mri_IXI_480_2,1,train,113.0,137.0,113.0,128.0,128.0,128.0,success,
wmIXI232-IOP-0898-SAGFSPGR_-sIXI23_-0003-00001-000001-01,D:\github\IOT_Project\dataset\mri_IXI_480_2\wmIXI232-IOP-0898-SAGFSPGR_-sIXI23_-0003-00001-000001-01.nii,D:\github\IOT_Project\data\processed\volumes\train\wmIXI232-IOP-0898-SAGFSPGR_-sIXI23_-0003-00001-000001-01.npy,mri_IXI_480_2,1,train,113.0,137.0,113.0,128.0,128.0,128.0,success,
wmIXI233-IOP-0875-SAGFSPGR_-sIXI23_-0003-00001-000001-01,D:\github\IOT_Project\dataset\mri_IXI_480_2\wmIXI233-IOP-0875-SAGFSPGR_-sIXI23_-0003-00001-000001-01.nii,D:\github\IOT_Project\data\processed\volumes\train\wmIXI233-IOP-0875-SAGFSPGR_-sIXI23_-0003-00001-000001-01.npy,mri_IXI_480_2,1,train,113.0,137.0,113.0,128.0,128.0,128.0,success,
wmIXI234-IOP-0870-SAGFSPGR_-sIXI23_-0003-00001-000001-01,D:\github\IOT_Project\dataset\mri_IXI_480_2\wmIXI234-IOP-0870-SAGFSPGR_-sIXI23_-0003-00001-000001-01.nii,D:\github\IOT_Project\data\processed\volumes\train\wmIXI234-IOP-0870-SAGFSPGR_-sIXI23_-0003-00001-000001-01.npy,mri_IXI_480_2,1,train,113.0,137.0,113.0,128.0,128.0,128.0,success,
wmIXI236-Guys-0817-MPRAGESEN_-s254_-0301-00003-000001-01,D:\github\IOT_Project\dataset\mri_IXI_480_2\wmIXI236-Guys-0817-MPRAGESEN_-s254_-0301-00003-000001-01.nii,D:\github\IOT_Project\data\processed\volumes\train\wmIXI236-Guys-0817-MPRAGESEN_-s254_-0301-00003-000001-01.npy,mri_IXI_480_2,1,train,113.0,137.0,113.0,128.0,128.0,128.0,success,
wmIXI237-Guys-1049-MPRAGESEN_-s426_-0301-00003-000001-01,D:\github\IOT_Project\dataset\mri_IXI_480_2\wmIXI237-Guys-1049-MPRAGESEN_-s426_-0301-00003-000001-01.nii,D:\github\IOT_Project\data\processed\volumes\train\wmIXI237-Guys-1049-MPRAGESEN_-s426_-0301-00003-000001-01.npy,mri_IXI_480_2,1,train,113.0,137.0,113.0,128.0,128.0,128.0,success,
wmIXI238-IOP-0883-SAGFSPGR_-sIXI23_-0003-00001-000001-01,D:\github\IOT_Project\dataset\mri_IXI_480_2\wmIXI238-IOP-0883-SAGFSPGR_-sIXI23_-0003-00001-000001-01.nii,D:\github\IOT_Project\data\processed\volumes\train\wmIXI238-IOP-0883-SAGFSPGR_-sIXI23_-0003-00001-000001-01.npy,mri_IXI_480_2,1,train,113.0,137.0,113.0,128.0,128.0,128.0,success,
wmIXI239-HH-2296-MADisoTFE1_-s3T223_-0301-00003-000001-01,D:\github\IOT_Project\dataset\mri_IXI_480_2\wmIXI239-HH-2296-MADisoTFE1_-s3T223_-0301-00003-000001-01.nii,D:\github\IOT_Project\data\processed\volumes\train\wmIXI239-HH-2296-MADisoTFE1_-s3T223_-0301-00003-000001-01.npy,mri_IXI_480_2,1,train,113.0,137.0,113.0,128.0,128.0,128.0,success,
wmIXI240-Guys-0834-MPRAGESEN_-s258_-0301-00003-000001-01,D:\github\IOT_Project\dataset\mri_IXI_480_2\wmIXI240-Guys-0834-MPRAGESEN_-s258_-0301-00003-000001-01.nii,D:\github\IOT_Project\data\processed\volumes\train\wmIXI240-Guys-0834-MPRAGESEN_-s258_-0301-00003-000001-01.npy,mri_IXI_480_2,1,train,113.0,137.0,113.0,128.0,128.0,128.0,success,
wmIXI241-Guys-0833-MPRAGESEN_-s257_-0301-00003-000001-01,D:\github\IOT_Project\dataset\mri_IXI_480_2\wmIXI241-Guys-0833-MPRAGESEN_-s257_-0301-00003-000001-01.nii,D:\github\IOT_Project\data\processed\volumes\train\wmIXI241-Guys-0833-MPRAGESEN_-s257_-0301-00003-000001-01.npy,mri_IXI_480_2,1,train,113.0,137.0,113.0,128.0,128.0,128.0,success,
wmIXI242-HH-1722-MADisoTFE1_-s3T164_-0301-00003-000001-01,D:\github\IOT_Project\dataset\mri_IXI_480_2\wmIXI242-HH-1722-MADisoTFE1_-s3T164_-0301-00003-000001-01.nii,D:\github\IOT_Project\data\processed\volumes\train\wmIXI242-HH-1722-MADisoTFE1_-s3T164_-0301-00003-000001-01.npy,mri_IXI_480_2,1,train,113.0,137.0,113.0,128.0,128.0,128.0,success,
wmIXI244-Guys-0841-MPRAGESEN_-s260_-0301-00003-000001-01,D:\github\IOT_Project\dataset\mri_IXI_480_2\wmIXI244-Guys-0841-MPRAGESEN_-s260_-0301-00003-000001-01.nii,D:\github\IOT_Project\data\processed\volumes\train\wmIXI244-Guys-0841-MPRAGESEN_-s260_-0301-00003-000001-01.npy,mri_IXI_480_2,1,train,113.0,137.0,113.0,128.0,128.0,128.0,success,
wmIXI246-Guys-0840-MPRAGESEN_-s260_-0301-00003-000001-01,D:\github\IOT_Project\dataset\mri_IXI_480_2\wmIXI246-Guys-0840-MPRAGESEN_-s260_-0301-00003-000001-01.nii,D:\github\IOT_Project\data\processed\volumes\train\wmIXI246-Guys-0840-MPRAGESEN_-s260_-0301-00003-000001-01.npy,mri_IXI_480_2,1,train,113.0,137.0,113.0,128.0,128.0,128.0,success,
wmIXI248-HH-1972-MADisoTFE1_-s3T188_-0301-00003-000001-01,D:\github\IOT_Project\dataset\mri_IXI_480_2\wmIXI248-HH-1972-MADisoTFE1_-s3T188_-0301-00003-000001-01.nii,D:\github\IOT_Project\data\processed\volumes\train\wmIXI248-HH-1972-MADisoTFE1_-s3T188_-0301-00003-000001-01.npy,mri_IXI_480_2,1,train,113.0,137.0,113.0,128.0,128.0,128.0,success,
wmIXI249-Guys-1072-MPRAGESEN_-sIXI24_-0301-00003-000001-01,D:\github\IOT_Project\dataset\mri_IXI_480_2\wmIXI249-Guys-1072-MPRAGESEN_-sIXI24_-0301-00003-000001-01.nii,D:\github\IOT_Project\data\processed\volumes\train\wmIXI249-Guys-1072-MPRAGESEN_-sIXI24_-0301-00003-000001-01.npy,mri_IXI_480_2,1,train,113.0,137.0,113.0,128.0,128.0,128.0,success,
wmIXI252-HH-1693-MADisoTFE1_-s3T160_-0301-00003-000001-01,D:\github\IOT_Project\dataset\mri_IXI_480_2\wmIXI252-HH-1693-MADisoTFE1_-s3T160_-0301-00003-000001-01.nii,D:\github\IOT_Project\data\processed\volumes\train\wmIXI252-HH-1693-MADisoTFE1_-s3T160_-0301-00003-000001-01.npy,mri_IXI_480_2,1,train,113.0,137.0,113.0,128.0,128.0,128.0,success,
wmIXI254-HH-1705-MADisoTFE1_-s3T162_-0301-00003-000001-01,D:\github\IOT_Project\dataset\mri_IXI_480_2\wmIXI254-HH-1705-MADisoTFE1_-s3T162_-0301-00003-000001-01.nii,D:\github\IOT_Project\data\processed\volumes\train\wmIXI254-HH-1705-MADisoTFE1_-s3T162_-0301-00003-000001-01.npy,mri_IXI_480_2,1,train,113.0,137.0,113.0,128.0,128.0,128.0,success,
wmIXI256-HH-1723-MADisoTFE1_-s3T164_-0301-00003-000001-01,D:\github\IOT_Project\dataset\mri_IXI_480_2\wmIXI256-HH-1723-MADisoTFE1_-s3T164_-0301-00003-000001-01.nii,D:\github\IOT_Project\data\processed\volumes\train\wmIXI256-HH-1723-MADisoTFE1_-s3T164_-0301-00003-000001-01.npy,mri_IXI_480_2,1,train,113.0,137.0,113.0,128.0,128.0,128.0,success,
wmIXI257-HH-1724-MADisoTFE1_-s3T164_-0301-00003-000001-01,D:\github\IOT_Project\dataset\mri_IXI_480_2\wmIXI257-HH-1724-MADisoTFE1_-s3T164_-0301-00003-000001-01.nii,D:\github\IOT_Project\data\processed\volumes\train\wmIXI257-HH-1724-MADisoTFE1_-s3T164_-0301-00003-000001-01.npy,mri_IXI_480_2,1,train,113.0,137.0,113.0,128.0,128.0,128.0,success,
wmIXI259-HH-1804-MADisoTFE1_-s3T170_-0301-00003-000001-01,D:\github\IOT_Project\dataset\mri_IXI_480_2\wmIXI259-HH-1804-MADisoTFE1_-s3T170_-0301-00003-000001-01.nii,D:\github\IOT_Project\data\processed\volumes\train\wmIXI259-HH-1804-MADisoTFE1_-s3T170_-0301-00003-000001-01.npy,mri_IXI_480_2,1,train,113.0,137.0,113.0,128.0,128.0,128.0,success,
wmIXI261-HH-1704-MADisoTFE1_-s3T162_-0301-00003-000001-01,D:\github\IOT_Project\dataset\mri_IXI_480_2\wmIXI261-HH-1704-MADisoTFE1_-s3T162_-0301-00003-000001-01.nii,D:\github\IOT_Project\data\processed\volumes\train\wmIXI261-HH-1704-MADisoTFE1_-s3T162_-0301-00003-000001-01.npy,mri_IXI_480_2,1,train,113.0,137.0,113.0,128.0,128.0,128.0,success,
wmIXI262-HH-1861-MADisoTFE1_-s3T176_-0301-00003-000001-01,D:\github\IOT_Project\dataset\mri_IXI_480_2\wmIXI262-HH-1861-MADisoTFE1_-s3T176_-0301-00003-000001-01.nii,D:\github\IOT_Project\data\processed\volumes\train\wmIXI262-HH-1861-MADisoTFE1_-s3T176_-0301-00003-000001-01.npy,mri_IXI_480_2,1,train,113.0,137.0,113.0,128.0,128.0,128.0,success,
wmIXI264-Guys-0854-MPRAGESEN_-s294_-0301-00003-000001-01,D:\github\IOT_Project\dataset\mri_IXI_480_2\wmIXI264-Guys-0854-MPRAGESEN_-s294_-0301-00003-000001-01.nii,D:\github\IOT_Project\data\processed\volumes\train\wmIXI264-Guys-0854-MPRAGESEN_-s294_-0301-00003-000001-01.npy,mri_IXI_480_2,1,train,113.0,137.0,113.0,128.0,128.0,128.0,success,
wmIXI266-Guys-0853-MPRAGESEN_-s294_-0301-00003-000001-01,D:\github\IOT_Project\dataset\mri_IXI_480_2\wmIXI266-Guys-0853-MPRAGESEN_-s294_-0301-00003-000001-01.nii,D:\github\IOT_Project\data\processed\volumes\train\wmIXI266-Guys-0853-MPRAGESEN_-s294_-0301-00003-000001-01.npy,mri_IXI_480_2,1,train,113.0,137.0,113.0,128.0,128.0,128.0,success,
wmIXI268-Guys-0858-MPRAGESEN_-s296_-0301-00003-000001-01,D:\github\IOT_Project\dataset\mri_IXI_480_2\wmIXI268-Guys-0858-MPRAGESEN_-s296_-0301-00003-000001-01.nii,D:\github\IOT_Project\data\processed\volumes\train\wmIXI268-Guys-0858-MPRAGESEN_-s296_-0301-00003-000001-01.npy,mri_IXI_480_2,1,train,113.0,137.0,113.0,128.0,128.0,128.0,success,
wmIXI269-Guys-0839-MPRAGESEN_-s259_-0301-00003-000001-01,D:\github\IOT_Project\dataset\mri_IXI_480_2\wmIXI269-Guys-0839-MPRAGESEN_-s259_-0301-00003-000001-01.nii,D:\github\IOT_Project\data\processed\volumes\train\wmIXI269-Guys-0839-MPRAGESEN_-s259_-0301-00003-000001-01.npy,mri_IXI_480_2,1,train,113.0,137.0,113.0,128.0,128.0,128.0,success,
wmIXI270-Guys-0847-MPRAGESEN_-s263_-0401-00004-000001-01,D:\github\IOT_Project\dataset\mri_IXI_480_2\wmIXI270-Guys-0847-MPRAGESEN_-s263_-0401-00004-000001-01.nii,D:\github\IOT_Project\data\processed\volumes\train\wmIXI270-Guys-0847-MPRAGESEN_-s263_-0401-00004-000001-01.npy,mri_IXI_480_2,1,train,113.0,137.0,113.0,128.0,128.0,128.0,success,
wmIXI277-HH-1770-MADisoTFE1_-s3T168_-0301-00003-000001-01,D:\github\IOT_Project\dataset\mri_IXI_480_2\wmIXI277-HH-1770-MADisoTFE1_-s3T168_-0301-00003-000001-01.nii,D:\github\IOT_Project\data\processed\volumes\train\wmIXI277-HH-1770-MADisoTFE1_-s3T168_-0301-00003-000001-01.npy,mri_IXI_480_2,1,train,113.0,137.0,113.0,128.0,128.0,128.0,success,
wmIXI278-HH-1771-MADisoTFE1_-s3T168_-0301-00003-000001-01,D:\github\IOT_Project\dataset\mri_IXI_480_2\wmIXI278-HH-1771-MADisoTFE1_-s3T168_-0301-00003-000001-01.nii,D:\github\IOT_Project\data\processed\volumes\train\wmIXI278-HH-1771-MADisoTFE1_-s3T168_-0301-00003-000001-01.npy,mri_IXI_480_2,1,train,113.0,137.0,113.0,128.0,128.0,128.0,success,
wmIXI279-Guys-1044-MPRAGESEN_-s295_-0301-00003-000001-01,D:\github\IOT_Project\dataset\mri_IXI_480_2\wmIXI279-Guys-1044-MPRAGESEN_-s295_-0301-00003-000001-01.nii,D:\github\IOT_Project\data\processed\volumes\train\wmIXI279-Guys-1044-MPRAGESEN_-s295_-0301-00003-000001-01.npy,mri_IXI_480_2,1,train,113.0,137.0,113.0,128.0,128.0,128.0,success,
wmIXI280-HH-1860-MADisoTFE1_-s3T176_-0301-00003-000001-01,D:\github\IOT_Project\dataset\mri_IXI_480_2\wmIXI280-HH-1860-MADisoTFE1_-s3T176_-0301-00003-000001-01.nii,D:\github\IOT_Project\data\processed\volumes\train\wmIXI280-HH-1860-MADisoTFE1_-s3T176_-0301-00003-000001-01.npy,mri_IXI_480_2,1,train,113.0,137.0,113.0,128.0,128.0,128.0,success,
wmIXI282-HH-2025-MADisoTFE1_-s3T193_-0301-00003-000001-01,D:\github\IOT_Project\dataset\mri_IXI_480_2\wmIXI282-HH-2025-MADisoTFE1_-s3T193_-0301-00003-000001-01.nii,D:\github\IOT_Project\data\processed\volumes\train\wmIXI282-HH-2025-MADisoTFE1_-s3T193_-0301-00003-000001-01.npy,mri_IXI_480_2,1,train,113.0,137.0,113.0,128.0,128.0,128.0,success,
wmIXI285-Guys-0857-MPRAGESEN_-s295_-0301-00003-000001-01,D:\github\IOT_Project\dataset\mri_IXI_480_2\wmIXI285-Guys-0857-MPRAGESEN_-s295_-0301-00003-000001-01.nii,D:\github\IOT_Project\data\processed\volumes\train\wmIXI285-Guys-0857-MPRAGESEN_-s295_-0301-00003-000001-01.npy,mri_IXI_480_2,1,train,113.0,137.0,113.0,128.0,128.0,128.0,success,
wmIXI287-Guys-0863-MPRAGESEN_-s298_-0301-00003-000001-01,D:\github\IOT_Project\dataset\mri_IXI_480_2\wmIXI287-Guys-0863-MPRAGESEN_-s298_-0301-00003-000001-01.nii,D:\github\IOT_Project\data\processed\volumes\train\wmIXI287-Guys-0863-MPRAGESEN_-s298_-0301-00003-000001-01.npy,mri_IXI_480_2,1,train,113.0,137.0,113.0,128.0,128.0,128.0,success,
wmIXI288-Guys-0879-MPRAGESEN_-s299_-0501-00005-000001-01,D:\github\IOT_Project\dataset\mri_IXI_480_2\wmIXI288-Guys-0879-MPRAGESEN_-s299_-0501-00005-000001-01.nii,D:\github\IOT_Project\data\processed\volumes\train\wmIXI288-Guys-0879-MPRAGESEN_-s299_-0501-00005-000001-01.npy,mri_IXI_480_2,1,train,113.0,137.0,113.0,128.0,128.0,128.0,success,
wmIXI290-IOP-0874-SAGFSPGR_-sIXI29_-0003-00001-000001-01,D:\github\IOT_Project\dataset\mri_IXI_480_2\wmIXI290-IOP-0874-SAGFSPGR_-sIXI29_-0003-00001-000001-01.nii,D:\github\IOT_Project\data\processed\volumes\train\wmIXI290-IOP-0874-SAGFSPGR_-sIXI29_-0003-00001-000001-01.npy,mri_IXI_480_2,1,train,113.0,137.0,113.0,128.0,128.0,128.0,success,
wmIXI291-IOP-0882-SAGFSPGR_-sIXI29_-0003-00001-000001-01,D:\github\IOT_Project\dataset\mri_IXI_480_2\wmIXI291-IOP-0882-SAGFSPGR_-sIXI29_-0003-00001-000001-01.nii,D:\github\IOT_Project\data\processed\volumes\train\wmIXI291-IOP-0882-SAGFSPGR_-sIXI29_-0003-00001-000001-01.npy,mri_IXI_480_2,1,train,113.0,137.0,113.0,128.0,128.0,128.0,success,
wmIXI292-IOP-0877-SAGFSPGR_-sIXI29_-0003-00001-000001-01,D:\github\IOT_Project\dataset\mri_IXI_480_2\wmIXI292-IOP-0877-SAGFSPGR_-sIXI29_-0003-00001-000001-01.nii,D:\github\IOT_Project\data\processed\volumes\train\wmIXI292-IOP-0877-SAGFSPGR_-sIXI29_-0003-00001-000001-01.npy,mri_IXI_480_2,1,train,113.0,137.0,113.0,128.0,128.0,128.0,success,
wmIXI293-IOP-0876-SAGFSPGR_-sIXI29_-0003-00001-000001-01,D:\github\IOT_Project\dataset\mri_IXI_480_2\wmIXI293-IOP-0876-SAGFSPGR_-sIXI29_-0003-00001-000001-01.nii,D:\github\IOT_Project\data\processed\volumes\train\wmIXI293-IOP-0876-SAGFSPGR_-sIXI29_-0003-00001-000001-01.npy,mri_IXI_480_2,1,train,113.0,137.0,113.0,128.0,128.0,128.0,success,
wmIXI294-IOP-0868-SAGFSPGR_-sIXI29_-0003-00001-000001-01,D:\github\IOT_Project\dataset\mri_IXI_480_2\wmIXI294-IOP-0868-SAGFSPGR_-sIXI29_-0003-00001-000001-01.nii,D:\github\IOT_Project\data\processed\volumes\train\wmIXI294-IOP-0868-SAGFSPGR_-sIXI29_-0003-00001-000001-01.npy,mri_IXI_480_2,1,train,113.0,137.0,113.0,128.0,128.0,128.0,success,
wmIXI296-HH-1970-MADisoTFE1_-s3T188_-0301-00003-000001-01,D:\github\IOT_Project\dataset\mri_IXI_480_2\wmIXI296-HH-1970-MADisoTFE1_-s3T188_-0301-00003-000001-01.nii,D:\github\IOT_Project\data\processed\volumes\train\wmIXI296-HH-1970-MADisoTFE1_-s3T188_-0301-00003-000001-01.npy,mri_IXI_480_2,1,train,113.0,137.0,113.0,128.0,128.0,128.0,success,
wmIXI297-Guys-0886-MPRAGESEN_-s302_-0301-00003-000001-01,D:\github\IOT_Project\dataset\mri_IXI_480_2\wmIXI297-Guys-0886-MPRAGESEN_-s302_-0301-00003-000001-01.nii,D:\github\IOT_Project\data\processed\volumes\train\wmIXI297-Guys-0886-MPRAGESEN_-s302_-0301-00003-000001-01.npy,mri_IXI_480_2,1,train,113.0,137.0,113.0,128.0,128.0,128.0,success,
wmIXI302-HH-1883-MADisoTFE1_-s3T178_-0301-00003-000001-01,D:\github\IOT_Project\dataset\mri_IXI_480_2\wmIXI302-HH-1883-MADisoTFE1_-s3T178_-0301-00003-000001-01.nii,D:\github\IOT_Project\data\processed\volumes\train\wmIXI302-HH-1883-MADisoTFE1_-s3T178_-0301-00003-000001-01.npy,mri_IXI_480_2,1,train,113.0,137.0,113.0,128.0,128.0,128.0,success,
wmIXI304-Guys-0862-MPRAGESEN_-s298_-0301-00003-000001-01,D:\github\IOT_Project\dataset\mri_IXI_480_2\wmIXI304-Guys-0862-MPRAGESEN_-s298_-0301-00003-000001-01.nii,D:\github\IOT_Project\data\processed\volumes\train\wmIXI304-Guys-0862-MPRAGESEN_-s298_-0301-00003-000001-01.npy,mri_IXI_480_2,1,train,113.0,137.0,113.0,128.0,128.0,128.0,success,
wmIXI305-IOP-0871-SAGFSPGR_-sIXI30_-0003-00001-000001-01,D:\github\IOT_Project\dataset\mri_IXI_480_2\wmIXI305-IOP-0871-SAGFSPGR_-sIXI30_-0003-00001-000001-01.nii,D:\github\IOT_Project\data\processed\volumes\train\wmIXI305-IOP-0871-SAGFSPGR_-sIXI30_-0003-00001-000001-01.npy,mri_IXI_480_2,1,train,113.0,137.0,113.0,128.0,128.0,128.0,success,
wmIXI306-IOP-0867-SAGFSPGR_-sIXI30_-0003-00001-000001-01,D:\github\IOT_Project\dataset\mri_IXI_480_2\wmIXI306-IOP-0867-SAGFSPGR_-sIXI30_-0003-00001-000001-01.nii,D:\github\IOT_Project\data\processed\volumes\train\wmIXI306-IOP-0867-SAGFSPGR_-sIXI30_-0003-00001-000001-01.npy,mri_IXI_480_2,1,train,113.0,137.0,113.0,128.0,128.0,128.0,success,
wmIXI308-Guys-0884-MPRAGESEN_-s302_-0301-00003-000001-01,D:\github\IOT_Project\dataset\mri_IXI_480_2\wmIXI308-Guys-0884-MPRAGESEN_-s302_-0301-00003-000001-01.nii,D:\github\IOT_Project\data\processed\volumes\train\wmIXI308-Guys-0884-MPRAGESEN_-s302_-0301-00003-000001-01.npy,mri_IXI_480_2,1,train,113.0,137.0,113.0,128.0,128.0,128.0,success,
wmIXI309-IOP-0897-SAGFSPGR_-sIXI30_-0003-00001-000001-01,D:\github\IOT_Project\dataset\mri_IXI_480_2\wmIXI309-IOP-0897-SAGFSPGR_-sIXI30_-0003-00001-000001-01.nii,D:\github\IOT_Project\data\processed\volumes\train\wmIXI309-IOP-0897-SAGFSPGR_-sIXI30_-0003-00001-000001-01.npy,mri_IXI_480_2,1,train,113.0,137.0,113.0,128.0,128.0,128.0,success,
wmIXI310-IOP-0890-SAGFSPGR_-sIXI31_-0003-00001-000001-01,D:\github\IOT_Project\dataset\mri_IXI_480_2\wmIXI310-IOP-0890-SAGFSPGR_-sIXI31_-0003-00001-000001-01.nii,D:\github\IOT_Project\data\processed\volumes\train\wmIXI310-IOP-0890-SAGFSPGR_-sIXI31_-0003-00001-000001-01.npy,mri_IXI_480_2,1,train,113.0,137.0,113.0,128.0,128.0,128.0,success,
wmIXI311-Guys-0885-MPRAGESEN_-s302_-0301-00003-000001-01,D:\github\IOT_Project\dataset\mri_IXI_480_2\wmIXI311-Guys-0885-MPRAGESEN_-s302_-0301-00003-000001-01.nii,D:\github\IOT_Project\data\processed\volumes\train\wmIXI311-Guys-0885-MPRAGESEN_-s302_-0301-00003-000001-01.npy,mri_IXI_480_2,1,train,113.0,137.0,113.0,128.0,128.0,128.0,success,
wmIXI313-HH-2241-MADisoTFE1_-s3t219_-0301-00003-000001-01,D:\github\IOT_Project\dataset\mri_IXI_480_2\wmIXI313-HH-2241-MADisoTFE1_-s3t219_-0301-00003-000001-01.nii,D:\github\IOT_Project\data\processed\volumes\train\wmIXI313-HH-2241-MADisoTFE1_-s3t219_-0301-00003-000001-01.npy,mri_IXI_480_2,1,train,113.0,137.0,113.0,128.0,128.0,128.0,success,
wmIXI314-IOP-0889-SAGFSPGR_-sIXI31_-0003-00001-000001-01,D:\github\IOT_Project\dataset\mri_IXI_480_2\wmIXI314-IOP-0889-SAGFSPGR_-sIXI31_-0003-00001-000001-01.nii,D:\github\IOT_Project\data\processed\volumes\train\wmIXI314-IOP-0889-SAGFSPGR_-sIXI31_-0003-00001-000001-01.npy,mri_IXI_480_2,1,train,113.0,137.0,113.0,128.0,128.0,128.0,success,
wmIXI315-IOP-0888-SAGFSPGR_-sIXI31_-0003-00001-000001-01,D:\github\IOT_Project\dataset\mri_IXI_480_2\wmIXI315-IOP-0888-SAGFSPGR_-sIXI31_-0003-00001-000001-01.nii,D:\github\IOT_Project\data\processed\volumes\train\wmIXI315-IOP-0888-SAGFSPGR_-sIXI31_-0003-00001-000001-01.npy,mri_IXI_480_2,1,train,113.0,137.0,113.0,128.0,128.0,128.0,success,
wmIXI316-HH-1862-MADisoTFE1_-s3T176_-0301-00003-000001-01,D:\github\IOT_Project\dataset\mri_IXI_480_2\wmIXI316-HH-1862-MADisoTFE1_-s3T176_-0301-00003-000001-01.nii,D:\github\IOT_Project\data\processed\volumes\train\wmIXI316-HH-1862-MADisoTFE1_-s3T176_-0301-00003-000001-01.npy,mri_IXI_480_2,1,train,113.0,137.0,113.0,128.0,128.0,128.0,success,
wmIXI317-Guys-0896-MPRAGESEN_-s304_-0301-00003-000001-01,D:\github\IOT_Project\dataset\mri_IXI_480_2\wmIXI317-Guys-0896-MPRAGESEN_-s304_-0301-00003-000001-01.nii,D:\github\IOT_Project\data\processed\volumes\train\wmIXI317-Guys-0896-MPRAGESEN_-s304_-0301-00003-000001-01.npy,mri_IXI_480_2,1,train,113.0,137.0,113.0,128.0,128.0,128.0,success,
wmIXI319-Guys-0901-MPRAGESEN_-s306_-0301-00003-000001-01,D:\github\IOT_Project\dataset\mri_IXI_480_2\wmIXI319-Guys-0901-MPRAGESEN_-s306_-0301-00003-000001-01.nii,D:\github\IOT_Project\data\processed\volumes\train\wmIXI319-Guys-0901-MPRAGESEN_-s306_-0301-00003-000001-01.npy,mri_IXI_480_2,1,train,113.0,137.0,113.0,128.0,128.0,128.0,success,
wmIXI320-Guys-0902-MPRAGESEN_-s306_-0301-00003-000001-01,D:\github\IOT_Project\dataset\mri_IXI_480_2\wmIXI320-Guys-0902-MPRAGESEN_-s306_-0301-00003-000001-01.nii,D:\github\IOT_Project\data\processed\volumes\train\wmIXI320-Guys-0902-MPRAGESEN_-s306_-0301-00003-000001-01.npy,mri_IXI_480_2,1,train,113.0,137.0,113.0,128.0,128.0,128.0,success,
wmIXI322-IOP-0891-SAGFSPGR_-sIXI32_-0003-00001-000001-01,D:\github\IOT_Project\dataset\mri_IXI_480_2\wmIXI322-IOP-0891-SAGFSPGR_-sIXI32_-0003-00001-000001-01.nii,D:\github\IOT_Project\data\processed\volumes\train\wmIXI322-IOP-0891-SAGFSPGR_-sIXI32_-0003-00001-000001-01.npy,mri_IXI_480_2,1,train,113.0,137.0,113.0,128.0,128.0,128.0,success,
wmIXI324-Guys-0922-MPRAGESEN_-s402_-0301-00003-000001-01,D:\github\IOT_Project\dataset\mri_IXI_480_2\wmIXI324-Guys-0922-MPRAGESEN_-s402_-0301-00003-000001-01.nii,,mri_IXI_480_2,1,train,,,,,,,failed,"Whoops, not enough data in file"
wmIXI325-Guys-0911-MPRAGESEN_-s032_-0301-00003-000001-01,D:\github\IOT_Project\dataset\mri_IXI_480_2\wmIXI325-Guys-0911-MPRAGESEN_-s032_-0301-00003-000001-01.nii,,mri_IXI_480_2,1,train,,,,,,,failed,"Whoops, not enough data in file"
wmIXI326-Guys-0907-MPRAGESEN_-s307_-0301-00003-000001-01,D:\github\IOT_Project\dataset\mri_IXI_480_2\wmIXI326-Guys-0907-MPRAGESEN_-s307_-0301-00003-000001-01.nii,D:\github\IOT_Project\data\processed\volumes\train\wmIXI326-Guys-0907-MPRAGESEN_-s307_-0301-00003-000001-01.npy,mri_IXI_480_2,1,train,113.0,137.0,113.0,128.0,128.0,128.0,success,
wmIXI332-IOP-1134-SAGFSPGR_-sIXI33_-0003-00001-000001-01,D:\github\IOT_Project\dataset\mri_IXI_480_2\wmIXI332-IOP-1134-SAGFSPGR_-sIXI33_-0003-00001-000001-01.nii,D:\github\IOT_Project\data\processed\volumes\train\wmIXI332-IOP-1134-SAGFSPGR_-sIXI33_-0003-00001-000001-01.npy,mri_IXI_480_2,1,train,113.0,137.0,113.0,128.0,128.0,128.0,success,
wmIXI334-HH-1907-MADisoTFE1_-s3T180_-0301-00003-000001-01,D:\github\IOT_Project\dataset\mri_IXI_480_2\wmIXI334-HH-1907-MADisoTFE1_-s3T180_-0301-00003-000001-01.nii,D:\github\IOT_Project\data\processed\volumes\train\wmIXI334-HH-1907-MADisoTFE1_-s3T180_-0301-00003-000001-01.npy,mri_IXI_480_2,1,train,113.0,137.0,113.0,128.0,128.0,128.0,success,
wmIXI336-Guys-0904-MPRAGESEN_-s306_-0301-00003-000001-01,D:\github\IOT_Project\dataset\mri_IXI_480_2\wmIXI336-Guys-0904-MPRAGESEN_-s306_-0301-00003-000001-01.nii,D:\github\IOT_Project\data\processed\volumes\train\wmIXI336-Guys-0904-MPRAGESEN_-s306_-0301-00003-000001-01.npy,mri_IXI_480_2,1,train,113.0,137.0,113.0,128.0,128.0,128.0,success,
wmIXI337-IOP-0929-SAGFSPGR_-sIXI33_-0003-00001-000001-01,D:\github\IOT_Project\dataset\mri_IXI_480_2\wmIXI337-IOP-0929-SAGFSPGR_-sIXI33_-0003-00001-000001-01.nii,,mri_IXI_480_2,1,train,,,,,,,failed,"Whoops, not enough data in file"
wmIXI344-Guys-0905-MPRAGESEN_-s306_-0301-00003-000001-01,D:\github\IOT_Project\dataset\mri_IXI_480_2\wmIXI344-Guys-0905-MPRAGESEN_-s306_-0301-00003-000001-01.nii,D:\github\IOT_Project\data\processed\volumes\train\wmIXI344-Guys-0905-MPRAGESEN_-s306_-0301-00003-000001-01.npy,mri_IXI_480_2,1,train,113.0,137.0,113.0,128.0,128.0,128.0,success,
wmIXI357-HH-2076-MADisoTFE1_-s3T199_-0301-00003-000001-01,D:\github\IOT_Project\dataset\mri_IXI_480_2\wmIXI357-HH-2076-MADisoTFE1_-s3T199_-0301-00003-000001-01.nii,,mri_IXI_480_2,1,train,,,,,,,failed,"Whoops, not enough data in file"
wmIXI365-Guys-0923-MPRAGESEN_-s402_-0301-00003-000001-01,D:\github\IOT_Project\dataset\mri_IXI_480_2\wmIXI365-Guys-0923-MPRAGESEN_-s402_-0301-00003-000001-01.nii,,mri_IXI_480_2,1,train,,,,,,,failed,"Whoops, not enough data in file"
wmIXI369-Guys-0924-MPRAGESEN_-s402_-0301-00003-000001-01,D:\github\IOT_Project\dataset\mri_IXI_480_2\wmIXI369-Guys-0924-MPRAGESEN_-s402_-0301-00003-000001-01.nii,D:\github\IOT_Project\data\processed\volumes\train\wmIXI369-Guys-0924-MPRAGESEN_-s402_-0301-00003-000001-01.npy,mri_IXI_480_2,1,train,113.0,137.0,113.0,128.0,128.0,128.0,success,
wmIXI373-IOP-0967-SAGFSPGR_-sIXI37_-0003-00001-000001-01,D:\github\IOT_Project\dataset\mri_IXI_480_2\wmIXI373-IOP-0967-SAGFSPGR_-sIXI37_-0003-00001-000001-01.nii,,mri_IXI_480_2,1,train,,,,,,,failed,"Whoops, not enough data in file"
wmIXI382-IOP-1135-SAGFSPGR_-sIXI38_-0003-00001-000001-01,D:\github\IOT_Project\dataset\mri_IXI_480_2\wmIXI382-IOP-1135-SAGFSPGR_-sIXI38_-0003-00001-000001-01.nii,D:\github\IOT_Project\data\processed\volumes\train\wmIXI382-IOP-1135-SAGFSPGR_-sIXI38_-0003-00001-000001-01.npy,mri_IXI_480_2,1,train,113.0,137.0,113.0,128.0,128.0,128.0,success,
wmIXI386-HH-2077-MADisoTFE1_-s3T199_-0301-00003-000001-01,D:\github\IOT_Project\dataset\mri_IXI_480_2\wmIXI386-HH-2077-MADisoTFE1_-s3T199_-0301-00003-000001-01.nii,,mri_IXI_480_2,1,train,,,,,,,failed,"Whoops, not enough data in file"
wmIXI388-IOP-0973-SAGFSPGR_-sIXI38_-0003-00001-000001-01,D:\github\IOT_Project\dataset\mri_IXI_480_2\wmIXI388-IOP-0973-SAGFSPGR_-sIXI38_-0003-00001-000001-01.nii,D:\github\IOT_Project\data\processed\volumes\train\wmIXI388-IOP-0973-SAGFSPGR_-sIXI38_-0003-00001-000001-01.npy,mri_IXI_480_2,1,train,113.0,137.0,113.0,128.0,128.0,128.0,success,
wmIXI390-Guys-0931-MPRAGESEN_-sIXI0390_-0301-00003-000001-01,D:\github\IOT_Project\dataset\mri_IXI_480_2\wmIXI390-Guys-0931-MPRAGESEN_-sIXI0390_-0301-00003-000001-01.nii,,mri_IXI_480_2,1,train,,,,,,,failed,"Whoops, not enough data in file"
wmIXI393-Guys-0941-MPRAGESEN_-s407_-0301-00003-000001-01,D:\github\IOT_Project\dataset\mri_IXI_480_2\wmIXI393-Guys-0941-MPRAGESEN_-s407_-0301-00003-000001-01.nii,,mri_IXI_480_2,1,train,,,,,,,failed,"Whoops, not enough data in file"
wmIXI396-HH-2115-MADisoTFE1_-s3T203_-0301-00003-000001-01,D:\github\IOT_Project\dataset\mri_IXI_480_2\wmIXI396-HH-2115-MADisoTFE1_-s3T203_-0301-00003-000001-01.nii,D:\github\IOT_Project\data\processed\volumes\train\wmIXI396-HH-2115-MADisoTFE1_-s3T203_-0301-00003-000001-01.npy,mri_IXI_480_2,1,train,113.0,137.0,113.0,128.0,128.0,128.0,success,
wmIXI402-Guys-0961-MPRAGESEN_-s413_-0301-00003-000001-01,D:\github\IOT_Project\dataset\mri_IXI_480_2\wmIXI402-Guys-0961-MPRAGESEN_-s413_-0301-00003-000001-01.nii,,mri_IXI_480_2,1,train,,,,,,,failed,"Whoops, not enough data in file"
wmIXI406-Guys-0963-MPRAGESEN_-s414_-0301-00003-000001-01,D:\github\IOT_Project\dataset\mri_IXI_480_2\wmIXI406-Guys-0963-MPRAGESEN_-s414_-0301-00003-000001-01.nii,,mri_IXI_480_2,1,train,,,,,,,failed,"Whoops, not enough data in file"
wmIXI418-Guys-0956-MPRAGESEN_-s414_-0301-00003-000001-01,D:\github\IOT_Project\dataset\mri_IXI_480_2\wmIXI418-Guys-0956-MPRAGESEN_-s414_-0301-00003-000001-01.nii,,mri_IXI_480_2,1,train,,,,,,,failed,"Whoops, not enough data in file"
wmIXI423-IOP-0974-SAGFSPGR_-sIXI00_-0003-00001-000001-01,D:\github\IOT_Project\dataset\mri_IXI_480_2\wmIXI423-IOP-0974-SAGFSPGR_-sIXI00_-0003-00001-000001-01.nii,,mri_IXI_480_2,1,train,,,,,,,failed,"Whoops, not enough data in file"
wmIXI429-Guys-0997-MPRAGESEN_-s419_-0301-00003-000001-01,D:\github\IOT_Project\dataset\mri_IXI_480_2\wmIXI429-Guys-0997-MPRAGESEN_-s419_-0301-00003-000001-01.nii,,mri_IXI_480_2,1,train,,,,,,,failed,"Whoops, not enough data in file"
wmIXI430-IOP-0990-SAGFSPGR_-sIXI43_-0003-00001-000001-01,D:\github\IOT_Project\dataset\mri_IXI_480_2\wmIXI430-IOP-0990-SAGFSPGR_-sIXI43_-0003-00001-000001-01.nii,,mri_IXI_480_2,1,train,,,,,,,failed,"Whoops, not enough data in file"
wmIXI436-HH-2153-MADisoTFE1_-s3T207_-0301-00003-000001-01,D:\github\IOT_Project\dataset\mri_IXI_480_2\wmIXI436-HH-2153-MADisoTFE1_-s3T207_-0301-00003-000001-01.nii,D:\github\IOT_Project\data\processed\volumes\train\wmIXI436-HH-2153-MADisoTFE1_-s3T207_-0301-00003-000001-01.npy,mri_IXI_480_2,1,train,113.0,137.0,113.0,128.0,128.0,128.0,success,
wmIXI439-HH-2114-MADisoTFE1_-s3T203_-0301-00003-000001-01,D:\github\IOT_Project\dataset\mri_IXI_480_2\wmIXI439-HH-2114-MADisoTFE1_-s3T203_-0301-00003-000001-01.nii,D:\github\IOT_Project\data\processed\volumes\train\wmIXI439-HH-2114-MADisoTFE1_-s3T203_-0301-00003-000001-01.npy,mri_IXI_480_2,1,train,113.0,137.0,113.0,128.0,128.0,128.0,success,
wmIXI440-HH-2127-MADisoTFE1_-s3T204_-0301-00003-000001-01,D:\github\IOT_Project\dataset\mri_IXI_480_2\wmIXI440-HH-2127-MADisoTFE1_-s3T204_-0301-00003-000001-01.nii,D:\github\IOT_Project\data\processed\volumes\train\wmIXI440-HH-2127-MADisoTFE1_-s3T204_-0301-00003-000001-01.npy,mri_IXI_480_2,1,train,113.0,137.0,113.0,128.0,128.0,128.0,success,
wmIXI441-HH-2154-MADisoTFE1_-s3T207_-0301-00003-000001-01,D:\github\IOT_Project\dataset\mri_IXI_480_2\wmIXI441-HH-2154-MADisoTFE1_-s3T207_-0301-00003-000001-01.nii,D:\github\IOT_Project\data\processed\volumes\train\wmIXI441-HH-2154-MADisoTFE1_-s3T207_-0301-00003-000001-01.npy,mri_IXI_480_2,1,train,113.0,137.0,113.0,128.0,128.0,128.0,success,
wmIXI442-IOP-1041-SAGFSPGR_-sIXI44_-0003-00001-000001-01,D:\github\IOT_Project\dataset\mri_IXI_480_2\wmIXI442-IOP-1041-SAGFSPGR_-sIXI44_-0003-00001-000001-01.nii,D:\github\IOT_Project\data\processed\volumes\train\wmIXI442-IOP-1041-SAGFSPGR_-sIXI44_-0003-00001-000001-01.npy,mri_IXI_480_2,1,train,113.0,137.0,113.0,128.0,128.0,128.0,success,
wmIXI443-HH-2215-MADisoTFE1_-s3T216_-0301-00003-000001-01,D:\github\IOT_Project\dataset\mri_IXI_480_2\wmIXI443-HH-2215-MADisoTFE1_-s3T216_-0301-00003-000001-01.nii,D:\github\IOT_Project\data\processed\volumes\train\wmIXI443-HH-2215-MADisoTFE1_-s3T216_-0301-00003-000001-01.npy,mri_IXI_480_2,1,train,113.0,137.0,113.0,128.0,128.0,128.0,success,
wmIXI445-HH-2269-MADisoTFE1_-s3T221_-0301-00003-000001-01,D:\github\IOT_Project\dataset\mri_IXI_480_2\wmIXI445-HH-2269-MADisoTFE1_-s3T221_-0301-00003-000001-01.nii,D:\github\IOT_Project\data\processed\volumes\train\wmIXI445-HH-2269-MADisoTFE1_-s3T221_-0301-00003-000001-01.npy,mri_IXI_480_2,1,train,113.0,137.0,113.0,128.0,128.0,128.0,success,
wmIXI446-HH-2325-MADisoTFE1_-s3T225_-0301-00003-000001-01,D:\github\IOT_Project\dataset\mri_IXI_480_2\wmIXI446-HH-2325-MADisoTFE1_-s3T225_-0301-00003-000001-01.nii,D:\github\IOT_Project\data\processed\volumes\train\wmIXI446-HH-2325-MADisoTFE1_-s3T225_-0301-00003-000001-01.npy,mri_IXI_480_2,1,train,113.0,137.0,113.0,128.0,128.0,128.0,success,
wmIXI447-Guys-0979-MPRAGESEN_-s416_-0301-00003-000001-01,D:\github\IOT_Project\dataset\mri_IXI_480_2\wmIXI447-Guys-0979-MPRAGESEN_-s416_-0301-00003-000001-01.nii,D:\github\IOT_Project\data\processed\volumes\train\wmIXI447-Guys-0979-MPRAGESEN_-s416_-0301-00003-000001-01.npy,mri_IXI_480_2,1,train,113.0,137.0,113.0,128.0,128.0,128.0,success,
wmIXI449-Guys-1082-MPRAGESEN_-s442_-0301-00003-000001-01,D:\github\IOT_Project\dataset\mri_IXI_480_2\wmIXI449-Guys-1082-MPRAGESEN_-s442_-0301-00003-000001-01.nii,D:\github\IOT_Project\data\processed\volumes\train\wmIXI449-Guys-1082-MPRAGESEN_-s442_-0301-00003-000001-01.npy,mri_IXI_480_2,1,train,113.0,137.0,113.0,128.0,128.0,128.0,success,
wmIXI450-Guys-1093-MPRAGESEN_-s447_-0301-00003-000001-01,D:\github\IOT_Project\dataset\mri_IXI_480_2\wmIXI450-Guys-1093-MPRAGESEN_-s447_-0301-00003-000001-01.nii,D:\github\IOT_Project\data\processed\volumes\train\wmIXI450-Guys-1093-MPRAGESEN_-s447_-0301-00003-000001-01.npy,mri_IXI_480_2,1,train,113.0,137.0,113.0,128.0,128.0,128.0,success,
wmIXI451-HH-2212-MADisoTFE1_-s3T216_-0301-00003-000001-01,D:\github\IOT_Project\dataset\mri_IXI_480_2\wmIXI451-HH-2212-MADisoTFE1_-s3T216_-0301-00003-000001-01.nii,D:\github\IOT_Project\data\processed\volumes\train\wmIXI451-HH-2212-MADisoTFE1_-s3T216_-0301-00003-000001-01.npy,mri_IXI_480_2,1,train,113.0,137.0,113.0,128.0,128.0,128.0,success,
wmIXI452-HH-2213-MADisoTFE1_-s3T216_-0301-00003-000001-01,D:\github\IOT_Project\dataset\mri_IXI_480_2\wmIXI452-HH-2213-MADisoTFE1_-s3T216_-0301-00003-000001-01.nii,D:\github\IOT_Project\data\processed\volumes\train\wmIXI452-HH-2213-MADisoTFE1_-s3T216_-0301-00003-000001-01.npy,mri_IXI_480_2,1,train,113.0,137.0,113.0,128.0,128.0,128.0,success,
wmIXI453-HH-2214-MADisoTFE1_-s3T216_-0301-00003-000001-01,D:\github\IOT_Project\dataset\mri_IXI_480_2\wmIXI453-HH-2214-MADisoTFE1_-s3T216_-0301-00003-000001-01.nii,D:\github\IOT_Project\data\processed\volumes\train\wmIXI453-HH-2214-MADisoTFE1_-s3T216_-0301-00003-000001-01.npy,mri_IXI_480_2,1,train,113.0,137.0,113.0,128.0,128.0,128.0,success,
wmIXI457-Guys-0984-MPRAGESEN_-s417_-0301-00003-000001-01,D:\github\IOT_Project\dataset\mri_IXI_480_2\wmIXI457-Guys-0984-MPRAGESEN_-s417_-0301-00003-000001-01.nii,D:\github\IOT_Project\data\processed\volumes\train\wmIXI457-Guys-0984-MPRAGESEN_-s417_-0301-00003-000001-01.npy,mri_IXI_480_2,1,train,113.0,137.0,113.0,128.0,128.0,128.0,success,
wmIXI458-Guys-0993-MPRAGESEN_-s418_-0301-00003-000001-01,D:\github\IOT_Project\dataset\mri_IXI_480_2\wmIXI458-Guys-0993-MPRAGESEN_-s418_-0301-00003-000001-01.nii,D:\github\IOT_Project\data\processed\volumes\train\wmIXI458-Guys-0993-MPRAGESEN_-s418_-0301-00003-000001-01.npy,mri_IXI_480_2,1,train,113.0,137.0,113.0,128.0,128.0,128.0,success,
wmIXI459-Guys-0992-MPRAGESEN_-s418_-0601-00006-000001-01,D:\github\IOT_Project\dataset\mri_IXI_480_2\wmIXI459-Guys-0992-MPRAGESEN_-s418_-0601-00006-000001-01.nii,D:\github\IOT_Project\data\processed\volumes\train\wmIXI459-Guys-0992-MPRAGESEN_-s418_-0601-00006-000001-01.npy,mri_IXI_480_2,1,train,113.0,137.0,113.0,128.0,128.0,128.0,success,
wmIXI460-Guys-0999-MPRAGESEN_-s419_-0301-00003-000001-01,D:\github\IOT_Project\dataset\mri_IXI_480_2\wmIXI460-Guys-0999-MPRAGESEN_-s419_-0301-00003-000001-01.nii,D:\github\IOT_Project\data\processed\volumes\train\wmIXI460-Guys-0999-MPRAGESEN_-s419_-0301-00003-000001-01.npy,mri_IXI_480_2,1,train,113.0,137.0,113.0,128.0,128.0,128.0,success,
wmIXI461-Guys-0998-MPRAGESEN_-s419_-0301-00003-000001-01,D:\github\IOT_Project\dataset\mri_IXI_480_2\wmIXI461-Guys-0998-MPRAGESEN_-s419_-0301-00003-000001-01.nii,D:\github\IOT_Project\data\processed\volumes\train\wmIXI461-Guys-0998-MPRAGESEN_-s419_-0301-00003-000001-01.npy,mri_IXI_480_2,1,train,113.0,137.0,113.0,128.0,128.0,128.0,success,
wmIXI464-IOP-1029-SAGFSPGR_-sIXI46_-0003-00001-000001-01,D:\github\IOT_Project\dataset\mri_IXI_480_2\wmIXI464-IOP-1029-SAGFSPGR_-sIXI46_-0003-00001-000001-01.nii,D:\github\IOT_Project\data\processed\volumes\train\wmIXI464-IOP-1029-SAGFSPGR_-sIXI46_-0003-00001-000001-01.npy,mri_IXI_480_2,1,train,113.0,137.0,113.0,128.0,128.0,128.0,success,
wmIXI467-Guys-0983-MPRAGESEN_-s417_-0301-00003-000001-01,D:\github\IOT_Project\dataset\mri_IXI_480_2\wmIXI467-Guys-0983-MPRAGESEN_-s417_-0301-00003-000001-01.nii,D:\github\IOT_Project\data\processed\volumes\train\wmIXI467-Guys-0983-MPRAGESEN_-s417_-0301-00003-000001-01.npy,mri_IXI_480_2,1,train,113.0,137.0,113.0,128.0,128.0,128.0,success,
wmIXI468-Guys-0985-MPRAGESEN_-s417_-0301-00003-000001-01,D:\github\IOT_Project\dataset\mri_IXI_480_2\wmIXI468-Guys-0985-MPRAGESEN_-s417_-0301-00003-000001-01.nii,D:\github\IOT_Project\data\processed\volumes\train\wmIXI468-Guys-0985-MPRAGESEN_-s417_-0301-00003-000001-01.npy,mri_IXI_480_2,1,train,113.0,137.0,113.0,128.0,128.0,128.0,success,
wmIXI469-IOP-1136-SAGFSPGR_-sIXI46_-0005-00001-000001-01,D:\github\IOT_Project\dataset\mri_IXI_480_2\wmIXI469-IOP-1136-SAGFSPGR_-sIXI46_-0005-00001-000001-01.nii,D:\github\IOT_Project\data\processed\volumes\train\wmIXI469-IOP-1136-SAGFSPGR_-sIXI46_-0005-00001-000001-01.npy,mri_IXI_480_2,1,train,113.0,137.0,113.0,128.0,128.0,128.0,success,
wmIXI470-IOP-1030-SAGFSPGR_-sIXI47_-0003-00001-000001-01,D:\github\IOT_Project\dataset\mri_IXI_480_2\wmIXI470-IOP-1030-SAGFSPGR_-sIXI47_-0003-00001-000001-01.nii,D:\github\IOT_Project\data\processed\volumes\train\wmIXI470-IOP-1030-SAGFSPGR_-sIXI47_-0003-00001-000001-01.npy,mri_IXI_480_2,1,train,113.0,137.0,113.0,128.0,128.0,128.0,success,
wmIXI474-IOP-1138-SAGFSPGR_-sIXI47_-0003-00001-000001-01,D:\github\IOT_Project\dataset\mri_IXI_480_2\wmIXI474-IOP-1138-SAGFSPGR_-sIXI47_-0003-00001-000001-01.nii,D:\github\IOT_Project\data\processed\volumes\train\wmIXI474-IOP-1138-SAGFSPGR_-sIXI47_-0003-00001-000001-01.npy,mri_IXI_480_2,1,train,113.0,137.0,113.0,128.0,128.0,128.0,success,
wmIXI476-IOP-1140-SAGFSPGR_-sIXI47_-0003-00001-000001-01,D:\github\IOT_Project\dataset\mri_IXI_480_2\wmIXI476-IOP-1140-SAGFSPGR_-sIXI47_-0003-00001-000001-01.nii,D:\github\IOT_Project\data\processed\volumes\train\wmIXI476-IOP-1140-SAGFSPGR_-sIXI47_-0003-00001-000001-01.npy,mri_IXI_480_2,1,train,113.0,137.0,113.0,128.0,128.0,128.0,success,
wmIXI477-IOP-1141-SAGFSPGR_-sIXI47_-0003-00001-000001-01,D:\github\IOT_Project\dataset\mri_IXI_480_2\wmIXI477-IOP-1141-SAGFSPGR_-sIXI47_-0003-00001-000001-01.nii,D:\github\IOT_Project\data\processed\volumes\train\wmIXI477-IOP-1141-SAGFSPGR_-sIXI47_-0003-00001-000001-01.npy,mri_IXI_480_2,1,train,113.0,137.0,113.0,128.0,128.0,128.0,success,
wmIXI478-IOP-1142-SAGFSPGR_-sIXI47_-0003-00001-000001-01,D:\github\IOT_Project\dataset\mri_IXI_480_2\wmIXI478-IOP-1142-SAGFSPGR_-sIXI47_-0003-00001-000001-01.nii,D:\github\IOT_Project\data\processed\volumes\train\wmIXI478-IOP-1142-SAGFSPGR_-sIXI47_-0003-00001-000001-01.npy,mri_IXI_480_2,1,train,113.0,137.0,113.0,128.0,128.0,128.0,success,
wmIXI481-HH-2175-MADisoTFE1_-s3T208_-0301-00003-000001-01,D:\github\IOT_Project\dataset\mri_IXI_480_2\wmIXI481-HH-2175-MADisoTFE1_-s3T208_-0301-00003-000001-01.nii,D:\github\IOT_Project\data\processed\volumes\train\wmIXI481-HH-2175-MADisoTFE1_-s3T208_-0301-00003-000001-01.npy,mri_IXI_480_2,1,train,113.0,137.0,113.0,128.0,128.0,128.0,success,
wmIXI482-HH-2178-MADisoTFE1_-s3T211_-0301-00003-000001-01,D:\github\IOT_Project\dataset\mri_IXI_480_2\wmIXI482-HH-2178-MADisoTFE1_-s3T211_-0301-00003-000001-01.nii,D:\github\IOT_Project\data\processed\volumes\train\wmIXI482-HH-2178-MADisoTFE1_-s3T211_-0301-00003-000001-01.npy,mri_IXI_480_2,1,train,113.0,137.0,113.0,128.0,128.0,128.0,success,
wmIXI485-HH-2180-MADisoTFE1_-s3T221_-0301-00003-000001-01,D:\github\IOT_Project\dataset\mri_IXI_480_2\wmIXI485-HH-2180-MADisoTFE1_-s3T221_-0301-00003-000001-01.nii,D:\github\IOT_Project\data\processed\volumes\train\wmIXI485-HH-2180-MADisoTFE1_-s3T221_-0301-00003-000001-01.npy,mri_IXI_480_2,1,train,113.0,137.0,113.0,128.0,128.0,128.0,success,
wmIXI488-Guys-1015-MPRAGESEN_-s421_-0301-00003-000001-01,D:\github\IOT_Project\dataset\mri_IXI_480_2\wmIXI488-Guys-1015-MPRAGESEN_-s421_-0301-00003-000001-01.nii,D:\github\IOT_Project\data\processed\volumes\train\wmIXI488-Guys-1015-MPRAGESEN_-s421_-0301-00003-000001-01.npy,mri_IXI_480_2,1,train,113.0,137.0,113.0,128.0,128.0,128.0,success,
wmIXI489-Guys-1014-MPRAGESEN_-s421_-0301-00003-000001-01,D:\github\IOT_Project\dataset\mri_IXI_480_2\wmIXI489-Guys-1014-MPRAGESEN_-s421_-0301-00003-000001-01.nii,D:\github\IOT_Project\data\processed\volumes\train\wmIXI489-Guys-1014-MPRAGESEN_-s421_-0301-00003-000001-01.npy,mri_IXI_480_2,1,train,113.0,137.0,113.0,128.0,128.0,128.0,success,
wmIXI490-Guys-1018-MPRAGESEN_-s422_-0301-00003-000001-01,D:\github\IOT_Project\dataset\mri_IXI_480_2\wmIXI490-Guys-1018-MPRAGESEN_-s422_-0301-00003-000001-01.nii,D:\github\IOT_Project\data\processed\volumes\train\wmIXI490-Guys-1018-MPRAGESEN_-s422_-0301-00003-000001-01.npy,mri_IXI_480_2,1,train,113.0,137.0,113.0,128.0,128.0,128.0,success,
wmIXI491-Guys-1032-MPRAGESEN_-s425_-0401-00004-000001-01,D:\github\IOT_Project\dataset\mri_IXI_480_2\wmIXI491-Guys-1032-MPRAGESEN_-s425_-0401-00004-000001-01.nii,D:\github\IOT_Project\data\processed\volumes\train\wmIXI491-Guys-1032-MPRAGESEN_-s425_-0401-00004-000001-01.npy,mri_IXI_480_2,1,train,113.0,137.0,113.0,128.0,128.0,128.0,success,
wmIXI492-Guys-1022-MPRAGESEN_-s423_-0301-00003-000001-01,D:\github\IOT_Project\dataset\mri_IXI_480_2\wmIXI492-Guys-1022-MPRAGESEN_-s423_-0301-00003-000001-01.nii,D:\github\IOT_Project\data\processed\volumes\train\wmIXI492-Guys-1022-MPRAGESEN_-s423_-0301-00003-000001-01.npy,mri_IXI_480_2,1,train,113.0,137.0,113.0,128.0,128.0,128.0,success,
wmIXI493-Guys-1007-MPRAGESEN_-s420_-0601-00006-000001-01,D:\github\IOT_Project\dataset\mri_IXI_480_2\wmIXI493-Guys-1007-MPRAGESEN_-s420_-0601-00006-000001-01.nii,D:\github\IOT_Project\data\processed\volumes\train\wmIXI493-Guys-1007-MPRAGESEN_-s420_-0601-00006-000001-01.npy,mri_IXI_480_2,1,train,113.0,137.0,113.0,128.0,128.0,128.0,success,
wmIXI494-Guys-1008-MPRAGESEN_-s421_-0301-00003-000001-01,D:\github\IOT_Project\dataset\mri_IXI_480_2\wmIXI494-Guys-1008-MPRAGESEN_-s421_-0301-00003-000001-01.nii,D:\github\IOT_Project\data\processed\volumes\train\wmIXI494-Guys-1008-MPRAGESEN_-s421_-0301-00003-000001-01.npy,mri_IXI_480_2,1,train,113.0,137.0,113.0,128.0,128.0,128.0,success,
wmIXI495-Guys-1009-MPRAGESEN_-s421_-0301-00003-000001-01,D:\github\IOT_Project\dataset\mri_IXI_480_2\wmIXI495-Guys-1009-MPRAGESEN_-s421_-0301-00003-000001-01.nii,D:\github\IOT_Project\data\processed\volumes\train\wmIXI495-Guys-1009-MPRAGESEN_-s421_-0301-00003-000001-01.npy,mri_IXI_480_2,1,train,113.0,137.0,113.0,128.0,128.0,128.0,success,
wmIXI499-Guys-1004-MPRAGESEN_-s420_-0301-00003-000001-01,D:\github\IOT_Project\dataset\mri_IXI_480_2\wmIXI499-Guys-1004-MPRAGESEN_-s420_-0301-00003-000001-01.nii,D:\github\IOT_Project\data\processed\volumes\train\wmIXI499-Guys-1004-MPRAGESEN_-s420_-0301-00003-000001-01.npy,mri_IXI_480_2,1,train,113.0,137.0,113.0,128.0,128.0,128.0,success,
wmIXI502-Guys-1020-MPRAGESEN_-s422_-0301-00003-000001-01,D:\github\IOT_Project\dataset\mri_IXI_480_2\wmIXI502-Guys-1020-MPRAGESEN_-s422_-0301-00003-000001-01.nii,D:\github\IOT_Project\data\processed\volumes\train\wmIXI502-Guys-1020-MPRAGESEN_-s422_-0301-00003-000001-01.npy,mri_IXI_480_2,1,train,113.0,137.0,113.0,128.0,128.0,128.0,success,
wmIXI503-Guys-1021-MPRAGESEN_-s423_-0301-00003-000001-01,D:\github\IOT_Project\dataset\mri_IXI_480_2\wmIXI503-Guys-1021-MPRAGESEN_-s423_-0301-00003-000001-01.nii,D:\github\IOT_Project\data\processed\volumes\train\wmIXI503-Guys-1021-MPRAGESEN_-s423_-0301-00003-000001-01.npy,mri_IXI_480_2,1,train,113.0,137.0,113.0,128.0,128.0,128.0,success,
wmIXI504-Guys-1025-MPRAGESEN_-s424_-0301-00003-000001-01,D:\github\IOT_Project\dataset\mri_IXI_480_2\wmIXI504-Guys-1025-MPRAGESEN_-s424_-0301-00003-000001-01.nii,D:\github\IOT_Project\data\processed\volumes\train\wmIXI504-Guys-1025-MPRAGESEN_-s424_-0301-00003-000001-01.npy,mri_IXI_480_2,1,train,113.0,137.0,113.0,128.0,128.0,128.0,success,
wmIXI507-Guys-1036-MPRAGESEN_-s425_-0301-00003-000001-01,D:\github\IOT_Project\dataset\mri_IXI_480_2\wmIXI507-Guys-1036-MPRAGESEN_-s425_-0301-00003-000001-01.nii,D:\github\IOT_Project\data\processed\volumes\train\wmIXI507-Guys-1036-MPRAGESEN_-s425_-0301-00003-000001-01.npy,mri_IXI_480_2,1,train,113.0,137.0,113.0,128.0,128.0,128.0,success,
wmIXI510-IOP-1143-SAGFSPGR_-sIXI51_-0003-00001-000001-01,D:\github\IOT_Project\dataset\mri_IXI_480_2\wmIXI510-IOP-1143-SAGFSPGR_-sIXI51_-0003-00001-000001-01.nii,D:\github\IOT_Project\data\processed\volumes\train\wmIXI510-IOP-1143-SAGFSPGR_-sIXI51_-0003-00001-000001-01.npy,mri_IXI_480_2,1,train,113.0,137.0,113.0,128.0,128.0,128.0,success,
wmIXI511-HH-2238-MADisoTFE1_-s3T219_-0301-00003-000001-01,D:\github\IOT_Project\dataset\mri_IXI_480_2\wmIXI511-HH-2238-MADisoTFE1_-s3T219_-0301-00003-000001-01.nii,D:\github\IOT_Project\data\processed\volumes\train\wmIXI511-HH-2238-MADisoTFE1_-s3T219_-0301-00003-000001-01.npy,mri_IXI_480_2,1,train,113.0,137.0,113.0,128.0,128.0,128.0,success,
wmIXI515-HH-2377-MADisoTFE1_-s3T229_-0301-00003-000001-01,D:\github\IOT_Project\dataset\mri_IXI_480_2\wmIXI515-HH-2377-MADisoTFE1_-s3T229_-0301-00003-000001-01.nii,D:\github\IOT_Project\data\processed\volumes\train\wmIXI515-HH-2377-MADisoTFE1_-s3T229_-0301-00003-000001-01.npy,mri_IXI_480_2,1,train,113.0,137.0,113.0,128.0,128.0,128.0,success,
wmIXI517-IOP-1144-SAGFSPGR_-sIXI51_-0003-00001-000001-01,D:\github\IOT_Project\dataset\mri_IXI_480_2\wmIXI517-IOP-1144-SAGFSPGR_-sIXI51_-0003-00001-000001-01.nii,D:\github\IOT_Project\data\processed\volumes\train\wmIXI517-IOP-1144-SAGFSPGR_-sIXI51_-0003-00001-000001-01.npy,mri_IXI_480_2,1,train,113.0,137.0,113.0,128.0,128.0,128.0,success,
wmIXI518-HH-2239-MADisoTFE1_-s3T219_-0301-00003-000001-01,D:\github\IOT_Project\dataset\mri_IXI_480_2\wmIXI518-HH-2239-MADisoTFE1_-s3T219_-0301-00003-000001-01.nii,D:\github\IOT_Project\data\processed\volumes\train\wmIXI518-HH-2239-MADisoTFE1_-s3T219_-0301-00003-000001-01.npy,mri_IXI_480_2,1,train,113.0,137.0,113.0,128.0,128.0,128.0,success,
wmIXI522-HH-2453-MADisoTFE1_-s3T237_-0301-00003-000001-01,D:\github\IOT_Project\dataset\mri_IXI_480_2\wmIXI522-HH-2453-MADisoTFE1_-s3T237_-0301-00003-000001-01.nii,D:\github\IOT_Project\data\processed\volumes\train\wmIXI522-HH-2453-MADisoTFE1_-s3T237_-0301-00003-000001-01.npy,mri_IXI_480_2,1,train,113.0,137.0,113.0,128.0,128.0,128.0,success,
wmIXI523-Guys-1056-MPRAGESEN_-s427_-0401-00004-000001-01,D:\github\IOT_Project\dataset\mri_IXI_480_2\wmIXI523-Guys-1056-MPRAGESEN_-s427_-0401-00004-000001-01.nii,D:\github\IOT_Project\data\processed\volumes\train\wmIXI523-Guys-1056-MPRAGESEN_-s427_-0401-00004-000001-01.npy,mri_IXI_480_2,1,train,113.0,137.0,113.0,128.0,128.0,128.0,success,
wmIXI525-HH-2413-MADisoTFE1_-s3T233_-0301-00003-000001-01,D:\github\IOT_Project\dataset\mri_IXI_480_2\wmIXI525-HH-2413-MADisoTFE1_-s3T233_-0301-00003-000001-01.nii,D:\github\IOT_Project\data\processed\volumes\train\wmIXI525-HH-2413-MADisoTFE1_-s3T233_-0301-00003-000001-01.npy,mri_IXI_480_2,1,train,113.0,137.0,113.0,128.0,128.0,128.0,success,
wmIXI527-HH-2376-MADisoTFE1_-s3T229_-0501-00005-000001-01,D:\github\IOT_Project\dataset\mri_IXI_480_2\wmIXI527-HH-2376-MADisoTFE1_-s3T229_-0501-00005-000001-01.nii,D:\github\IOT_Project\data\processed\volumes\train\wmIXI527-HH-2376-MADisoTFE1_-s3T229_-0501-00005-000001-01.npy,mri_IXI_480_2,1,train,113.0,137.0,113.0,128.0,128.0,128.0,success,
wmIXI528-Guys-1073-MPRAGESEN_-sIXI52_-0301-00003-000001-01,D:\github\IOT_Project\dataset\mri_IXI_480_2\wmIXI528-Guys-1073-MPRAGESEN_-sIXI52_-0301-00003-000001-01.nii,D:\github\IOT_Project\data\processed\volumes\train\wmIXI528-Guys-1073-MPRAGESEN_-sIXI52_-0301-00003-000001-01.npy,mri_IXI_480_2,1,train,113.0,137.0,113.0,128.0,128.0,128.0,success,
wmIXI531-Guys-1057-MPRAGESEN_-s427_-0301-00003-000001-01,D:\github\IOT_Project\dataset\mri_IXI_480_2\wmIXI531-Guys-1057-MPRAGESEN_-s427_-0301-00003-000001-01.nii,D:\github\IOT_Project\data\processed\volumes\train\wmIXI531-Guys-1057-MPRAGESEN_-s427_-0301-00003-000001-01.npy,mri_IXI_480_2,1,train,113.0,137.0,113.0,128.0,128.0,128.0,success,
wmIXI533-Guys-1066-MPRAGESEN_-s428_-0401-00004-000001-01,D:\github\IOT_Project\dataset\mri_IXI_480_2\wmIXI533-Guys-1066-MPRAGESEN_-s428_-0401-00004-000001-01.nii,D:\github\IOT_Project\data\processed\volumes\train\wmIXI533-Guys-1066-MPRAGESEN_-s428_-0401-00004-000001-01.npy,mri_IXI_480_2,1,train,113.0,137.0,113.0,128.0,128.0,128.0,success,
wmIXI534-Guys-1062-MPRAGESEN_-s427_-0301-00003-000001-01,D:\github\IOT_Project\dataset\mri_IXI_480_2\wmIXI534-Guys-1062-MPRAGESEN_-s427_-0301-00003-000001-01.nii,D:\github\IOT_Project\data\processed\volumes\train\wmIXI534-Guys-1062-MPRAGESEN_-s427_-0301-00003-000001-01.npy,mri_IXI_480_2,1,train,113.0,137.0,113.0,128.0,128.0,128.0,success,
wmIXI535-Guys-1061-MPRAGESEN_-s427_-0301-00003-000001-01,D:\github\IOT_Project\dataset\mri_IXI_480_2\wmIXI535-Guys-1061-MPRAGESEN_-s427_-0301-00003-000001-01.nii,D:\github\IOT_Project\data\processed\volumes\train\wmIXI535-Guys-1061-MPRAGESEN_-s427_-0301-00003-000001-01.npy,mri_IXI_480_2,1,train,113.0,137.0,113.0,128.0,128.0,128.0,success,
wmIXI537-HH-2378-MADisoTFE1_-s3T229_-0301-00003-000001-01,D:\github\IOT_Project\dataset\mri_IXI_480_2\wmIXI537-HH-2378-MADisoTFE1_-s3T229_-0301-00003-000001-01.nii,D:\github\IOT_Project\data\processed\volumes\train\wmIXI537-HH-2378-MADisoTFE1_-s3T229_-0301-00003-000001-01.npy,mri_IXI_480_2,1,train,113.0,137.0,113.0,128.0,128.0,128.0,success,
wmIXI538-HH-2411-MADisoTFE1_-s3T233_-0301-00003-000001-01,D:\github\IOT_Project\dataset\mri_IXI_480_2\wmIXI538-HH-2411-MADisoTFE1_-s3T233_-0301-00003-000001-01.nii,D:\github\IOT_Project\data\processed\volumes\train\wmIXI538-HH-2411-MADisoTFE1_-s3T233_-0301-00003-000001-01.npy,mri_IXI_480_2,1,train,113.0,137.0,113.0,128.0,128.0,128.0,success,
wmIXI541-IOP-1146-SAGFSPGR_-sIXI54_-0003-00001-000001-01,D:\github\IOT_Project\dataset\mri_IXI_480_2\wmIXI541-IOP-1146-SAGFSPGR_-sIXI54_-0003-00001-000001-01.nii,D:\github\IOT_Project\data\processed\volumes\train\wmIXI541-IOP-1146-SAGFSPGR_-sIXI54_-0003-00001-000001-01.npy,mri_IXI_480_2,1,train,113.0,137.0,113.0,128.0,128.0,128.0,success,
wmIXI542-IOP-1147-SAGFSPGR_-sIXI54_-0003-00001-000001-01,D:\github\IOT_Project\dataset\mri_IXI_480_2\wmIXI542-IOP-1147-SAGFSPGR_-sIXI54_-0003-00001-000001-01.nii,D:\github\IOT_Project\data\processed\volumes\train\wmIXI542-IOP-1147-SAGFSPGR_-sIXI54_-0003-00001-000001-01.npy,mri_IXI_480_2,1,train,113.0,137.0,113.0,128.0,128.0,128.0,success,
wmIXI543-IOP-1148-SAGFSPGR_-sIXI54_-0003-00001-000001-01,D:\github\IOT_Project\dataset\mri_IXI_480_2\wmIXI543-IOP-1148-SAGFSPGR_-sIXI54_-0003-00001-000001-01.nii,D:\github\IOT_Project\data\processed\volumes\train\wmIXI543-IOP-1148-SAGFSPGR_-sIXI54_-0003-00001-000001-01.npy,mri_IXI_480_2,1,train,113.0,137.0,113.0,128.0,128.0,128.0,success,
wmIXI544-HH-2395-MADisoTFE1_-s3T231_-0301-00003-000001-01,D:\github\IOT_Project\dataset\mri_IXI_480_2\wmIXI544-HH-2395-MADisoTFE1_-s3T231_-0301-00003-000001-01.nii,D:\github\IOT_Project\data\processed\volumes\train\wmIXI544-HH-2395-MADisoTFE1_-s3T231_-0301-00003-000001-01.npy,mri_IXI_480_2,1,train,113.0,137.0,113.0,128.0,128.0,128.0,success,
wmIXI546-HH-2450-MADisoTFE1_-s3T235_-0301-00003-000001-01,D:\github\IOT_Project\dataset\mri_IXI_480_2\wmIXI546-HH-2450-MADisoTFE1_-s3T235_-0301-00003-000001-01.nii,D:\github\IOT_Project\data\processed\volumes\train\wmIXI546-HH-2450-MADisoTFE1_-s3T235_-0301-00003-000001-01.npy,mri_IXI_480_2,1,train,113.0,137.0,113.0,128.0,128.0,128.0,success,
wmIXI547-IOP-1149-SAGFSPGR_-sIXI54_-0004-00001-000001-01,D:\github\IOT_Project\dataset\mri_IXI_480_2\wmIXI547-IOP-1149-SAGFSPGR_-sIXI54_-0004-00001-000001-01.nii,D:\github\IOT_Project\data\processed\volumes\train\wmIXI547-IOP-1149-SAGFSPGR_-sIXI54_-0004-00001-000001-01.npy,mri_IXI_480_2,1,train,113.0,137.0,113.0,128.0,128.0,128.0,success,
wmIXI549-Guys-1046-MPRAGESEN_-s426_-0301-00003-000001-01,D:\github\IOT_Project\dataset\mri_IXI_480_2\wmIXI549-Guys-1046-MPRAGESEN_-s426_-0301-00003-000001-01.nii,D:\github\IOT_Project\data\processed\volumes\train\wmIXI549-Guys-1046-MPRAGESEN_-s426_-0301-00003-000001-01.npy,mri_IXI_480_2,1,train,113.0,137.0,113.0,128.0,128.0,128.0,success,
wmIXI550-Guys-1069-MPRAGESEN_-s429_-0301-00003-000001-01,D:\github\IOT_Project\dataset\mri_IXI_480_2\wmIXI550-Guys-1069-MPRAGESEN_-s429_-0301-00003-000001-01.nii,D:\github\IOT_Project\data\processed\volumes\train\wmIXI550-Guys-1069-MPRAGESEN_-s429_-0301-00003-000001-01.npy,mri_IXI_480_2,1,train,113.0,137.0,113.0,128.0,128.0,128.0,success,
wmIXI551-Guys-1065-MPRAGESEN_-s428_-0401-00004-000001-01,D:\github\IOT_Project\dataset\mri_IXI_480_2\wmIXI551-Guys-1065-MPRAGESEN_-s428_-0401-00004-000001-01.nii,D:\github\IOT_Project\data\processed\volumes\train\wmIXI551-Guys-1065-MPRAGESEN_-s428_-0401-00004-000001-01.npy,mri_IXI_480_2,1,train,113.0,137.0,113.0,128.0,128.0,128.0,success,
wmIXI552-Guys-1063-MPRAGESEN_-s428_-0301-00003-000001-01,D:\github\IOT_Project\dataset\mri_IXI_480_2\wmIXI552-Guys-1063-MPRAGESEN_-s428_-0301-00003-000001-01.nii,D:\github\IOT_Project\data\processed\volumes\train\wmIXI552-Guys-1063-MPRAGESEN_-s428_-0301-00003-000001-01.npy,mri_IXI_480_2,1,train,113.0,137.0,113.0,128.0,128.0,128.0,success,
wmIXI554-Guys-1068-MPRAGESEN_-s429_-0301-00003-000001-01,D:\github\IOT_Project\dataset\mri_IXI_480_2\wmIXI554-Guys-1068-MPRAGESEN_-s429_-0301-00003-000001-01.nii,D:\github\IOT_Project\data\processed\volumes\train\wmIXI554-Guys-1068-MPRAGESEN_-s429_-0301-00003-000001-01.npy,mri_IXI_480_2,1,train,113.0,137.0,113.0,128.0,128.0,128.0,success,
wmIXI558-Guys-1079-MPRAGESEN_-s433_-0301-00003-000001-01,D:\github\IOT_Project\dataset\mri_IXI_480_2\wmIXI558-Guys-1079-MPRAGESEN_-s433_-0301-00003-000001-01.nii,D:\github\IOT_Project\data\processed\volumes\train\wmIXI558-Guys-1079-MPRAGESEN_-s433_-0301-00003-000001-01.npy,mri_IXI_480_2,1,train,113.0,137.0,113.0,128.0,128.0,128.0,success,
wmIXI559-HH-2394-MADisoTFE1_-s3T231_-0301-00003-000001-01,D:\github\IOT_Project\dataset\mri_IXI_480_2\wmIXI559-HH-2394-MADisoTFE1_-s3T231_-0301-00003-000001-01.nii,D:\github\IOT_Project\data\processed\volumes\train\wmIXI559-HH-2394-MADisoTFE1_-s3T231_-0301-00003-000001-01.npy,mri_IXI_480_2,1,train,113.0,137.0,113.0,128.0,128.0,128.0,success,
wmIXI561-IOP-1152-SAGFSPGR_-sIXI56_-0003-00001-000001-01,D:\github\IOT_Project\dataset\mri_IXI_480_2\wmIXI561-IOP-1152-SAGFSPGR_-sIXI56_-0003-00001-000001-01.nii,D:\github\IOT_Project\data\processed\volumes\train\wmIXI561-IOP-1152-SAGFSPGR_-sIXI56_-0003-00001-000001-01.npy,mri_IXI_480_2,1,train,113.0,137.0,113.0,128.0,128.0,128.0,success,
wmIXI563-IOP-1153-SAGFSPGR_-sIXI56_-0003-00001-000001-01,D:\github\IOT_Project\dataset\mri_IXI_480_2\wmIXI563-IOP-1153-SAGFSPGR_-sIXI56_-0003-00001-000001-01.nii,D:\github\IOT_Project\data\processed\volumes\train\wmIXI563-IOP-1153-SAGFSPGR_-sIXI56_-0003-00001-000001-01.npy,mri_IXI_480_2,1,train,113.0,137.0,113.0,128.0,128.0,128.0,success,
wmIXI565-HH-2534-MADisoTFE1_-s3T239_-0301-00003-000001-01,D:\github\IOT_Project\dataset\mri_IXI_480_2\wmIXI565-HH-2534-MADisoTFE1_-s3T239_-0301-00003-000001-01.nii,D:\github\IOT_Project\data\processed\volumes\train\wmIXI565-HH-2534-MADisoTFE1_-s3T239_-0301-00003-000001-01.npy,mri_IXI_480_2,1,train,113.0,137.0,113.0,128.0,128.0,128.0,success,
wmIXI566-HH-2535-MADisoTFE1_-s3T239_-0301-00003-000001-01,D:\github\IOT_Project\dataset\mri_IXI_480_2\wmIXI566-HH-2535-MADisoTFE1_-s3T239_-0301-00003-000001-01.nii,D:\github\IOT_Project\data\processed\volumes\train\wmIXI566-HH-2535-MADisoTFE1_-s3T239_-0301-00003-000001-01.npy,mri_IXI_480_2,1,train,113.0,137.0,113.0,128.0,128.0,128.0,success,
wmIXI567-HH-2536-MADisoTFE1_-s3T239_-0301-00003-000001-01,D:\github\IOT_Project\dataset\mri_IXI_480_2\wmIXI567-HH-2536-MADisoTFE1_-s3T239_-0301-00003-000001-01.nii,D:\github\IOT_Project\data\processed\volumes\train\wmIXI567-HH-2536-MADisoTFE1_-s3T239_-0301-00003-000001-01.npy,mri_IXI_480_2,1,train,113.0,137.0,113.0,128.0,128.0,128.0,success,
wmIXI569-Guys-1101-MPRAGESEN_-s449_-0301-00003-000001-01,D:\github\IOT_Project\dataset\mri_IXI_480_2\wmIXI569-Guys-1101-MPRAGESEN_-s449_-0301-00003-000001-01.nii,D:\github\IOT_Project\data\processed\volumes\train\wmIXI569-Guys-1101-MPRAGESEN_-s449_-0301-00003-000001-01.npy,mri_IXI_480_2,1,train,113.0,137.0,113.0,128.0,128.0,128.0,success,
wmIXI572-HH-2605-MADisoTFE1_-s3T242_-0301-00003-000001-01,D:\github\IOT_Project\dataset\mri_IXI_480_2\wmIXI572-HH-2605-MADisoTFE1_-s3T242_-0301-00003-000001-01.nii,D:\github\IOT_Project\data\processed\volumes\train\wmIXI572-HH-2605-MADisoTFE1_-s3T242_-0301-00003-000001-01.npy,mri_IXI_480_2,1,train,113.0,137.0,113.0,128.0,128.0,128.0,success,
wmIXI573-IOP-1155-SAGFSPGR_-sIXI57_-0003-00001-000001-01,D:\github\IOT_Project\dataset\mri_IXI_480_2\wmIXI573-IOP-1155-SAGFSPGR_-sIXI57_-0003-00001-000001-01.nii,D:\github\IOT_Project\data\processed\volumes\train\wmIXI573-IOP-1155-SAGFSPGR_-sIXI57_-0003-00001-000001-01.npy,mri_IXI_480_2,1,train,113.0,137.0,113.0,128.0,128.0,128.0,success,
wmIXI576-Guys-1077-MPRAGESEN_-sIXI57_-0301-00003-000001-01,D:\github\IOT_Project\dataset\mri_IXI_480_2\wmIXI576-Guys-1077-MPRAGESEN_-sIXI57_-0301-00003-000001-01.nii,D:\github\IOT_Project\data\processed\volumes\train\wmIXI576-Guys-1077-MPRAGESEN_-sIXI57_-0301-00003-000001-01.npy,mri_IXI_480_2,1,train,113.0,137.0,113.0,128.0,128.0,128.0,success,
wmIXI577-HH-2661-MADisoTFE1_-s3T246_-0301-00003-000001-01,D:\github\IOT_Project\dataset\mri_IXI_480_2\wmIXI577-HH-2661-MADisoTFE1_-s3T246_-0301-00003-000001-01.nii,D:\github\IOT_Project\data\processed\volumes\train\wmIXI577-HH-2661-MADisoTFE1_-s3T246_-0301-00003-000001-01.npy,mri_IXI_480_2,1,train,113.0,137.0,113.0,128.0,128.0,128.0,success,
wmIXI578-Guys-1078-MPRAGESEN_-s433_-0301-00003-000001-01,D:\github\IOT_Project\dataset\mri_IXI_480_2\wmIXI578-Guys-1078-MPRAGESEN_-s433_-0301-00003-000001-01.nii,D:\github\IOT_Project\data\processed\volumes\train\wmIXI578-Guys-1078-MPRAGESEN_-s433_-0301-00003-000001-01.npy,mri_IXI_480_2,1,train,113.0,137.0,113.0,128.0,128.0,128.0,success,
wmIXI586-HH-2451-MADisoTFE1_-s3T236_-0301-00003-000001-01,D:\github\IOT_Project\dataset\mri_IXI_480_2\wmIXI586-HH-2451-MADisoTFE1_-s3T236_-0301-00003-000001-01.nii,D:\github\IOT_Project\data\processed\volumes\train\wmIXI586-HH-2451-MADisoTFE1_-s3T236_-0301-00003-000001-01.npy,mri_IXI_480_2,1,train,113.0,137.0,113.0,128.0,128.0,128.0,success,
wmIXI587-Guys-1128-MPRAGESEN_-sIXI0587_-0401-00004-000001-01,D:\github\IOT_Project\dataset\mri_IXI_480_2\wmIXI587-Guys-1128-MPRAGESEN_-sIXI0587_-0401-00004-000001-01.nii,D:\github\IOT_Project\data\processed\volumes\train\wmIXI587-Guys-1128-MPRAGESEN_-sIXI0587_-0401-00004-000001-01.npy,mri_IXI_480_2,1,train,113.0,137.0,113.0,128.0,128.0,128.0,success,
wmIXI589-Guys-1080-MPRAGESEN_-sIXI58_-0301-00003-000001-01,D:\github\IOT_Project\dataset\mri_IXI_480_2\wmIXI589-Guys-1080-MPRAGESEN_-sIXI58_-0301-00003-000001-01.nii,D:\github\IOT_Project\data\processed\volumes\train\wmIXI589-Guys-1080-MPRAGESEN_-sIXI58_-0301-00003-000001-01.npy,mri_IXI_480_2,1,train,113.0,137.0,113.0,128.0,128.0,128.0,success,
wmIXI592-Guys-1085-MPRAGESEN_-sIXI59_-0301-00003-000001-01,D:\github\IOT_Project\dataset\mri_IXI_480_2\wmIXI592-Guys-1085-MPRAGESEN_-sIXI59_-0301-00003-000001-01.nii,D:\github\IOT_Project\data\processed\volumes\train\wmIXI592-Guys-1085-MPRAGESEN_-sIXI59_-0301-00003-000001-01.npy,mri_IXI_480_2,1,train,113.0,137.0,113.0,128.0,128.0,128.0,success,
wmIXI593-Guys-1109-MPRAGESEN_-sIXI0593_-0301-00003-000001-01,D:\github\IOT_Project\dataset\mri_IXI_480_2\wmIXI593-Guys-1109-MPRAGESEN_-sIXI0593_-0301-00003-000001-01.nii,D:\github\IOT_Project\data\processed\volumes\train\wmIXI593-Guys-1109-MPRAGESEN_-sIXI0593_-0301-00003-000001-01.npy,mri_IXI_480_2,1,train,113.0,137.0,113.0,128.0,128.0,128.0,success,
wmIXI594-Guys-1089-MPRAGESEN_-s445_-0301-00003-000001-01,D:\github\IOT_Project\dataset\mri_IXI_480_2\wmIXI594-Guys-1089-MPRAGESEN_-s445_-0301-00003-000001-01.nii,D:\github\IOT_Project\data\processed\volumes\train\wmIXI594-Guys-1089-MPRAGESEN_-s445_-0301-00003-000001-01.npy,mri_IXI_480_2,1,train,113.0,137.0,113.0,128.0,128.0,128.0,success,
wmIXI595-IOP-1159-SAGFSPGR_-sIXI59_-0003-00001-000001-01,D:\github\IOT_Project\dataset\mri_IXI_480_2\wmIXI595-IOP-1159-SAGFSPGR_-sIXI59_-0003-00001-000001-01.nii,D:\github\IOT_Project\data\processed\volumes\train\wmIXI595-IOP-1159-SAGFSPGR_-sIXI59_-0003-00001-000001-01.npy,mri_IXI_480_2,1,train,113.0,137.0,113.0,128.0,128.0,128.0,success,
wmIXI596-IOP-1160-SAGFSPGR_-sIXI59_-0003-00001-000001-01,D:\github\IOT_Project\dataset\mri_IXI_480_2\wmIXI596-IOP-1160-SAGFSPGR_-sIXI59_-0003-00001-000001-01.nii,D:\github\IOT_Project\data\processed\volumes\train\wmIXI596-IOP-1160-SAGFSPGR_-sIXI59_-0003-00001-000001-01.npy,mri_IXI_480_2,1,train,113.0,137.0,113.0,128.0,128.0,128.0,success,
wmIXI598-HH-2606-MADisoTFE1_-s3T242_-0301-00003-000001-01,D:\github\IOT_Project\dataset\mri_IXI_480_2\wmIXI598-HH-2606-MADisoTFE1_-s3T242_-0301-00003-000001-01.nii,D:\github\IOT_Project\data\processed\volumes\train\wmIXI598-HH-2606-MADisoTFE1_-s3T242_-0301-00003-000001-01.npy,mri_IXI_480_2,1,train,113.0,137.0,113.0,128.0,128.0,128.0,success,
wmIXI599-HH-2659-MADisoTFE1_-s3T246_-0301-00003-000001-01,D:\github\IOT_Project\dataset\mri_IXI_480_2\wmIXI599-HH-2659-MADisoTFE1_-s3T246_-0301-00003-000001-01.nii,D:\github\IOT_Project\data\processed\volumes\train\wmIXI599-HH-2659-MADisoTFE1_-s3T246_-0301-00003-000001-01.npy,mri_IXI_480_2,1,train,113.0,137.0,113.0,128.0,128.0,128.0,success,
wmIXI600-HH-2660-MADisoTFE1_-s3T246_-0301-00003-000001-01,D:\github\IOT_Project\dataset\mri_IXI_480_2\wmIXI600-HH-2660-MADisoTFE1_-s3T246_-0301-00003-000001-01.nii,D:\github\IOT_Project\data\processed\volumes\train\wmIXI600-HH-2660-MADisoTFE1_-s3T246_-0301-00003-000001-01.npy,mri_IXI_480_2,1,train,113.0,137.0,113.0,128.0,128.0,128.0,success,
wmIXI606-HH-2601-MADisoTFE1_-s3T242_-0301-00003-000001-01,D:\github\IOT_Project\dataset\mri_IXI_480_2\wmIXI606-HH-2601-MADisoTFE1_-s3T242_-0301-00003-000001-01.nii,D:\github\IOT_Project\data\processed\volumes\train\wmIXI606-HH-2601-MADisoTFE1_-s3T242_-0301-00003-000001-01.npy,mri_IXI_480_2,1,train,113.0,137.0,113.0,128.0,128.0,128.0,success,
wmIXI607-Guys-1097-MPRAGESEN_-s445_-0301-00003-000001-01,D:\github\IOT_Project\dataset\mri_IXI_480_2\wmIXI607-Guys-1097-MPRAGESEN_-s445_-0301-00003-000001-01.nii,D:\github\IOT_Project\data\processed\volumes\train\wmIXI607-Guys-1097-MPRAGESEN_-s445_-0301-00003-000001-01.npy,mri_IXI_480_2,1,train,113.0,137.0,113.0,128.0,128.0,128.0,success,
wmIXI608-HH-2599-MADisoTFE1_-s3T242_-0301-00003-000001-01,D:\github\IOT_Project\dataset\mri_IXI_480_2\wmIXI608-HH-2599-MADisoTFE1_-s3T242_-0301-00003-000001-01.nii,D:\github\IOT_Project\data\processed\volumes\train\wmIXI608-HH-2599-MADisoTFE1_-s3T242_-0301-00003-000001-01.npy,mri_IXI_480_2,1,train,113.0,137.0,113.0,128.0,128.0,128.0,success,
wmIXI609-HH-2600-MADisoTFE1_-s3T242_-0301-00003-000001-01,D:\github\IOT_Project\dataset\mri_IXI_480_2\wmIXI609-HH-2600-MADisoTFE1_-s3T242_-0301-00003-000001-01.nii,D:\github\IOT_Project\data\processed\volumes\train\wmIXI609-HH-2600-MADisoTFE1_-s3T242_-0301-00003-000001-01.npy,mri_IXI_480_2,1,train,113.0,137.0,113.0,128.0,128.0,128.0,success,
wmIXI610-HH-2649-MADisoTFE1_-s3T245_-0301-00003-000001-01,D:\github\IOT_Project\dataset\mri_IXI_480_2\wmIXI610-HH-2649-MADisoTFE1_-s3T245_-0301-00003-000001-01.nii,D:\github\IOT_Project\data\processed\volumes\train\wmIXI610-HH-2649-MADisoTFE1_-s3T245_-0301-00003-000001-01.npy,mri_IXI_480_2,1,train,113.0,137.0,113.0,128.0,128.0,128.0,success,
wmIXI611-HH-2650-MADisoTFE1_-s3T245_-0301-00003-000001-01,D:\github\IOT_Project\dataset\mri_IXI_480_2\wmIXI611-HH-2650-MADisoTFE1_-s3T245_-0301-00003-000001-01.nii,D:\github\IOT_Project\data\processed\volumes\train\wmIXI611-HH-2650-MADisoTFE1_-s3T245_-0301-00003-000001-01.npy,mri_IXI_480_2,1,train,113.0,137.0,113.0,128.0,128.0,128.0,success,
wmIXI614-HH-2735-MADisoTFE1_-s3T251_-0301-00003-000001-01,D:\github\IOT_Project\dataset\mri_IXI_480_2\wmIXI614-HH-2735-MADisoTFE1_-s3T251_-0301-00003-000001-01.nii,D:\github\IOT_Project\data\processed\volumes\train\wmIXI614-HH-2735-MADisoTFE1_-s3T251_-0301-00003-000001-01.npy,mri_IXI_480_2,1,train,113.0,137.0,113.0,128.0,128.0,128.0,success,
wmIXI616-Guys-1092-MPRAGESEN_-s445_-0301-00003-000001-01,D:\github\IOT_Project\dataset\mri_IXI_480_2\wmIXI616-Guys-1092-MPRAGESEN_-s445_-0301-00003-000001-01.nii,D:\github\IOT_Project\data\processed\volumes\train\wmIXI616-Guys-1092-MPRAGESEN_-s445_-0301-00003-000001-01.npy,mri_IXI_480_2,1,train,113.0,137.0,113.0,128.0,128.0,128.0,success,
wmIXI617-Guys-1090-MPRAGESEN_-s445_-0301-00003-000001-01,D:\github\IOT_Project\dataset\mri_IXI_480_2\wmIXI617-Guys-1090-MPRAGESEN_-s445_-0301-00003-000001-01.nii,D:\github\IOT_Project\data\processed\volumes\train\wmIXI617-Guys-1090-MPRAGESEN_-s445_-0301-00003-000001-01.npy,mri_IXI_480_2,1,train,113.0,137.0,113.0,128.0,128.0,128.0,success,
wmIXI618-Guys-1091-MPRAGESEN_-s445_-0301-00003-000001-01,D:\github\IOT_Project\dataset\mri_IXI_480_2\wmIXI618-Guys-1091-MPRAGESEN_-s445_-0301-00003-000001-01.nii,D:\github\IOT_Project\data\processed\volumes\train\wmIXI618-Guys-1091-MPRAGESEN_-s445_-0301-00003-000001-01.npy,mri_IXI_480_2,1,train,113.0,137.0,113.0,128.0,128.0,128.0,success,
wmIXI621-Guys-1100-MPRAGESEN_-sIXI62_-0301-00003-000001-01,D:\github\IOT_Project\dataset\mri_IXI_480_2\wmIXI621-Guys-1100-MPRAGESEN_-sIXI62_-0301-00003-000001-01.nii,D:\github\IOT_Project\data\processed\volumes\train\wmIXI621-Guys-1100-MPRAGESEN_-sIXI62_-0301-00003-000001-01.npy,mri_IXI_480_2,1,train,113.0,137.0,113.0,128.0,128.0,128.0,success,
wmIXI623-Guys-1076-MPRAGESEN_-sIXI60_-0301-00003-000001-01,D:\github\IOT_Project\dataset\mri_IXI_480_2\wmIXI623-Guys-1076-MPRAGESEN_-sIXI60_-0301-00003-000001-01.nii,D:\github\IOT_Project\data\processed\volumes\train\wmIXI623-Guys-1076-MPRAGESEN_-sIXI60_-0301-00003-000001-01.npy,mri_IXI_480_2,1,train,113.0,137.0,113.0,128.0,128.0,128.0,success,
wmIXI625-Guys-1098-MPRAGESEN_-sIXI624_-0301-00003-000001-01,D:\github\IOT_Project\dataset\mri_IXI_480_2\wmIXI625-Guys-1098-MPRAGESEN_-sIXI624_-0301-00003-000001-01.nii,D:\github\IOT_Project\data\processed\volumes\train\wmIXI625-Guys-1098-MPRAGESEN_-sIXI624_-0301-00003-000001-01.npy,mri_IXI_480_2,1,train,113.0,137.0,113.0,128.0,128.0,128.0,success,
wmIXI626-Guys-1094-MPRAGESEN_-s447_-0301-00003-000001-01,D:\github\IOT_Project\dataset\mri_IXI_480_2\wmIXI626-Guys-1094-MPRAGESEN_-s447_-0301-00003-000001-01.nii,D:\github\IOT_Project\data\processed\volumes\train\wmIXI626-Guys-1094-MPRAGESEN_-s447_-0301-00003-000001-01.npy,mri_IXI_480_2,1,train,113.0,137.0,113.0,128.0,128.0,128.0,success,
wmIXI627-Guys-1103-MPRAGESEN_-s450_-0301-00003-000001-01,D:\github\IOT_Project\dataset\mri_IXI_480_2\wmIXI627-Guys-1103-MPRAGESEN_-s450_-0301-00003-000001-01.nii,D:\github\IOT_Project\data\processed\volumes\train\wmIXI627-Guys-1103-MPRAGESEN_-s450_-0301-00003-000001-01.npy,mri_IXI_480_2,1,train,113.0,137.0,113.0,128.0,128.0,128.0,success,
wmIXI629-Guys-1095-MPRAGESEN_-sIXI62_-0301-00003-000001-01,D:\github\IOT_Project\dataset\mri_IXI_480_2\wmIXI629-Guys-1095-MPRAGESEN_-sIXI62_-0301-00003-000001-01.nii,D:\github\IOT_Project\data\processed\volumes\train\wmIXI629-Guys-1095-MPRAGESEN_-sIXI62_-0301-00003-000001-01.npy,mri_IXI_480_2,1,train,113.0,137.0,113.0,128.0,128.0,128.0,success,
wmIXI631-HH-2651-MADisoTFE1_-s3T245_-0301-00003-000001-01,D:\github\IOT_Project\dataset\mri_IXI_480_2\wmIXI631-HH-2651-MADisoTFE1_-s3T245_-0301-00003-000001-01.nii,D:\github\IOT_Project\data\processed\volumes\train\wmIXI631-HH-2651-MADisoTFE1_-s3T245_-0301-00003-000001-01.npy,mri_IXI_480_2,1,train,113.0,137.0,113.0,128.0,128.0,128.0,success,
wmIXI632-HH-2652-MADisoTFE1_-s3T245_-0301-00003-000001-01,D:\github\IOT_Project\dataset\mri_IXI_480_2\wmIXI632-HH-2652-MADisoTFE1_-s3T245_-0301-00003-000001-01.nii,D:\github\IOT_Project\data\processed\volumes\train\wmIXI632-HH-2652-MADisoTFE1_-s3T245_-0301-00003-000001-01.npy,mri_IXI_480_2,1,train,113.0,137.0,113.0,128.0,128.0,128.0,success,
wmIXI633-HH-2689-MADisoTFE1_-s3T247_-0301-00003-000001-01,D:\github\IOT_Project\dataset\mri_IXI_480_2\wmIXI633-HH-2689-MADisoTFE1_-s3T247_-0301-00003-000001-01.nii,D:\github\IOT_Project\data\processed\volumes\train\wmIXI633-HH-2689-MADisoTFE1_-s3T247_-0301-00003-000001-01.npy,mri_IXI_480_2,1,train,113.0,137.0,113.0,128.0,128.0,128.0,success,
wmIXI634-HH-2690-MADisoTFE1_-s3T247_-0301-00003-000001-01,D:\github\IOT_Project\dataset\mri_IXI_480_2\wmIXI634-HH-2690-MADisoTFE1_-s3T247_-0301-00003-000001-01.nii,D:\github\IOT_Project\data\processed\volumes\train\wmIXI634-HH-2690-MADisoTFE1_-s3T247_-0301-00003-000001-01.npy,mri_IXI_480_2,1,train,113.0,137.0,113.0,128.0,128.0,128.0,success,
wmIXI635-HH-2691-MADisoTFE1_-s3T247_-0301-00003-000001-01,D:\github\IOT_Project\dataset\mri_IXI_480_2\wmIXI635-HH-2691-MADisoTFE1_-s3T247_-0301-00003-000001-01.nii,D:\github\IOT_Project\data\processed\volumes\train\wmIXI635-HH-2691-MADisoTFE1_-s3T247_-0301-00003-000001-01.npy,mri_IXI_480_2,1,train,113.0,137.0,113.0,128.0,128.0,128.0,success,
wmIXI636-HH-2733-MADisoTFE1_-s3T251_-0301-00003-000001-01,D:\github\IOT_Project\dataset\mri_IXI_480_2\wmIXI636-HH-2733-MADisoTFE1_-s3T251_-0301-00003-000001-01.nii,D:\github\IOT_Project\data\processed\volumes\train\wmIXI636-HH-2733-MADisoTFE1_-s3T251_-0301-00003-000001-01.npy,mri_IXI_480_2,1,train,113.0,137.0,113.0,128.0,128.0,128.0,success,
wmIXI637-HH-2785-MADisoTFE1_-s3T253_-0301-00003-000001-01,D:\github\IOT_Project\dataset\mri_IXI_480_2\wmIXI637-HH-2785-MADisoTFE1_-s3T253_-0301-00003-000001-01.nii,D:\github\IOT_Project\data\processed\volumes\train\wmIXI637-HH-2785-MADisoTFE1_-s3T253_-0301-00003-000001-01.npy,mri_IXI_480_2,1,train,113.0,137.0,113.0,128.0,128.0,128.0,success,
wmIXI638-HH-2786-MADisoTFE1_-s3T253_-0301-00003-000001-01,D:\github\IOT_Project\dataset\mri_IXI_480_2\wmIXI638-HH-2786-MADisoTFE1_-s3T253_-0301-00003-000001-01.nii,D:\github\IOT_Project\data\processed\volumes\train\wmIXI638-HH-2786-MADisoTFE1_-s3T253_-0301-00003-000001-01.npy,mri_IXI_480_2,1,train,113.0,137.0,113.0,128.0,128.0,128.0,success,
wmIXI640-Guys-1106-MPRAGESEN_-s452_-0301-00003-000001-01,D:\github\IOT_Project\dataset\mri_IXI_480_2\wmIXI640-Guys-1106-MPRAGESEN_-s452_-0301-00003-000001-01.nii,D:\github\IOT_Project\data\processed\volumes\train\wmIXI640-Guys-1106-MPRAGESEN_-s452_-0301-00003-000001-01.npy,mri_IXI_480_2,1,train,113.0,137.0,113.0,128.0,128.0,128.0,success,
wmIXI642-Guys-1104-MPRAGESEN_-s451_-0401-00004-000001-01,D:\github\IOT_Project\dataset\mri_IXI_480_2\wmIXI642-Guys-1104-MPRAGESEN_-s451_-0401-00004-000001-01.nii,D:\github\IOT_Project\data\processed\volumes\train\wmIXI642-Guys-1104-MPRAGESEN_-s451_-0401-00004-000001-01.npy,mri_IXI_480_2,1,train,113.0,137.0,113.0,128.0,128.0,128.0,success,
wmIXI643-HH-2787-MADisoTFE1_-s3T253_-0301-00003-000001-01,D:\github\IOT_Project\dataset\mri_IXI_480_2\wmIXI643-HH-2787-MADisoTFE1_-s3T253_-0301-00003-000001-01.nii,D:\github\IOT_Project\data\processed\volumes\train\wmIXI643-HH-2787-MADisoTFE1_-s3T253_-0301-00003-000001-01.npy,mri_IXI_480_2,1,train,113.0,137.0,113.0,128.0,128.0,128.0,success,
wmIXI644-Guys-1121-MPRAGESEN_-s455_-0301-00003-000001-01,D:\github\IOT_Project\dataset\mri_IXI_480_2\wmIXI644-Guys-1121-MPRAGESEN_-s455_-0301-00003-000001-01.nii,D:\github\IOT_Project\data\processed\volumes\train\wmIXI644-Guys-1121-MPRAGESEN_-s455_-0301-00003-000001-01.npy,mri_IXI_480_2,1,train,113.0,137.0,113.0,128.0,128.0,128.0,success,
wmIXI648-Guys-1107-MPRAGESEN_-sIXI0648_-0301-00003-000001-01,D:\github\IOT_Project\dataset\mri_IXI_480_2\wmIXI648-Guys-1107-MPRAGESEN_-sIXI0648_-0301-00003-000001-01.nii,D:\github\IOT_Project\data\processed\volumes\train\wmIXI648-Guys-1107-MPRAGESEN_-sIXI0648_-0301-00003-000001-01.npy,mri_IXI_480_2,1,train,113.0,137.0,113.0,128.0,128.0,128.0,success,
wmIXI651-Guys-1118-MPRAGESEN_-s454_-0301-00003-000001-01,D:\github\IOT_Project\dataset\mri_IXI_480_2\wmIXI651-Guys-1118-MPRAGESEN_-s454_-0301-00003-000001-01.nii,D:\github\IOT_Project\data\processed\volumes\train\wmIXI651-Guys-1118-MPRAGESEN_-s454_-0301-00003-000001-01.npy,mri_IXI_480_2,1,train,113.0,137.0,113.0,128.0,128.0,128.0,success,
wmIXI661-HH-2788-MADisoTFE1_-s3T253_-0301-00003-000001-01,D:\github\IOT_Project\dataset\mri_IXI_480_2\wmIXI661-HH-2788-MADisoTFE1_-s3T253_-0301-00003-000001-01.nii,D:\github\IOT_Project\data\processed\volumes\train\wmIXI661-HH-2788-MADisoTFE1_-s3T253_-0301-00003-000001-01.npy,mri_IXI_480_2,1,train,113.0,137.0,113.0,128.0,128.0,128.0,success,
wmIXI662-Guys-1120-MPRAGESEN_-s455_-0301-00003-000001-01,D:\github\IOT_Project\dataset\mri_IXI_480_2\wmIXI662-Guys-1120-MPRAGESEN_-s455_-0301-00003-000001-01.nii,D:\github\IOT_Project\data\processed\volumes\train\wmIXI662-Guys-1120-MPRAGESEN_-s455_-0301-00003-000001-01.npy,mri_IXI_480_2,1,train,113.0,137.0,113.0,128.0,128.0,128.0,success,
lh.ppIXI319-Guys-0901-MPRAGESEN_-s306_-0301-00003-000001-01,D:\github\IOT_Project\dataset\mr_IXI_480i\lh.ppIXI319-Guys-0901-MPRAGESEN_-s306_-0301-00003-000001-01.nii,D:\github\IOT_Project\data\processed\volumes\val\lh.ppIXI319-Guys-0901-MPRAGESEN_-s306_-0301-00003-000001-01.npy,mr_IXI_480i,0,val,256.0,256.0,150.0,128.0,128.0,128.0,success,
mwp1IXI151-Guys-0793-T1,D:\github\IOT_Project\dataset\mr_IXI_480i\mwp1IXI151-Guys-0793-T1.nii,D:\github\IOT_Project\data\processed\volumes\val\mwp1IXI151-Guys-0793-T1.npy,mr_IXI_480i,0,val,113.0,137.0,113.0,128.0,128.0,128.0,success,
mwp1IXI180-HH-1605-IXIMADisoTFE12_-s3T151_-0301-00003-000001-01,D:\github\IOT_Project\dataset\mr_IXI_480i\mwp1IXI180-HH-1605-IXIMADisoTFE12_-s3T151_-0301-00003-000001-01.nii,D:\github\IOT_Project\data\processed\volumes\val\mwp1IXI180-HH-1605-IXIMADisoTFE12_-s3T151_-0301-00003-000001-01.npy,mr_IXI_480i,0,val,113.0,137.0,113.0,128.0,128.0,128.0,success,
mwp1IXI191-Guys-0801-MPRAGESEN_-s252_-0301-00003-000001-01,D:\github\IOT_Project\dataset\mr_IXI_480i\mwp1IXI191-Guys-0801-MPRAGESEN_-s252_-0301-00003-000001-01.nii,D:\github\IOT_Project\data\processed\volumes\val\mwp1IXI191-Guys-0801-MPRAGESEN_-s252_-0301-00003-000001-01.npy,mr_IXI_480i,0,val,113.0,137.0,113.0,128.0,128.0,128.0,success,
mwp1IXI200-Guys-0812-MPRAGESEN_-s254_-0401-00004-000001-01,D:\github\IOT_Project\dataset\mr_IXI_480i\mwp1IXI200-Guys-0812-MPRAGESEN_-s254_-0401-00004-000001-01.nii,D:\github\IOT_Project\data\processed\volumes\val\mwp1IXI200-Guys-0812-MPRAGESEN_-s254_-0401-00004-000001-01.npy,mr_IXI_480i,0,val,113.0,137.0,113.0,128.0,128.0,128.0,success,
mwp1IXI206-HH-1650-IXIMADisoTFE12_-s3T156_-0301-00003-000001-01,D:\github\IOT_Project\dataset\mr_IXI_480i\mwp1IXI206-HH-1650-IXIMADisoTFE12_-s3T156_-0301-00003-000001-01.nii,D:\github\IOT_Project\data\processed\volumes\val\mwp1IXI206-HH-1650-IXIMADisoTFE12_-s3T156_-0301-00003-000001-01.npy,mr_IXI_480i,0,val,113.0,137.0,113.0,128.0,128.0,128.0,success,
mwp1IXI217-HH-1638-IXIMADisoTFE12_-s3T154_-0301-00003-000001-01,D:\github\IOT_Project\dataset\mr_IXI_480i\mwp1IXI217-HH-1638-IXIMADisoTFE12_-s3T154_-0301-00003-000001-01.nii,D:\github\IOT_Project\data\processed\volumes\val\mwp1IXI217-HH-1638-IXIMADisoTFE12_-s3T154_-0301-00003-000001-01.npy,mr_IXI_480i,0,val,113.0,137.0,113.0,128.0,128.0,128.0,success,
mwp1IXI225-Guys-0832-MPRAGESEN_-s257_-0301-00003-000001-01,D:\github\IOT_Project\dataset\mr_IXI_480i\mwp1IXI225-Guys-0832-MPRAGESEN_-s257_-0301-00003-000001-01.nii,D:\github\IOT_Project\data\processed\volumes\val\mwp1IXI225-Guys-0832-MPRAGESEN_-s257_-0301-00003-000001-01.npy,mr_IXI_480i,0,val,113.0,137.0,113.0,128.0,128.0,128.0,success,
mwp1IXI229-Guys-0980-MPRAGESEN_-s416_-0301-00003-000001-01,D:\github\IOT_Project\dataset\mr_IXI_480i\mwp1IXI229-Guys-0980-MPRAGESEN_-s416_-0301-00003-000001-01.nii,D:\github\IOT_Project\data\processed\volumes\val\mwp1IXI229-Guys-0980-MPRAGESEN_-s416_-0301-00003-000001-01.npy,mr_IXI_480i,0,val,113.0,137.0,113.0,128.0,128.0,128.0,success,
mwp1IXI247-Guys-0838-MPRAGESEN_-s259_-0301-00003-000001-01,D:\github\IOT_Project\dataset\mr_IXI_480i\mwp1IXI247-Guys-0838-MPRAGESEN_-s259_-0301-00003-000001-01.nii,D:\github\IOT_Project\data\processed\volumes\val\mwp1IXI247-Guys-0838-MPRAGESEN_-s259_-0301-00003-000001-01.npy,mr_IXI_480i,0,val,113.0,137.0,113.0,128.0,128.0,128.0,success,
mwp1IXI249-Guys-1072-MPRAGESEN_-sIXI24_-0301-00003-000001-01,D:\github\IOT_Project\dataset\mr_IXI_480i\mwp1IXI249-Guys-1072-MPRAGESEN_-sIXI24_-0301-00003-000001-01.nii,D:\github\IOT_Project\data\processed\volumes\val\mwp1IXI249-Guys-1072-MPRAGESEN_-sIXI24_-0301-00003-000001-01.npy,mr_IXI_480i,0,val,113.0,137.0,113.0,128.0,128.0,128.0,success,
mwp1IXI260-HH-1805-MADisoTFE1_-s3T170_-0301-00003-000001-01,D:\github\IOT_Project\dataset\mr_IXI_480i\mwp1IXI260-HH-1805-MADisoTFE1_-s3T170_-0301-00003-000001-01.nii,D:\github\IOT_Project\data\processed\volumes\val\mwp1IXI260-HH-1805-MADisoTFE1_-s3T170_-0301-00003-000001-01.npy,mr_IXI_480i,0,val,113.0,137.0,113.0,128.0,128.0,128.0,success,
mwp1IXI264-Guys-0854-MPRAGESEN_-s294_-0301-00003-000001-01,D:\github\IOT_Project\dataset\mr_IXI_480i\mwp1IXI264-Guys-0854-MPRAGESEN_-s294_-0301-00003-000001-01.nii,D:\github\IOT_Project\data\processed\volumes\val\mwp1IXI264-Guys-0854-MPRAGESEN_-s294_-0301-00003-000001-01.npy,mr_IXI_480i,0,val,113.0,137.0,113.0,128.0,128.0,128.0,success,
mwp1IXI269-Guys-0839-MPRAGESEN_-s259_-0301-00003-000001-01,D:\github\IOT_Project\dataset\mr_IXI_480i\mwp1IXI269-Guys-0839-MPRAGESEN_-s259_-0301-00003-000001-01.nii,D:\github\IOT_Project\data\processed\volumes\val\mwp1IXI269-Guys-0839-MPRAGESEN_-s259_-0301-00003-000001-01.npy,mr_IXI_480i,0,val,113.0,137.0,113.0,128.0,128.0,128.0,success,
mwp1IXI275-HH-1803-MADisoTFE1_-s3T170_-0401-00004-000001-01,D:\github\IOT_Project\dataset\mr_IXI_480i\mwp1IXI275-HH-1803-MADisoTFE1_-s3T170_-0401-00004-000001-01.nii,D:\github\IOT_Project\data\processed\volumes\val\mwp1IXI275-HH-1803-MADisoTFE1_-s3T170_-0401-00004-000001-01.npy,mr_IXI_480i,0,val,113.0,137.0,113.0,128.0,128.0,128.0,success,
mwp1IXI276-HH-1840-MADisoTFE1_-s3T174_-0401-00004-000001-01,D:\github\IOT_Project\dataset\mr_IXI_480i\mwp1IXI276-HH-1840-MADisoTFE1_-s3T174_-0401-00004-000001-01.nii,D:\github\IOT_Project\data\processed\volumes\val\mwp1IXI276-HH-1840-MADisoTFE1_-s3T174_-0401-00004-000001-01.npy,mr_IXI_480i,0,val,113.0,137.0,113.0,128.0,128.0,128.0,success,
mwp1IXI287-Guys-0863-MPRAGESEN_-s298_-0301-00003-000001-01,D:\github\IOT_Project\dataset\mr_IXI_480i\mwp1IXI287-Guys-0863-MPRAGESEN_-s298_-0301-00003-000001-01.nii,D:\github\IOT_Project\data\processed\volumes\val\mwp1IXI287-Guys-0863-MPRAGESEN_-s298_-0301-00003-000001-01.npy,mr_IXI_480i,0,val,113.0,137.0,113.0,128.0,128.0,128.0,success,
mwp1IXI292-IOP-0877-SAGFSPGR_-sIXI29_-0003-00001-000001-01,D:\github\IOT_Project\dataset\mr_IXI_480i\mwp1IXI292-IOP-0877-SAGFSPGR_-sIXI29_-0003-00001-000001-01.nii,D:\github\IOT_Project\data\processed\volumes\val\mwp1IXI292-IOP-0877-SAGFSPGR_-sIXI29_-0003-00001-000001-01.npy,mr_IXI_480i,0,val,113.0,137.0,113.0,128.0,128.0,128.0,success,
mwp1IXI302-HH-1883-MADisoTFE1_-s3T178_-0301-00003-000001-01,D:\github\IOT_Project\dataset\mr_IXI_480i\mwp1IXI302-HH-1883-MADisoTFE1_-s3T178_-0301-00003-000001-01.nii,D:\github\IOT_Project\data\processed\volumes\val\mwp1IXI302-HH-1883-MADisoTFE1_-s3T178_-0301-00003-000001-01.npy,mr_IXI_480i,0,val,113.0,137.0,113.0,128.0,128.0,128.0,success,
mwp1IXI315-IOP-0888-SAGFSPGR_-sIXI31_-0003-00001-000001-01,D:\github\IOT_Project\dataset\mr_IXI_480i\mwp1IXI315-IOP-0888-SAGFSPGR_-sIXI31_-0003-00001-000001-01.nii,D:\github\IOT_Project\data\processed\volumes\val\mwp1IXI315-IOP-0888-SAGFSPGR_-sIXI31_-0003-00001-000001-01.npy,mr_IXI_480i,0,val,113.0,137.0,113.0,128.0,128.0,128.0,success,
mwp1IXI320-Guys-0902-MPRAGESEN_-s306_-0301-00003-000001-01,D:\github\IOT_Project\dataset\mr_IXI_480i\mwp1IXI320-Guys-0902-MPRAGESEN_-s306_-0301-00003-000001-01.nii,D:\github\IOT_Project\data\processed\volumes\val\mwp1IXI320-Guys-0902-MPRAGESEN_-s306_-0301-00003-000001-01.npy,mr_IXI_480i,0,val,113.0,137.0,113.0,128.0,128.0,128.0,success,
mwp1IXI329-HH-1908-MADisoTFE1_-s3T181_-0301-00003-000001-01,D:\github\IOT_Project\dataset\mr_IXI_480i\mwp1IXI329-HH-1908-MADisoTFE1_-s3T181_-0301-00003-000001-01.nii,D:\github\IOT_Project\data\processed\volumes\val\mwp1IXI329-HH-1908-MADisoTFE1_-s3T181_-0301-00003-000001-01.npy,mr_IXI_480i,0,val,113.0,137.0,113.0,128.0,128.0,128.0,success,
mwp1IXI433-IOP-0989-SAGFSPGR_-sIXI43_-0003-00001-000001-01,D:\github\IOT_Project\dataset\mr_IXI_480i\mwp1IXI433-IOP-0989-SAGFSPGR_-sIXI43_-0003-00001-000001-01.nii,,mr_IXI_480i,0,val,,,,,,,failed,"Whoops, not enough data in file"
mwp1IXI435-IOP-1040-SAGFSPGR_-sIXI43_-0003-00001-000001-01,D:\github\IOT_Project\dataset\mr_IXI_480i\mwp1IXI435-IOP-1040-SAGFSPGR_-sIXI43_-0003-00001-000001-01.nii,D:\github\IOT_Project\data\processed\volumes\val\mwp1IXI435-IOP-1040-SAGFSPGR_-sIXI43_-0003-00001-000001-01.npy,mr_IXI_480i,0,val,113.0,137.0,113.0,128.0,128.0,128.0,success,
mwp1IXI436-HH-2153-MADisoTFE1_-s3T207_-0301-00003-000001-01,D:\github\IOT_Project\dataset\mr_IXI_480i\mwp1IXI436-HH-2153-MADisoTFE1_-s3T207_-0301-00003-000001-01.nii,D:\github\IOT_Project\data\processed\volumes\val\mwp1IXI436-HH-2153-MADisoTFE1_-s3T207_-0301-00003-000001-01.npy,mr_IXI_480i,0,val,113.0,137.0,113.0,128.0,128.0,128.0,success,
mwp1IXI440-HH-2127-MADisoTFE1_-s3T204_-0301-00003-000001-01,D:\github\IOT_Project\dataset\mr_IXI_480i\mwp1IXI440-HH-2127-MADisoTFE1_-s3T204_-0301-00003-000001-01.nii,D:\github\IOT_Project\data\processed\volumes\val\mwp1IXI440-HH-2127-MADisoTFE1_-s3T204_-0301-00003-000001-01.npy,mr_IXI_480i,0,val,113.0,137.0,113.0,128.0,128.0,128.0,success,
mwp1IXI448-HH-2393-MADisoTFE1_-s3T231_-0301-00003-000001-01,D:\github\IOT_Project\dataset\mr_IXI_480i\mwp1IXI448-HH-2393-MADisoTFE1_-s3T231_-0301-00003-000001-01.nii,D:\github\IOT_Project\data\processed\volumes\val\mwp1IXI448-HH-2393-MADisoTFE1_-s3T231_-0301-00003-000001-01.npy,mr_IXI_480i,0,val,113.0,137.0,113.0,128.0,128.0,128.0,success,
mwp1IXI450-Guys-1093-MPRAGESEN_-s447_-0301-00003-000001-01,D:\github\IOT_Project\dataset\mr_IXI_480i\mwp1IXI450-Guys-1093-MPRAGESEN_-s447_-0301-00003-000001-01.nii,D:\github\IOT_Project\data\processed\volumes\val\mwp1IXI450-Guys-1093-MPRAGESEN_-s447_-0301-00003-000001-01.npy,mr_IXI_480i,0,val,113.0,137.0,113.0,128.0,128.0,128.0,success,
mwp1IXI451-HH-2212-MADisoTFE1_-s3T216_-0301-00003-000001-01,D:\github\IOT_Project\dataset\mr_IXI_480i\mwp1IXI451-HH-2212-MADisoTFE1_-s3T216_-0301-00003-000001-01.nii,D:\github\IOT_Project\data\processed\volumes\val\mwp1IXI451-HH-2212-MADisoTFE1_-s3T216_-0301-00003-000001-01.npy,mr_IXI_480i,0,val,113.0,137.0,113.0,128.0,128.0,128.0,success,
mwp1IXI453-HH-2214-MADisoTFE1_-s3T216_-0301-00003-000001-01,D:\github\IOT_Project\dataset\mr_IXI_480i\mwp1IXI453-HH-2214-MADisoTFE1_-s3T216_-0301-00003-000001-01.nii,D:\github\IOT_Project\data\processed\volumes\val\mwp1IXI453-HH-2214-MADisoTFE1_-s3T216_-0301-00003-000001-01.npy,mr_IXI_480i,0,val,113.0,137.0,113.0,128.0,128.0,128.0,success,
mwp1IXI464-IOP-1029-SAGFSPGR_-sIXI46_-0003-00001-000001-01,D:\github\IOT_Project\dataset\mr_IXI_480i\mwp1IXI464-IOP-1029-SAGFSPGR_-sIXI46_-0003-00001-000001-01.nii,D:\github\IOT_Project\data\processed\volumes\val\mwp1IXI464-IOP-1029-SAGFSPGR_-sIXI46_-0003-00001-000001-01.npy,mr_IXI_480i,0,val,113.0,137.0,113.0,128.0,128.0,128.0,success,
mwp1IXI477-IOP-1141-SAGFSPGR_-sIXI47_-0003-00001-000001-01,D:\github\IOT_Project\dataset\mr_IXI_480i\mwp1IXI477-IOP-1141-SAGFSPGR_-sIXI47_-0003-00001-000001-01.nii,D:\github\IOT_Project\data\processed\volumes\val\mwp1IXI477-IOP-1141-SAGFSPGR_-sIXI47_-0003-00001-000001-01.npy,mr_IXI_480i,0,val,113.0,137.0,113.0,128.0,128.0,128.0,success,
mwp1IXI478-IOP-1142-SAGFSPGR_-sIXI47_-0003-00001-000001-01,D:\github\IOT_Project\dataset\mr_IXI_480i\mwp1IXI478-IOP-1142-SAGFSPGR_-sIXI47_-0003-00001-000001-01.nii,D:\github\IOT_Project\data\processed\volumes\val\mwp1IXI478-IOP-1142-SAGFSPGR_-sIXI47_-0003-00001-000001-01.npy,mr_IXI_480i,0,val,113.0,137.0,113.0,128.0,128.0,128.0,success,
mwp1IXI479-Guys-1034-MPRAGESEN_-s425_-0301-00003-000001-01,D:\github\IOT_Project\dataset\mr_IXI_480i\mwp1IXI479-Guys-1034-MPRAGESEN_-s425_-0301-00003-000001-01.nii,D:\github\IOT_Project\data\processed\volumes\val\mwp1IXI479-Guys-1034-MPRAGESEN_-s425_-0301-00003-000001-01.npy,mr_IXI_480i,0,val,113.0,137.0,113.0,128.0,128.0,128.0,success,
mwp1IXI480-Guys-1033-MPRAGESEN_-s425_-0301-00003-000001-01,D:\github\IOT_Project\dataset\mr_IXI_480i\mwp1IXI480-Guys-1033-MPRAGESEN_-s425_-0301-00003-000001-01.nii,D:\github\IOT_Project\data\processed\volumes\val\mwp1IXI480-Guys-1033-MPRAGESEN_-s425_-0301-00003-000001-01.npy,mr_IXI_480i,0,val,113.0,137.0,113.0,128.0,128.0,128.0,success,
mwp1IXI488-Guys-1015-MPRAGESEN_-s421_-0301-00003-000001-01,D:\github\IOT_Project\dataset\mr_IXI_480i\mwp1IXI488-Guys-1015-MPRAGESEN_-s421_-0301-00003-000001-01.nii,D:\github\IOT_Project\data\processed\volumes\val\mwp1IXI488-Guys-1015-MPRAGESEN_-s421_-0301-00003-000001-01.npy,mr_IXI_480i,0,val,113.0,137.0,113.0,128.0,128.0,128.0,success,
mwp1IXI506-Guys-1035-MPRAGESEN_-s425_-0301-00003-000001-01,D:\github\IOT_Project\dataset\mr_IXI_480i\mwp1IXI506-Guys-1035-MPRAGESEN_-s425_-0301-00003-000001-01.nii,D:\github\IOT_Project\data\processed\volumes\val\mwp1IXI506-Guys-1035-MPRAGESEN_-s425_-0301-00003-000001-01.npy,mr_IXI_480i,0,val,113.0,137.0,113.0,128.0,128.0,128.0,success,
mwp1IXI511-HH-2238-MADisoTFE1_-s3T219_-0301-00003-000001-01,D:\github\IOT_Project\dataset\mr_IXI_480i\mwp1IXI511-HH-2238-MADisoTFE1_-s3T219_-0301-00003-000001-01.nii,D:\github\IOT_Project\data\processed\volumes\val\mwp1IXI511-HH-2238-MADisoTFE1_-s3T219_-0301-00003-000001-01.npy,mr_IXI_480i,0,val,113.0,137.0,113.0,128.0,128.0,128.0,success,
mwp1IXI516-HH-2297-MADisoTFE1_-s3T223_-0301-00003-000001-01,D:\github\IOT_Project\dataset\mr_IXI_480i\mwp1IXI516-HH-2297-MADisoTFE1_-s3T223_-0301-00003-000001-01.nii,D:\github\IOT_Project\data\processed\volumes\val\mwp1IXI516-HH-2297-MADisoTFE1_-s3T223_-0301-00003-000001-01.npy,mr_IXI_480i,0,val,113.0,137.0,113.0,128.0,128.0,128.0,success,
mwp1IXI531-Guys-1057-MPRAGESEN_-s427_-0301-00003-000001-01,D:\github\IOT_Project\dataset\mr_IXI_480i\mwp1IXI531-Guys-1057-MPRAGESEN_-s427_-0301-00003-000001-01.nii,D:\github\IOT_Project\data\processed\volumes\val\mwp1IXI531-Guys-1057-MPRAGESEN_-s427_-0301-00003-000001-01.npy,mr_IXI_480i,0,val,113.0,137.0,113.0,128.0,128.0,128.0,success,
mwp1IXI541-IOP-1146-SAGFSPGR_-sIXI54_-0003-00001-000001-01,D:\github\IOT_Project\dataset\mr_IXI_480i\mwp1IXI541-IOP-1146-SAGFSPGR_-sIXI54_-0003-00001-000001-01.nii,D:\github\IOT_Project\data\processed\volumes\val\mwp1IXI541-IOP-1146-SAGFSPGR_-sIXI54_-0003-00001-000001-01.npy,mr_IXI_480i,0,val,113.0,137.0,113.0,128.0,128.0,128.0,success,
mwp1IXI548-IOP-1150-SAGFSPGR_-sIXI54_-0003-00001-000001-01,D:\github\IOT_Project\dataset\mr_IXI_480i\mwp1IXI548-IOP-1150-SAGFSPGR_-sIXI54_-0003-00001-000001-01.nii,D:\github\IOT_Project\data\processed\volumes\val\mwp1IXI548-IOP-1150-SAGFSPGR_-sIXI54_-0003-00001-000001-01.npy,mr_IXI_480i,0,val,113.0,137.0,113.0,128.0,128.0,128.0,success,
mwp1IXI559-HH-2394-MADisoTFE1_-s3T231_-0301-00003-000001-01,D:\github\IOT_Project\dataset\mr_IXI_480i\mwp1IXI559-HH-2394-MADisoTFE1_-s3T231_-0301-00003-000001-01.nii,D:\github\IOT_Project\data\processed\volumes\val\mwp1IXI559-HH-2394-MADisoTFE1_-s3T231_-0301-00003-000001-01.npy,mr_IXI_480i,0,val,113.0,137.0,113.0,128.0,128.0,128.0,success,
mwp1IXI561-IOP-1152-SAGFSPGR_-sIXI56_-0003-00001-000001-01,D:\github\IOT_Project\dataset\mr_IXI_480i\mwp1IXI561-IOP-1152-SAGFSPGR_-sIXI56_-0003-00001-000001-01.nii,D:\github\IOT_Project\data\processed\volumes\val\mwp1IXI561-IOP-1152-SAGFSPGR_-sIXI56_-0003-00001-000001-01.npy,mr_IXI_480i,0,val,113.0,137.0,113.0,128.0,128.0,128.0,success,
mwp1IXI573-IOP-1155-SAGFSPGR_-sIXI57_-0003-00001-000001-01,D:\github\IOT_Project\dataset\mr_IXI_480i\mwp1IXI573-IOP-1155-SAGFSPGR_-sIXI57_-0003-00001-000001-01.nii,D:\github\IOT_Project\data\processed\volumes\val\mwp1IXI573-IOP-1155-SAGFSPGR_-sIXI57_-0003-00001-000001-01.npy,mr_IXI_480i,0,val,113.0,137.0,113.0,128.0,128.0,128.0,success,
mwp1IXI588-IOP-1158-SAGFSPGR_-sIXI58_-0003-00001-000001-01,D:\github\IOT_Project\dataset\mr_IXI_480i\mwp1IXI588-IOP-1158-SAGFSPGR_-sIXI58_-0003-00001-000001-01.nii,D:\github\IOT_Project\data\processed\volumes\val\mwp1IXI588-IOP-1158-SAGFSPGR_-sIXI58_-0003-00001-000001-01.npy,mr_IXI_480i,0,val,113.0,137.0,113.0,128.0,128.0,128.0,success,
mwp1IXI591-Guys-1084-MPRAGESEN_-sIXI59_-0301-00003-000001-01,D:\github\IOT_Project\dataset\mr_IXI_480i\mwp1IXI591-Guys-1084-MPRAGESEN_-sIXI59_-0301-00003-000001-01.nii,D:\github\IOT_Project\data\processed\volumes\val\mwp1IXI591-Guys-1084-MPRAGESEN_-sIXI59_-0301-00003-000001-01.npy,mr_IXI_480i,0,val,113.0,137.0,113.0,128.0,128.0,128.0,success,
mwp1IXI595-IOP-1159-SAGFSPGR_-sIXI59_-0003-00001-000001-01,D:\github\IOT_Project\dataset\mr_IXI_480i\mwp1IXI595-IOP-1159-SAGFSPGR_-sIXI59_-0003-00001-000001-01.nii,D:\github\IOT_Project\data\processed\volumes\val\mwp1IXI595-IOP-1159-SAGFSPGR_-sIXI59_-0003-00001-000001-01.npy,mr_IXI_480i,0,val,113.0,137.0,113.0,128.0,128.0,128.0,success,
mwp1IXI597-IOP-1161-SAGFSPGR_-sIXI59_-0003-00001-000001-01,D:\github\IOT_Project\dataset\mr_IXI_480i\mwp1IXI597-IOP-1161-SAGFSPGR_-sIXI59_-0003-00001-000001-01.nii,D:\github\IOT_Project\data\processed\volumes\val\mwp1IXI597-IOP-1161-SAGFSPGR_-sIXI59_-0003-00001-000001-01.npy,mr_IXI_480i,0,val,113.0,137.0,113.0,128.0,128.0,128.0,success,
mwp1IXI599-HH-2659-MADisoTFE1_-s3T246_-0301-00003-000001-01,D:\github\IOT_Project\dataset\mr_IXI_480i\mwp1IXI599-HH-2659-MADisoTFE1_-s3T246_-0301-00003-000001-01.nii,D:\github\IOT_Project\data\processed\volumes\val\mwp1IXI599-HH-2659-MADisoTFE1_-s3T246_-0301-00003-000001-01.npy,mr_IXI_480i,0,val,113.0,137.0,113.0,128.0,128.0,128.0,success,
mwp1IXI622-Guys-1102-MPRAGESEN_-sIXI62_-0301-00003-000001-01,D:\github\IOT_Project\dataset\mr_IXI_480i\mwp1IXI622-Guys-1102-MPRAGESEN_-sIXI62_-0301-00003-000001-01.nii,D:\github\IOT_Project\data\processed\volumes\val\mwp1IXI622-Guys-1102-MPRAGESEN_-sIXI62_-0301-00003-000001-01.npy,mr_IXI_480i,0,val,113.0,137.0,113.0,128.0,128.0,128.0,success,
mwp1IXI630-Guys-1108-MPRAGESEN_-sIXI0630_-0301-00003-000001-01,D:\github\IOT_Project\dataset\mr_IXI_480i\mwp1IXI630-Guys-1108-MPRAGESEN_-sIXI0630_-0301-00003-000001-01.nii,D:\github\IOT_Project\data\processed\volumes\val\mwp1IXI630-Guys-1108-MPRAGESEN_-sIXI0630_-0301-00003-000001-01.npy,mr_IXI_480i,0,val,113.0,137.0,113.0,128.0,128.0,128.0,success,
mwp1IXI631-HH-2651-MADisoTFE1_-s3T245_-0301-00003-000001-01,D:\github\IOT_Project\dataset\mr_IXI_480i\mwp1IXI631-HH-2651-MADisoTFE1_-s3T245_-0301-00003-000001-01.nii,D:\github\IOT_Project\data\processed\volumes\val\mwp1IXI631-HH-2651-MADisoTFE1_-s3T245_-0301-00003-000001-01.npy,mr_IXI_480i,0,val,113.0,137.0,113.0,128.0,128.0,128.0,success,
mwp1IXI634-HH-2690-MADisoTFE1_-s3T247_-0301-00003-000001-01,D:\github\IOT_Project\dataset\mr_IXI_480i\mwp1IXI634-HH-2690-MADisoTFE1_-s3T247_-0301-00003-000001-01.nii,D:\github\IOT_Project\data\processed\volumes\val\mwp1IXI634-HH-2690-MADisoTFE1_-s3T247_-0301-00003-000001-01.npy,mr_IXI_480i,0,val,113.0,137.0,113.0,128.0,128.0,128.0,success,
mwp1IXI637-HH-2785-MADisoTFE1_-s3T253_-0301-00003-000001-01,D:\github\IOT_Project\dataset\mr_IXI_480i\mwp1IXI637-HH-2785-MADisoTFE1_-s3T253_-0301-00003-000001-01.nii,D:\github\IOT_Project\data\processed\volumes\val\mwp1IXI637-HH-2785-MADisoTFE1_-s3T253_-0301-00003-000001-01.npy,mr_IXI_480i,0,val,113.0,137.0,113.0,128.0,128.0,128.0,success,
mwp1IXI642-Guys-1104-MPRAGESEN_-s451_-0401-00004-000001-01,D:\github\IOT_Project\dataset\mr_IXI_480i\mwp1IXI642-Guys-1104-MPRAGESEN_-s451_-0401-00004-000001-01.nii,D:\github\IOT_Project\data\processed\volumes\val\mwp1IXI642-Guys-1104-MPRAGESEN_-s451_-0401-00004-000001-01.npy,mr_IXI_480i,0,val,113.0,137.0,113.0,128.0,128.0,128.0,success,
mwp1IXI643-HH-2787-MADisoTFE1_-s3T253_-0301-00003-000001-01,D:\github\IOT_Project\dataset\mr_IXI_480i\mwp1IXI643-HH-2787-MADisoTFE1_-s3T253_-0301-00003-000001-01.nii,D:\github\IOT_Project\data\processed\volumes\val\mwp1IXI643-HH-2787-MADisoTFE1_-s3T253_-0301-00003-000001-01.npy,mr_IXI_480i,0,val,113.0,137.0,113.0,128.0,128.0,128.0,success,
mwp1IXI646-HH-2653-MADisoTFE1_-s3T245_-0301-00003-000001-01,D:\github\IOT_Project\dataset\mr_IXI_480i\mwp1IXI646-HH-2653-MADisoTFE1_-s3T245_-0301-00003-000001-01.nii,D:\github\IOT_Project\data\processed\volumes\val\mwp1IXI646-HH-2653-MADisoTFE1_-s3T245_-0301-00003-000001-01.npy,mr_IXI_480i,0,val,113.0,137.0,113.0,128.0,128.0,128.0,success,
mwp1IXI661-HH-2788-MADisoTFE1_-s3T253_-0301-00003-000001-01,D:\github\IOT_Project\dataset\mr_IXI_480i\mwp1IXI661-HH-2788-MADisoTFE1_-s3T253_-0301-00003-000001-01.nii,D:\github\IOT_Project\data\processed\volumes\val\mwp1IXI661-HH-2788-MADisoTFE1_-s3T253_-0301-00003-000001-01.npy,mr_IXI_480i,0,val,113.0,137.0,113.0,128.0,128.0,128.0,success,
mwp2IXI122-Guys-0773-T1,D:\github\IOT_Project\dataset\mr_IXI_480i\mwp2IXI122-Guys-0773-T1.nii,D:\github\IOT_Project\data\processed\volumes\val\mwp2IXI122-Guys-0773-T1.npy,mr_IXI_480i,0,val,113.0,137.0,113.0,128.0,128.0,128.0,success,
mwp2IXI123-Guys-0774-T1,D:\github\IOT_Project\dataset\mr_IXI_480i\mwp2IXI123-Guys-0774-T1.nii,D:\github\IOT_Project\data\processed\volumes\val\mwp2IXI123-Guys-0774-T1.npy,mr_IXI_480i,0,val,113.0,137.0,113.0,128.0,128.0,128.0,success,
mwp2IXI134-Guys-0780-T1,D:\github\IOT_Project\dataset\mr_IXI_480i\mwp2IXI134-Guys-0780-T1.nii,D:\github\IOT_Project\data\processed\volumes\val\mwp2IXI134-Guys-0780-T1.npy,mr_IXI_480i,0,val,113.0,137.0,113.0,128.0,128.0,128.0,success,
mwp2IXI139-Guys-0815-T1,D:\github\IOT_Project\dataset\mr_IXI_480i\mwp2IXI139-Guys-0815-T1.nii,D:\github\IOT_Project\data\processed\volumes\val\mwp2IXI139-Guys-0815-T1.npy,mr_IXI_480i,0,val,113.0,137.0,113.0,128.0,128.0,128.0,success,
mwp2IXI154-Guys-0821-MPRAGESEN_-s255_-0301-00003-000001-01,D:\github\IOT_Project\dataset\mr_IXI_480i\mwp2IXI154-Guys-0821-MPRAGESEN_-s255_-0301-00003-000001-01.nii,D:\github\IOT_Project\data\processed\volumes\val\mwp2IXI154-Guys-0821-MPRAGESEN_-s255_-0301-00003-000001-01.npy,mr_IXI_480i,0,val,113.0,137.0,113.0,128.0,128.0,128.0,success,
mwp2IXI169-Guys-0842-MPRAGESEN_-s260_-0301-00003-000001-01,D:\github\IOT_Project\dataset\mr_IXI_480i\mwp2IXI169-Guys-0842-MPRAGESEN_-s260_-0301-00003-000001-01.nii,D:\github\IOT_Project\data\processed\volumes\val\mwp2IXI169-Guys-0842-MPRAGESEN_-s260_-0301-00003-000001-01.npy,mr_IXI_480i,0,val,113.0,137.0,113.0,128.0,128.0,128.0,success,
mwp2IXI181-Guys-0790-MPRAGESEN_-s251_-0301-00003-000001-01,D:\github\IOT_Project\dataset\mr_IXI_480i\mwp2IXI181-Guys-0790-MPRAGESEN_-s251_-0301-00003-000001-01.nii,D:\github\IOT_Project\data\processed\volumes\val\mwp2IXI181-Guys-0790-MPRAGESEN_-s251_-0301-00003-000001-01.npy,mr_IXI_480i,0,val,113.0,137.0,113.0,128.0,128.0,128.0,success,
mwp2IXI184-Guys-0794-MPRAGESEN_-s252_-0301-00003-000001-01,D:\github\IOT_Project\dataset\mr_IXI_480i\mwp2IXI184-Guys-0794-MPRAGESEN_-s252_-0301-00003-000001-01.nii,D:\github\IOT_Project\data\processed\volumes\val\mwp2IXI184-Guys-0794-MPRAGESEN_-s252_-0301-00003-000001-01.npy,mr_IXI_480i,0,val,113.0,137.0,113.0,128.0,128.0,128.0,success,
mwp2IXI189-Guys-0799-MPRAGESEN_-s252_-0301-00003-000001-01,D:\github\IOT_Project\dataset\mr_IXI_480i\mwp2IXI189-Guys-0799-MPRAGESEN_-s252_-0301-00003-000001-01.nii,D:\github\IOT_Project\data\processed\volumes\val\mwp2IXI189-Guys-0799-MPRAGESEN_-s252_-0301-00003-000001-01.npy,mr_IXI_480i,0,val,113.0,137.0,113.0,128.0,128.0,128.0,success,
mwp2IXI191-Guys-0801-MPRAGESEN_-s252_-0301-00003-000001-01,D:\github\IOT_Project\dataset\mr_IXI_480i\mwp2IXI191-Guys-0801-MPRAGESEN_-s252_-0301-00003-000001-01.nii,D:\github\IOT_Project\data\processed\volumes\val\mwp2IXI191-Guys-0801-MPRAGESEN_-s252_-0301-00003-000001-01.npy,mr_IXI_480i,0,val,113.0,137.0,113.0,128.0,128.0,128.0,success,
mwp2IXI194-Guys-0818-MPRAGESEN_-s254_-0301-00003-000001-01,D:\github\IOT_Project\dataset\mr_IXI_480i\mwp2IXI194-Guys-0818-MPRAGESEN_-s254_-0301-00003-000001-01.nii,D:\github\IOT_Project\data\processed\volumes\val\mwp2IXI194-Guys-0818-MPRAGESEN_-s254_-0301-00003-000001-01.npy,mr_IXI_480i,0,val,113.0,137.0,113.0,128.0,128.0,128.0,success,
mwp2IXI202-HH-1526-IXIMADisoTFE12_-s3T142_-0301-00003-000001-01,D:\github\IOT_Project\dataset\mr_IXI_480i\mwp2IXI202-HH-1526-IXIMADisoTFE12_-s3T142_-0301-00003-000001-01.nii,D:\github\IOT_Project\data\processed\volumes\val\mwp2IXI202-HH-1526-IXIMADisoTFE12_-s3T142_-0301-00003-000001-01.npy,mr_IXI_480i,0,val,113.0,137.0,113.0,128.0,128.0,128.0,success,
mwp2IXI207-Guys-0809-MPRAGESEN_-s253_-0301-00003-000001-01,D:\github\IOT_Project\dataset\mr_IXI_480i\mwp2IXI207-Guys-0809-MPRAGESEN_-s253_-0301-00003-000001-01.nii,D:\github\IOT_Project\data\processed\volumes\val\mwp2IXI207-Guys-0809-MPRAGESEN_-s253_-0301-00003-000001-01.npy,mr_IXI_480i,0,val,113.0,137.0,113.0,128.0,128.0,128.0,success,
mwp2IXI217-HH-1638-IXIMADisoTFE12_-s3T154_-0301-00003-000001-01,D:\github\IOT_Project\dataset\mr_IXI_480i\mwp2IXI217-HH-1638-IXIMADisoTFE12_-s3T154_-0301-00003-000001-01.nii,D:\github\IOT_Project\data\processed\volumes\val\mwp2IXI217-HH-1638-IXIMADisoTFE12_-s3T154_-0301-00003-000001-01.npy,mr_IXI_480i,0,val,113.0,137.0,113.0,128.0,128.0,128.0,success,
mwp2IXI222-Guys-0819-MPRAGESEN_-s222_-0301-00003-000001-01,D:\github\IOT_Project\dataset\mr_IXI_480i\mwp2IXI222-Guys-0819-MPRAGESEN_-s222_-0301-00003-000001-01.nii,D:\github\IOT_Project\data\processed\volumes\val\mwp2IXI222-Guys-0819-MPRAGESEN_-s222_-0301-00003-000001-01.npy,mr_IXI_480i,0,val,113.0,137.0,113.0,128.0,128.0,128.0,success,
mwp2IXI223-Guys-0830-MPRAGESEN_-s256_-0301-00003-000001-01,D:\github\IOT_Project\dataset\mr_IXI_480i\mwp2IXI223-Guys-0830-MPRAGESEN_-s256_-0301-00003-000001-01.nii,D:\github\IOT_Project\data\processed\volumes\val\mwp2IXI223-Guys-0830-MPRAGESEN_-s256_-0301-00003-000001-01.npy,mr_IXI_480i,0,val,113.0,137.0,113.0,128.0,128.0,128.0,success,
mwp2IXI230-IOP-0869-SAGFSPGR_-sIXI23_-0003-00001-000001-01,D:\github\IOT_Project\dataset\mr_IXI_480i\mwp2IXI230-IOP-0869-SAGFSPGR_-sIXI23_-0003-00001-000001-01.nii,D:\github\IOT_Project\data\processed\volumes\val\mwp2IXI230-IOP-0869-SAGFSPGR_-sIXI23_-0003-00001-000001-01.npy,mr_IXI_480i,0,val,113.0,137.0,113.0,128.0,128.0,128.0,success,
mwp2IXI232-IOP-0898-SAGFSPGR_-sIXI23_-0003-00001-000001-01,D:\github\IOT_Project\dataset\mr_IXI_480i\mwp2IXI232-IOP-0898-SAGFSPGR_-sIXI23_-0003-00001-000001-01.nii,D:\github\IOT_Project\data\processed\volumes\val\mwp2IXI232-IOP-0898-SAGFSPGR_-sIXI23_-0003-00001-000001-01.npy,mr_IXI_480i,0,val,113.0,137.0,113.0,128.0,128.0,128.0,success,
mwp2IXI237-Guys-1049-MPRAGESEN_-s426_-0301-00003-000001-01,D:\github\IOT_Project\dataset\mr_IXI_480i\mwp2IXI237-Guys-1049-MPRAGESEN_-s426_-0301-00003-000001-01.nii,D:\github\IOT_Project\data\processed\volumes\val\mwp2IXI237-Guys-1049-MPRAGESEN_-s426_-0301-00003-000001-01.npy,mr_IXI_480i,0,val,113.0,137.0,113.0,128.0,128.0,128.0,success,
mwp2IXI239-HH-2296-MADisoTFE1_-s3T223_-0301-00003-000001-01,D:\github\IOT_Project\dataset\mr_IXI_480i\mwp2IXI239-HH-2296-MADisoTFE1_-s3T223_-0301-00003-000001-01.nii,D:\github\IOT_Project\data\processed\volumes\val\mwp2IXI239-HH-2296-MADisoTFE1_-s3T223_-0301-00003-000001-01.npy,mr_IXI_480i,0,val,113.0,137.0,113.0,128.0,128.0,128.0,success,
mwp2IXI246-Guys-0840-MPRAGESEN_-s260_-0301-00003-000001-01,D:\github\IOT_Project\dataset\mr_IXI_480i\mwp2IXI246-Guys-0840-MPRAGESEN_-s260_-0301-00003-000001-01.nii,D:\github\IOT_Project\data\processed\volumes\val\mwp2IXI246-Guys-0840-MPRAGESEN_-s260_-0301-00003-000001-01.npy,mr_IXI_480i,0,val,113.0,137.0,113.0,128.0,128.0,128.0,success,
mwp2IXI261-HH-1704-MADisoTFE1_-s3T162_-0301-00003-000001-01,D:\github\IOT_Project\dataset\mr_IXI_480i\mwp2IXI261-HH-1704-MADisoTFE1_-s3T162_-0301-00003-000001-01.nii,D:\github\IOT_Project\data\processed\volumes\val\mwp2IXI261-HH-1704-MADisoTFE1_-s3T162_-0301-00003-000001-01.npy,mr_IXI_480i,0,val,113.0,137.0,113.0,128.0,128.0,128.0,success,
mwp2IXI280-HH-1860-MADisoTFE1_-s3T176_-0301-00003-000001-01,D:\github\IOT_Project\dataset\mr_IXI_480i\mwp2IXI280-HH-1860-MADisoTFE1_-s3T176_-0301-00003-000001-01.nii,D:\github\IOT_Project\data\processed\volumes\val\mwp2IXI280-HH-1860-MADisoTFE1_-s3T176_-0301-00003-000001-01.npy,mr_IXI_480i,0,val,113.0,137.0,113.0,128.0,128.0,128.0,success,
mwp2IXI288-Guys-0879-MPRAGESEN_-s299_-0501-00005-000001-01,D:\github\IOT_Project\dataset\mr_IXI_480i\mwp2IXI288-Guys-0879-MPRAGESEN_-s299_-0501-00005-000001-01.nii,D:\github\IOT_Project\data\processed\volumes\val\mwp2IXI288-Guys-0879-MPRAGESEN_-s299_-0501-00005-000001-01.npy,mr_IXI_480i,0,val,113.0,137.0,113.0,128.0,128.0,128.0,success,
mwp2IXI298-Guys-0861-MPRAGESEN_-s298_-0301-00003-000001-01,D:\github\IOT_Project\dataset\mr_IXI_480i\mwp2IXI298-Guys-0861-MPRAGESEN_-s298_-0301-00003-000001-01.nii,D:\github\IOT_Project\data\processed\volumes\val\mwp2IXI298-Guys-0861-MPRAGESEN_-s298_-0301-00003-000001-01.npy,mr_IXI_480i,0,val,113.0,137.0,113.0,128.0,128.0,128.0,success,
mwp2IXI303-IOP-0968-SAGFSPGR_-sIXI30_-0003-00001-000001-01,D:\github\IOT_Project\dataset\mr_IXI_480i\mwp2IXI303-IOP-0968-SAGFSPGR_-sIXI30_-0003-00001-000001-01.nii,D:\github\IOT_Project\data\processed\volumes\val\mwp2IXI303-IOP-0968-SAGFSPGR_-sIXI30_-0003-00001-000001-01.npy,mr_IXI_480i,0,val,113.0,137.0,113.0,128.0,128.0,128.0,success,
mwp2IXI308-Guys-0884-MPRAGESEN_-s302_-0301-00003-000001-01,D:\github\IOT_Project\dataset\mr_IXI_480i\mwp2IXI308-Guys-0884-MPRAGESEN_-s302_-0301-00003-000001-01.nii,D:\github\IOT_Project\data\processed\volumes\val\mwp2IXI308-Guys-0884-MPRAGESEN_-s302_-0301-00003-000001-01.npy,mr_IXI_480i,0,val,113.0,137.0,113.0,128.0,128.0,128.0,success,
mwp2IXI309-IOP-0897-SAGFSPGR_-sIXI30_-0003-00001-000001-01,D:\github\IOT_Project\dataset\mr_IXI_480i\mwp2IXI309-IOP-0897-SAGFSPGR_-sIXI30_-0003-00001-000001-01.nii,D:\github\IOT_Project\data\processed\volumes\val\mwp2IXI309-IOP-0897-SAGFSPGR_-sIXI30_-0003-00001-000001-01.npy,mr_IXI_480i,0,val,113.0,137.0,113.0,128.0,128.0,128.0,success,
mwp2IXI315-IOP-0888-SAGFSPGR_-sIXI31_-0003-00001-000001-01,D:\github\IOT_Project\dataset\mr_IXI_480i\mwp2IXI315-IOP-0888-SAGFSPGR_-sIXI31_-0003-00001-000001-01.nii,D:\github\IOT_Project\data\processed\volumes\val\mwp2IXI315-IOP-0888-SAGFSPGR_-sIXI31_-0003-00001-000001-01.npy,mr_IXI_480i,0,val,113.0,137.0,113.0,128.0,128.0,128.0,success,
mwp2IXI320-Guys-0902-MPRAGESEN_-s306_-0301-00003-000001-01,D:\github\IOT_Project\dataset\mr_IXI_480i\mwp2IXI320-Guys-0902-MPRAGESEN_-s306_-0301-00003-000001-01.nii,D:\github\IOT_Project\data\processed\volumes\val\mwp2IXI320-Guys-0902-MPRAGESEN_-s306_-0301-00003-000001-01.npy,mr_IXI_480i,0,val,113.0,137.0,113.0,128.0,128.0,128.0,success,
mwp2IXI398-Guys-0952-MPRAGESEN_-s412_-0401-00004-000001-01,D:\github\IOT_Project\dataset\mr_IXI_480i\mwp2IXI398-Guys-0952-MPRAGESEN_-s412_-0401-00004-000001-01.nii,D:\github\IOT_Project\data\processed\volumes\val\mwp2IXI398-Guys-0952-MPRAGESEN_-s412_-0401-00004-000001-01.npy,mr_IXI_480i,0,val,113.0,137.0,113.0,128.0,128.0,128.0,success,
mwp2IXI441-HH-2154-MADisoTFE1_-s3T207_-0301-00003-000001-01,D:\github\IOT_Project\dataset\mr_IXI_480i\mwp2IXI441-HH-2154-MADisoTFE1_-s3T207_-0301-00003-000001-01.nii,D:\github\IOT_Project\data\processed\volumes\val\mwp2IXI441-HH-2154-MADisoTFE1_-s3T207_-0301-00003-000001-01.npy,mr_IXI_480i,0,val,113.0,137.0,113.0,128.0,128.0,128.0,success,
mwp2IXI446-HH-2325-MADisoTFE1_-s3T225_-0301-00003-000001-01,D:\github\IOT_Project\dataset\mr_IXI_480i\mwp2IXI446-HH-2325-MADisoTFE1_-s3T225_-0301-00003-000001-01.nii,D:\github\IOT_Project\data\processed\volumes\val\mwp2IXI446-HH-2325-MADisoTFE1_-s3T225_-0301-00003-000001-01.npy,mr_IXI_480i,0,val,113.0,137.0,113.0,128.0,128.0,128.0,success,
mwp2IXI449-Guys-1082-MPRAGESEN_-s442_-0301-00003-000001-01,D:\github\IOT_Project\dataset\mr_IXI_480i\mwp2IXI449-Guys-1082-MPRAGESEN_-s442_-0301-00003-000001-01.nii,D:\github\IOT_Project\data\processed\volumes\val\mwp2IXI449-Guys-1082-MPRAGESEN_-s442_-0301-00003-000001-01.npy,mr_IXI_480i,0,val,113.0,137.0,113.0,128.0,128.0,128.0,success,
mwp2IXI457-Guys-0984-MPRAGESEN_-s417_-0301-00003-000001-01,D:\github\IOT_Project\dataset\mr_IXI_480i\mwp2IXI457-Guys-0984-MPRAGESEN_-s417_-0301-00003-000001-01.nii,D:\github\IOT_Project\data\processed\volumes\val\mwp2IXI457-Guys-0984-MPRAGESEN_-s417_-0301-00003-000001-01.npy,mr_IXI_480i,0,val,113.0,137.0,113.0,128.0,128.0,128.0,success,
mwp2IXI470-IOP-1030-SAGFSPGR_-sIXI47_-0003-00001-000001-01,D:\github\IOT_Project\dataset\mr_IXI_480i\mwp2IXI470-IOP-1030-SAGFSPGR_-sIXI47_-0003-00001-000001-01.nii,D:\github\IOT_Project\data\processed\volumes\val\mwp2IXI470-IOP-1030-SAGFSPGR_-sIXI47_-0003-00001-000001-01.npy,mr_IXI_480i,0,val,113.0,137.0,113.0,128.0,128.0,128.0,success,
mwp2IXI477-IOP-1141-SAGFSPGR_-sIXI47_-0003-00001-000001-01,D:\github\IOT_Project\dataset\mr_IXI_480i\mwp2IXI477-IOP-1141-SAGFSPGR_-sIXI47_-0003-00001-000001-01.nii,D:\github\IOT_Project\data\processed\volumes\val\mwp2IXI477-IOP-1141-SAGFSPGR_-sIXI47_-0003-00001-000001-01.npy,mr_IXI_480i,0,val,113.0,137.0,113.0,128.0,128.0,128.0,success,
mwp2IXI519-HH-2240-MADisoTFE1_-s3T219_-0301-00003-000001-01,D:\github\IOT_Project\dataset\mr_IXI_480i\mwp2IXI519-HH-2240-MADisoTFE1_-s3T219_-0301-00003-000001-01.nii,D:\github\IOT_Project\data\processed\volumes\val\mwp2IXI519-HH-2240-MADisoTFE1_-s3T219_-0301-00003-000001-01.npy,mr_IXI_480i,0,val,113.0,137.0,113.0,128.0,128.0,128.0,success,
mwp2IXI522-HH-2453-MADisoTFE1_-s3T237_-0301-00003-000001-01,D:\github\IOT_Project\dataset\mr_IXI_480i\mwp2IXI522-HH-2453-MADisoTFE1_-s3T237_-0301-00003-000001-01.nii,D:\github\IOT_Project\data\processed\volumes\val\mwp2IXI522-HH-2453-MADisoTFE1_-s3T237_-0301-00003-000001-01.npy,mr_IXI_480i,0,val,113.0,137.0,113.0,128.0,128.0,128.0,success,
mwp2IXI525-HH-2413-MADisoTFE1_-s3T233_-0301-00003-000001-01,D:\github\IOT_Project\dataset\mr_IXI_480i\mwp2IXI525-HH-2413-MADisoTFE1_-s3T233_-0301-00003-000001-01.nii,D:\github\IOT_Project\data\processed\volumes\val\mwp2IXI525-HH-2413-MADisoTFE1_-s3T233_-0301-00003-000001-01.npy,mr_IXI_480i,0,val,113.0,137.0,113.0,128.0,128.0,128.0,success,
mwp2IXI531-Guys-1057-MPRAGESEN_-s427_-0301-00003-000001-01,D:\github\IOT_Project\dataset\mr_IXI_480i\mwp2IXI531-Guys-1057-MPRAGESEN_-s427_-0301-00003-000001-01.nii,D:\github\IOT_Project\data\processed\volumes\val\mwp2IXI531-Guys-1057-MPRAGESEN_-s427_-0301-00003-000001-01.npy,mr_IXI_480i,0,val,113.0,137.0,113.0,128.0,128.0,128.0,success,
mwp2IXI554-Guys-1068-MPRAGESEN_-s429_-0301-00003-000001-01,D:\github\IOT_Project\dataset\mr_IXI_480i\mwp2IXI554-Guys-1068-MPRAGESEN_-s429_-0301-00003-000001-01.nii,D:\github\IOT_Project\data\processed\volumes\val\mwp2IXI554-Guys-1068-MPRAGESEN_-s429_-0301-00003-000001-01.npy,mr_IXI_480i,0,val,113.0,137.0,113.0,128.0,128.0,128.0,success,
mwp2IXI556-HH-2452-MADisoTFE1_-s3T236_-0301-00003-000001-01,D:\github\IOT_Project\dataset\mr_IXI_480i\mwp2IXI556-HH-2452-MADisoTFE1_-s3T236_-0301-00003-000001-01.nii,D:\github\IOT_Project\data\processed\volumes\val\mwp2IXI556-HH-2452-MADisoTFE1_-s3T236_-0301-00003-000001-01.npy,mr_IXI_480i,0,val,113.0,137.0,113.0,128.0,128.0,128.0,success,
mwp2IXI558-Guys-1079-MPRAGESEN_-s433_-0301-00003-000001-01,D:\github\IOT_Project\dataset\mr_IXI_480i\mwp2IXI558-Guys-1079-MPRAGESEN_-s433_-0301-00003-000001-01.nii,D:\github\IOT_Project\data\processed\volumes\val\mwp2IXI558-Guys-1079-MPRAGESEN_-s433_-0301-00003-000001-01.npy,mr_IXI_480i,0,val,113.0,137.0,113.0,128.0,128.0,128.0,success,
mwp2IXI561-IOP-1152-SAGFSPGR_-sIXI56_-0003-00001-000001-01,D:\github\IOT_Project\dataset\mr_IXI_480i\mwp2IXI561-IOP-1152-SAGFSPGR_-sIXI56_-0003-00001-000001-01.nii,D:\github\IOT_Project\data\processed\volumes\val\mwp2IXI561-IOP-1152-SAGFSPGR_-sIXI56_-0003-00001-000001-01.npy,mr_IXI_480i,0,val,113.0,137.0,113.0,128.0,128.0,128.0,success,
mwp2IXI562-Guys-1131-MPRAGESEN_-sIXI0562_-0301-00003-000001-01,D:\github\IOT_Project\dataset\mr_IXI_480i\mwp2IXI562-Guys-1131-MPRAGESEN_-sIXI0562_-0301-00003-000001-01.nii,D:\github\IOT_Project\data\processed\volumes\val\mwp2IXI562-Guys-1131-MPRAGESEN_-sIXI0562_-0301-00003-000001-01.npy,mr_IXI_480i,0,val,113.0,137.0,113.0,128.0,128.0,128.0,success,
mwp2IXI569-Guys-1101-MPRAGESEN_-s449_-0301-00003-000001-01,D:\github\IOT_Project\dataset\mr_IXI_480i\mwp2IXI569-Guys-1101-MPRAGESEN_-s449_-0301-00003-000001-01.nii,D:\github\IOT_Project\data\processed\volumes\val\mwp2IXI569-Guys-1101-MPRAGESEN_-s449_-0301-00003-000001-01.npy,mr_IXI_480i,0,val,113.0,137.0,113.0,128.0,128.0,128.0,success,
mwp2IXI571-IOP-1154-SAGFSPGR_-sIXI57_-0003-00001-000001-01,D:\github\IOT_Project\dataset\mr_IXI_480i\mwp2IXI571-IOP-1154-SAGFSPGR_-sIXI57_-0003-00001-000001-01.nii,D:\github\IOT_Project\data\processed\volumes\val\mwp2IXI571-IOP-1154-SAGFSPGR_-sIXI57_-0003-00001-000001-01.npy,mr_IXI_480i,0,val,113.0,137.0,113.0,128.0,128.0,128.0,success,
mwp2IXI573-IOP-1155-SAGFSPGR_-sIXI57_-0003-00001-000001-01,D:\github\IOT_Project\dataset\mr_IXI_480i\mwp2IXI573-IOP-1155-SAGFSPGR_-sIXI57_-0003-00001-000001-01.nii,D:\github\IOT_Project\data\processed\volumes\val\mwp2IXI573-IOP-1155-SAGFSPGR_-sIXI57_-0003-00001-000001-01.npy,mr_IXI_480i,0,val,113.0,137.0,113.0,128.0,128.0,128.0,success,
mwp2IXI578-Guys-1078-MPRAGESEN_-s433_-0301-00003-000001-01,D:\github\IOT_Project\dataset\mr_IXI_480i\mwp2IXI578-Guys-1078-MPRAGESEN_-s433_-0301-00003-000001-01.nii,D:\github\IOT_Project\data\processed\volumes\val\mwp2IXI578-Guys-1078-MPRAGESEN_-s433_-0301-00003-000001-01.npy,mr_IXI_480i,0,val,113.0,137.0,113.0,128.0,128.0,128.0,success,
mwp2IXI596-IOP-1160-SAGFSPGR_-sIXI59_-0003-00001-000001-01,D:\github\IOT_Project\dataset\mr_IXI_480i\mwp2IXI596-IOP-1160-SAGFSPGR_-sIXI59_-0003-00001-000001-01.nii,D:\github\IOT_Project\data\processed\volumes\val\mwp2IXI596-IOP-1160-SAGFSPGR_-sIXI59_-0003-00001-000001-01.npy,mr_IXI_480i,0,val,113.0,137.0,113.0,128.0,128.0,128.0,success,
mwp2IXI597-IOP-1161-SAGFSPGR_-sIXI59_-0003-00001-000001-01,D:\github\IOT_Project\dataset\mr_IXI_480i\mwp2IXI597-IOP-1161-SAGFSPGR_-sIXI59_-0003-00001-000001-01.nii,D:\github\IOT_Project\data\processed\volumes\val\mwp2IXI597-IOP-1161-SAGFSPGR_-sIXI59_-0003-00001-000001-01.npy,mr_IXI_480i,0,val,113.0,137.0,113.0,128.0,128.0,128.0,success,
mwp2IXI609-HH-2600-MADisoTFE1_-s3T242_-0301-00003-000001-01,D:\github\IOT_Project\dataset\mr_IXI_480i\mwp2IXI609-HH-2600-MADisoTFE1_-s3T242_-0301-00003-000001-01.nii,D:\github\IOT_Project\data\processed\volumes\val\mwp2IXI609-HH-2600-MADisoTFE1_-s3T242_-0301-00003-000001-01.npy,mr_IXI_480i,0,val,113.0,137.0,113.0,128.0,128.0,128.0,success,
mwp2IXI630-Guys-1108-MPRAGESEN_-sIXI0630_-0301-00003-000001-01,D:\github\IOT_Project\dataset\mr_IXI_480i\mwp2IXI630-Guys-1108-MPRAGESEN_-sIXI0630_-0301-00003-000001-01.nii,D:\github\IOT_Project\data\processed\volumes\val\mwp2IXI630-Guys-1108-MPRAGESEN_-sIXI0630_-0301-00003-000001-01.npy,mr_IXI_480i,0,val,113.0,137.0,113.0,128.0,128.0,128.0,success,
mwp2IXI633-HH-2689-MADisoTFE1_-s3T247_-0301-00003-000001-01,D:\github\IOT_Project\dataset\mr_IXI_480i\mwp2IXI633-HH-2689-MADisoTFE1_-s3T247_-0301-00003-000001-01.nii,D:\github\IOT_Project\data\processed\volumes\val\mwp2IXI633-HH-2689-MADisoTFE1_-s3T247_-0301-00003-000001-01.npy,mr_IXI_480i,0,val,113.0,137.0,113.0,128.0,128.0,128.0,success,
mwp2IXI635-HH-2691-MADisoTFE1_-s3T247_-0301-00003-000001-01,D:\github\IOT_Project\dataset\mr_IXI_480i\mwp2IXI635-HH-2691-MADisoTFE1_-s3T247_-0301-00003-000001-01.nii,D:\github\IOT_Project\data\processed\volumes\val\mwp2IXI635-HH-2691-MADisoTFE1_-s3T247_-0301-00003-000001-01.npy,mr_IXI_480i,0,val,113.0,137.0,113.0,128.0,128.0,128.0,success,
mwp2IXI636-HH-2733-MADisoTFE1_-s3T251_-0301-00003-000001-01,D:\github\IOT_Project\dataset\mr_IXI_480i\mwp2IXI636-HH-2733-MADisoTFE1_-s3T251_-0301-00003-000001-01.nii,D:\github\IOT_Project\data\processed\volumes\val\mwp2IXI636-HH-2733-MADisoTFE1_-s3T251_-0301-00003-000001-01.npy,mr_IXI_480i,0,val,113.0,137.0,113.0,128.0,128.0,128.0,success,
rh.pptnIXI313-HH-2241-MADisoTFE1_-s3t219_-0301-00003-000001-01,D:\github\IOT_Project\dataset\mri_IXI_480_2\rh.pptnIXI313-HH-2241-MADisoTFE1_-s3t219_-0301-00003-000001-01.nii,D:\github\IOT_Project\data\processed\volumes\val\rh.pptnIXI313-HH-2241-MADisoTFE1_-s3t219_-0301-00003-000001-01.npy,mri_IXI_480_2,1,val,256.0,256.0,150.0,128.0,128.0,128.0,success,
wj_IXI116-Guys-0739-T1,D:\github\IOT_Project\dataset\mri_IXI_480_2\wj_IXI116-Guys-0739-T1.nii,D:\github\IOT_Project\data\processed\volumes\val\wj_IXI116-Guys-0739-T1.npy,mri_IXI_480_2,1,val,113.0,137.0,113.0,128.0,128.0,128.0,success,
wj_IXI118-Guys-0764-T1,D:\github\IOT_Project\dataset\mri_IXI_480_2\wj_IXI118-Guys-0764-T1.nii,D:\github\IOT_Project\data\processed\volumes\val\wj_IXI118-Guys-0764-T1.npy,mri_IXI_480_2,1,val,113.0,137.0,113.0,128.0,128.0,128.0,success,
wj_IXI121-Guys-0772-T1,D:\github\IOT_Project\dataset\mri_IXI_480_2\wj_IXI121-Guys-0772-T1.nii,D:\github\IOT_Project\data\processed\volumes\val\wj_IXI121-Guys-0772-T1.npy,mri_IXI_480_2,1,val,113.0,137.0,113.0,128.0,128.0,128.0,success,
wj_IXI145-Guys-0781-T1,D:\github\IOT_Project\dataset\mri_IXI_480_2\wj_IXI145-Guys-0781-T1.nii,D:\github\IOT_Project\data\processed\volumes\val\wj_IXI145-Guys-0781-T1.npy,mri_IXI_480_2,1,val,113.0,137.0,113.0,128.0,128.0,128.0,success,
wj_IXI161-HH-2533-MADisoTFE1_-s3T238_-0301-00003-000001-01,D:\github\IOT_Project\dataset\mri_IXI_480_2\wj_IXI161-HH-2533-MADisoTFE1_-s3T238_-0301-00003-000001-01.nii,D:\github\IOT_Project\data\processed\volumes\val\wj_IXI161-HH-2533-MADisoTFE1_-s3T238_-0301-00003-000001-01.npy,mri_IXI_480_2,1,val,113.0,137.0,113.0,128.0,128.0,128.0,success,
wj_IXI177-Guys-0831-MPRAGESEN_-s257_-0301-00003-000001-01,D:\github\IOT_Project\dataset\mri_IXI_480_2\wj_IXI177-Guys-0831-MPRAGESEN_-s257_-0301-00003-000001-01.nii,D:\github\IOT_Project\data\processed\volumes\val\wj_IXI177-Guys-0831-MPRAGESEN_-s257_-0301-00003-000001-01.npy,mri_IXI_480_2,1,val,113.0,137.0,113.0,128.0,128.0,128.0,success,
wj_IXI183-Guys-0791-MPRAGESEN_-s251_-0301-00003-000001-01,D:\github\IOT_Project\dataset\mri_IXI_480_2\wj_IXI183-Guys-0791-MPRAGESEN_-s251_-0301-00003-000001-01.nii,D:\github\IOT_Project\data\processed\volumes\val\wj_IXI183-Guys-0791-MPRAGESEN_-s251_-0301-00003-000001-01.npy,mri_IXI_480_2,1,val,113.0,137.0,113.0,128.0,128.0,128.0,success,
wj_IXI205-HH-1649-IXIMADisoTFE12_-s3T155_-0301-00003-000001-01,D:\github\IOT_Project\dataset\mri_IXI_480_2\wj_IXI205-HH-1649-IXIMADisoTFE12_-s3T155_-0301-00003-000001-01.nii,D:\github\IOT_Project\data\processed\volumes\val\wj_IXI205-HH-1649-IXIMADisoTFE12_-s3T155_-0301-00003-000001-01.npy,mri_IXI_480_2,1,val,113.0,137.0,113.0,128.0,128.0,128.0,success,
wj_IXI209-Guys-0804-MPRAGESEN_-s253_-0301-00003-000001-01,D:\github\IOT_Project\dataset\mri_IXI_480_2\wj_IXI209-Guys-0804-MPRAGESEN_-s253_-0301-00003-000001-01.nii,D:\github\IOT_Project\data\processed\volumes\val\wj_IXI209-Guys-0804-MPRAGESEN_-s253_-0301-00003-000001-01.npy,mri_IXI_480_2,1,val,113.0,137.0,113.0,128.0,128.0,128.0,success,
wj_IXI212-HH-1643-IXIMADisoTFE12_-s3T155_-0301-00003-000001-01,D:\github\IOT_Project\dataset\mri_IXI_480_2\wj_IXI212-HH-1643-IXIMADisoTFE12_-s3T155_-0301-00003-000001-01.nii,D:\github\IOT_Project\data\processed\volumes\val\wj_IXI212-HH-1643-IXIMADisoTFE12_-s3T155_-0301-00003-000001-01.npy,mri_IXI_480_2,1,val,113.0,137.0,113.0,128.0,128.0,128.0,success,
wj_IXI225-Guys-0832-MPRAGESEN_-s257_-0301-00003-000001-01,D:\github\IOT_Project\dataset\mri_IXI_480_2\wj_IXI225-Guys-0832-MPRAGESEN_-s257_-0301-00003-000001-01.nii,D:\github\IOT_Project\data\processed\volumes\val\wj_IXI225-Guys-0832-MPRAGESEN_-s257_-0301-00003-000001-01.npy,mri_IXI_480_2,1,val,113.0,137.0,113.0,128.0,128.0,128.0,success,
wj_IXI230-IOP-0869-SAGFSPGR_-sIXI23_-0003-00001-000001-01,D:\github\IOT_Project\dataset\mri_IXI_480_2\wj_IXI230-IOP-0869-SAGFSPGR_-sIXI23_-0003-00001-000001-01.nii,D:\github\IOT_Project\data\processed\volumes\val\wj_IXI230-IOP-0869-SAGFSPGR_-sIXI23_-0003-00001-000001-01.npy,mri_IXI_480_2,1,val,113.0,137.0,113.0,128.0,128.0,128.0,success,
wj_IXI250-Guys-0836-MPRAGESEN_-s259_-0301-00003-000001-01,D:\github\IOT_Project\dataset\mri_IXI_480_2\wj_IXI250-Guys-0836-MPRAGESEN_-s259_-0301-00003-000001-01.nii,D:\github\IOT_Project\data\processed\volumes\val\wj_IXI250-Guys-0836-MPRAGESEN_-s259_-0301-00003-000001-01.npy,mri_IXI_480_2,1,val,113.0,137.0,113.0,128.0,128.0,128.0,success,
wj_IXI264-Guys-0854-MPRAGESEN_-s294_-0301-00003-000001-01,D:\github\IOT_Project\dataset\mri_IXI_480_2\wj_IXI264-Guys-0854-MPRAGESEN_-s294_-0301-00003-000001-01.nii,D:\github\IOT_Project\data\processed\volumes\val\wj_IXI264-Guys-0854-MPRAGESEN_-s294_-0301-00003-000001-01.npy,mri_IXI_480_2,1,val,113.0,137.0,113.0,128.0,128.0,128.0,success,
wj_IXI267-HH-1772-MADisoTFE1_-s3T168_-0301-00003-000001-01,D:\github\IOT_Project\dataset\mri_IXI_480_2\wj_IXI267-HH-1772-MADisoTFE1_-s3T168_-0301-00003-000001-01.nii,D:\github\IOT_Project\data\processed\volumes\val\wj_IXI267-HH-1772-MADisoTFE1_-s3T168_-0301-00003-000001-01.npy,mri_IXI_480_2,1,val,113.0,137.0,113.0,128.0,128.0,128.0,success,
wj_IXI269-Guys-0839-MPRAGESEN_-s259_-0301-00003-000001-01,D:\github\IOT_Project\dataset\mri_IXI_480_2\wj_IXI269-Guys-0839-MPRAGESEN_-s259_-0301-00003-000001-01.nii,D:\github\IOT_Project\data\processed\volumes\val\wj_IXI269-Guys-0839-MPRAGESEN_-s259_-0301-00003-000001-01.npy,mri_IXI_480_2,1,val,113.0,137.0,113.0,128.0,128.0,128.0,success,
wj_IXI294-IOP-0868-SAGFSPGR_-sIXI29_-0003-00001-000001-01,D:\github\IOT_Project\dataset\mri_IXI_480_2\wj_IXI294-IOP-0868-SAGFSPGR_-sIXI29_-0003-00001-000001-01.nii,D:\github\IOT_Project\data\processed\volumes\val\wj_IXI294-IOP-0868-SAGFSPGR_-sIXI29_-0003-00001-000001-01.npy,mri_IXI_480_2,1,val,113.0,137.0,113.0,128.0,128.0,128.0,success,
wj_IXI297-Guys-0886-MPRAGESEN_-s302_-0301-00003-000001-01,D:\github\IOT_Project\dataset\mri_IXI_480_2\wj_IXI297-Guys-0886-MPRAGESEN_-s302_-0301-00003-000001-01.nii,D:\github\IOT_Project\data\processed\volumes\val\wj_IXI297-Guys-0886-MPRAGESEN_-s302_-0301-00003-000001-01.npy,mri_IXI_480_2,1,val,113.0,137.0,113.0,128.0,128.0,128.0,success,
wj_IXI302-HH-1883-MADisoTFE1_-s3T178_-0301-00003-000001-01,D:\github\IOT_Project\dataset\mri_IXI_480_2\wj_IXI302-HH-1883-MADisoTFE1_-s3T178_-0301-00003-000001-01.nii,D:\github\IOT_Project\data\processed\volumes\val\wj_IXI302-HH-1883-MADisoTFE1_-s3T178_-0301-00003-000001-01.npy,mri_IXI_480_2,1,val,113.0,137.0,113.0,128.0,128.0,128.0,success,
wj_IXI303-IOP-0968-SAGFSPGR_-sIXI30_-0003-00001-000001-01,D:\github\IOT_Project\dataset\mri_IXI_480_2\wj_IXI303-IOP-0968-SAGFSPGR_-sIXI30_-0003-00001-000001-01.nii,D:\github\IOT_Project\data\processed\volumes\val\wj_IXI303-IOP-0968-SAGFSPGR_-sIXI30_-0003-00001-000001-01.npy,mri_IXI_480_2,1,val,113.0,137.0,113.0,128.0,128.0,128.0,success,
wj_IXI309-IOP-0897-SAGFSPGR_-sIXI30_-0003-00001-000001-01,D:\github\IOT_Project\dataset\mri_IXI_480_2\wj_IXI309-IOP-0897-SAGFSPGR_-sIXI30_-0003-00001-000001-01.nii,D:\github\IOT_Project\data\processed\volumes\val\wj_IXI309-IOP-0897-SAGFSPGR_-sIXI30_-0003-00001-000001-01.npy,mri_IXI_480_2,1,val,113.0,137.0,113.0,128.0,128.0,128.0,success,
wj_IXI313-HH-2241-MADisoTFE1_-s3t219_-0301-00003-000001-01,D:\github\IOT_Project\dataset\mri_IXI_480_2\wj_IXI313-HH-2241-MADisoTFE1_-s3t219_-0301-00003-000001-01.nii,D:\github\IOT_Project\data\processed\volumes\val\wj_IXI313-HH-2241-MADisoTFE1_-s3t219_-0301-00003-000001-01.npy,mri_IXI_480_2,1,val,113.0,137.0,113.0,128.0,128.0,128.0,success,
wj_IXI436-HH-2153-MADisoTFE1_-s3T207_-0301-00003-000001-01,D:\github\IOT_Project\dataset\mri_IXI_480_2\wj_IXI436-HH-2153-MADisoTFE1_-s3T207_-0301-00003-000001-01.nii,D:\github\IOT_Project\data\processed\volumes\val\wj_IXI436-HH-2153-MADisoTFE1_-s3T207_-0301-00003-000001-01.npy,mri_IXI_480_2,1,val,113.0,137.0,113.0,128.0,128.0,128.0,success,
wj_IXI438-HH-2155-MADisoTFE1_-s3T207_-0301-00003-000001-01,D:\github\IOT_Project\dataset\mri_IXI_480_2\wj_IXI438-HH-2155-MADisoTFE1_-s3T207_-0301-00003-000001-01.nii,D:\github\IOT_Project\data\processed\volumes\val\wj_IXI438-HH-2155-MADisoTFE1_-s3T207_-0301-00003-000001-01.npy,mri_IXI_480_2,1,val,113.0,137.0,113.0,128.0,128.0,128.0,success,
wj_IXI456-Guys-1019-MPRAGESEN_-s423_-0301-00003-000001-01,D:\github\IOT_Project\dataset\mri_IXI_480_2\wj_IXI456-Guys-1019-MPRAGESEN_-s423_-0301-00003-000001-01.nii,D:\github\IOT_Project\data\processed\volumes\val\wj_IXI456-Guys-1019-MPRAGESEN_-s423_-0301-00003-000001-01.npy,mri_IXI_480_2,1,val,113.0,137.0,113.0,128.0,128.0,128.0,success,
wj_IXI458-Guys-0993-MPRAGESEN_-s418_-0301-00003-000001-01,D:\github\IOT_Project\dataset\mri_IXI_480_2\wj_IXI458-Guys-0993-MPRAGESEN_-s418_-0301-00003-000001-01.nii,D:\github\IOT_Project\data\processed\volumes\val\wj_IXI458-Guys-0993-MPRAGESEN_-s418_-0301-00003-000001-01.npy,mri_IXI_480_2,1,val,113.0,137.0,113.0,128.0,128.0,128.0,success,
wj_IXI460-Guys-0999-MPRAGESEN_-s419_-0301-00003-000001-01,D:\github\IOT_Project\dataset\mri_IXI_480_2\wj_IXI460-Guys-0999-MPRAGESEN_-s419_-0301-00003-000001-01.nii,D:\github\IOT_Project\data\processed\volumes\val\wj_IXI460-Guys-0999-MPRAGESEN_-s419_-0301-00003-000001-01.npy,mri_IXI_480_2,1,val,113.0,137.0,113.0,128.0,128.0,128.0,success,
wj_IXI470-IOP-1030-SAGFSPGR_-sIXI47_-0003-00001-000001-01,D:\github\IOT_Project\dataset\mri_IXI_480_2\wj_IXI470-IOP-1030-SAGFSPGR_-sIXI47_-0003-00001-000001-01.nii,D:\github\IOT_Project\data\processed\volumes\val\wj_IXI470-IOP-1030-SAGFSPGR_-sIXI47_-0003-00001-000001-01.npy,mri_IXI_480_2,1,val,113.0,137.0,113.0,128.0,128.0,128.0,success,
wj_IXI475-IOP-1139-SAGFSPGR_-sIXI47_-0003-00001-000001-01,D:\github\IOT_Project\dataset\mri_IXI_480_2\wj_IXI475-IOP-1139-SAGFSPGR_-sIXI47_-0003-00001-000001-01.nii,D:\github\IOT_Project\data\processed\volumes\val\wj_IXI475-IOP-1139-SAGFSPGR_-sIXI47_-0003-00001-000001-01.npy,mri_IXI_480_2,1,val,113.0,137.0,113.0,128.0,128.0,128.0,success,
wj_IXI478-IOP-1142-SAGFSPGR_-sIXI47_-0003-00001-000001-01,D:\github\IOT_Project\dataset\mri_IXI_480_2\wj_IXI478-IOP-1142-SAGFSPGR_-sIXI47_-0003-00001-000001-01.nii,D:\github\IOT_Project\data\processed\volumes\val\wj_IXI478-IOP-1142-SAGFSPGR_-sIXI47_-0003-00001-000001-01.npy,mri_IXI_480_2,1,val,113.0,137.0,113.0,128.0,128.0,128.0,success,
wj_IXI483-HH-2177-MADisoTFE1_-s3T211_-0301-00003-000001-01,D:\github\IOT_Project\dataset\mri_IXI_480_2\wj_IXI483-HH-2177-MADisoTFE1_-s3T211_-0301-00003-000001-01.nii,D:\github\IOT_Project\data\processed\volumes\val\wj_IXI483-HH-2177-MADisoTFE1_-s3T211_-0301-00003-000001-01.npy,mri_IXI_480_2,1,val,113.0,137.0,113.0,128.0,128.0,128.0,success,
wj_IXI486-Guys-1005-MPRAGESEN_-s420_-0301-00003-000001-01,D:\github\IOT_Project\dataset\mri_IXI_480_2\wj_IXI486-Guys-1005-MPRAGESEN_-s420_-0301-00003-000001-01.nii,D:\github\IOT_Project\data\processed\volumes\val\wj_IXI486-Guys-1005-MPRAGESEN_-s420_-0301-00003-000001-01.npy,mri_IXI_480_2,1,val,113.0,137.0,113.0,128.0,128.0,128.0,success,
wj_IXI490-Guys-1018-MPRAGESEN_-s422_-0301-00003-000001-01,D:\github\IOT_Project\dataset\mri_IXI_480_2\wj_IXI490-Guys-1018-MPRAGESEN_-s422_-0301-00003-000001-01.nii,D:\github\IOT_Project\data\processed\volumes\val\wj_IXI490-Guys-1018-MPRAGESEN_-s422_-0301-00003-000001-01.npy,mri_IXI_480_2,1,val,113.0,137.0,113.0,128.0,128.0,128.0,success,
wj_IXI500-Guys-1017-MPRAGESEN_-s422_-0301-00003-000001-01,D:\github\IOT_Project\dataset\mri_IXI_480_2\wj_IXI500-Guys-1017-MPRAGESEN_-s422_-0301-00003-000001-01.nii,D:\github\IOT_Project\data\processed\volumes\val\wj_IXI500-Guys-1017-MPRAGESEN_-s422_-0301-00003-000001-01.npy,mri_IXI_480_2,1,val,113.0,137.0,113.0,128.0,128.0,128.0,success,
wj_IXI508-HH-2268-MADisoTFE1_-s3T221_-0301-00003-000001-01,D:\github\IOT_Project\dataset\mri_IXI_480_2\wj_IXI508-HH-2268-MADisoTFE1_-s3T221_-0301-00003-000001-01.nii,D:\github\IOT_Project\data\processed\volumes\val\wj_IXI508-HH-2268-MADisoTFE1_-s3T221_-0301-00003-000001-01.npy,mri_IXI_480_2,1,val,113.0,137.0,113.0,128.0,128.0,128.0,success,
wj_IXI521-HH-2353-MADisoTFE1_-s3T227_-0301-00003-000001-01,D:\github\IOT_Project\dataset\mri_IXI_480_2\wj_IXI521-HH-2353-MADisoTFE1_-s3T227_-0301-00003-000001-01.nii,D:\github\IOT_Project\data\processed\volumes\val\wj_IXI521-HH-2353-MADisoTFE1_-s3T227_-0301-00003-000001-01.npy,mri_IXI_480_2,1,val,113.0,137.0,113.0,128.0,128.0,128.0,success,
wj_IXI525-HH-2413-MADisoTFE1_-s3T233_-0301-00003-000001-01,D:\github\IOT_Project\dataset\mri_IXI_480_2\wj_IXI525-HH-2413-MADisoTFE1_-s3T233_-0301-00003-000001-01.nii,D:\github\IOT_Project\data\processed\volumes\val\wj_IXI525-HH-2413-MADisoTFE1_-s3T233_-0301-00003-000001-01.npy,mri_IXI_480_2,1,val,113.0,137.0,113.0,128.0,128.0,128.0,success,
wj_IXI528-Guys-1073-MPRAGESEN_-sIXI52_-0301-00003-000001-01,D:\github\IOT_Project\dataset\mri_IXI_480_2\wj_IXI528-Guys-1073-MPRAGESEN_-sIXI52_-0301-00003-000001-01.nii,D:\github\IOT_Project\data\processed\volumes\val\wj_IXI528-Guys-1073-MPRAGESEN_-sIXI52_-0301-00003-000001-01.npy,mri_IXI_480_2,1,val,113.0,137.0,113.0,128.0,128.0,128.0,success,
wj_IXI534-Guys-1062-MPRAGESEN_-s427_-0301-00003-000001-01,D:\github\IOT_Project\dataset\mri_IXI_480_2\wj_IXI534-Guys-1062-MPRAGESEN_-s427_-0301-00003-000001-01.nii,D:\github\IOT_Project\data\processed\volumes\val\wj_IXI534-Guys-1062-MPRAGESEN_-s427_-0301-00003-000001-01.npy,mri_IXI_480_2,1,val,113.0,137.0,113.0,128.0,128.0,128.0,success,
wj_IXI550-Guys-1069-MPRAGESEN_-s429_-0301-00003-000001-01,D:\github\IOT_Project\dataset\mri_IXI_480_2\wj_IXI550-Guys-1069-MPRAGESEN_-s429_-0301-00003-000001-01.nii,D:\github\IOT_Project\data\processed\volumes\val\wj_IXI550-Guys-1069-MPRAGESEN_-s429_-0301-00003-000001-01.npy,mri_IXI_480_2,1,val,113.0,137.0,113.0,128.0,128.0,128.0,success,
wj_IXI551-Guys-1065-MPRAGESEN_-s428_-0401-00004-000001-01,D:\github\IOT_Project\dataset\mri_IXI_480_2\wj_IXI551-Guys-1065-MPRAGESEN_-s428_-0401-00004-000001-01.nii,D:\github\IOT_Project\data\processed\volumes\val\wj_IXI551-Guys-1065-MPRAGESEN_-s428_-0401-00004-000001-01.npy,mri_IXI_480_2,1,val,113.0,137.0,113.0,128.0,128.0,128.0,success,
wj_IXI555-Guys-1074-MPRAGESEN_-sIXI55_-0301-00003-000001-01,D:\github\IOT_Project\dataset\mri_IXI_480_2\wj_IXI555-Guys-1074-MPRAGESEN_-sIXI55_-0301-00003-000001-01.nii,D:\github\IOT_Project\data\processed\volumes\val\wj_IXI555-Guys-1074-MPRAGESEN_-sIXI55_-0301-00003-000001-01.npy,mri_IXI_480_2,1,val,113.0,137.0,113.0,128.0,128.0,128.0,success,
wj_IXI559-HH-2394-MADisoTFE1_-s3T231_-0301-00003-000001-01,D:\github\IOT_Project\dataset\mri_IXI_480_2\wj_IXI559-HH-2394-MADisoTFE1_-s3T231_-0301-00003-000001-01.nii,D:\github\IOT_Project\data\processed\volumes\val\wj_IXI559-HH-2394-MADisoTFE1_-s3T231_-0301-00003-000001-01.npy,mri_IXI_480_2,1,val,113.0,137.0,113.0,128.0,128.0,128.0,success,
wj_IXI576-Guys-1077-MPRAGESEN_-sIXI57_-0301-00003-000001-01,D:\github\IOT_Project\dataset\mri_IXI_480_2\wj_IXI576-Guys-1077-MPRAGESEN_-sIXI57_-0301-00003-000001-01.nii,D:\github\IOT_Project\data\processed\volumes\val\wj_IXI576-Guys-1077-MPRAGESEN_-sIXI57_-0301-00003-000001-01.npy,mri_IXI_480_2,1,val,113.0,137.0,113.0,128.0,128.0,128.0,success,
wj_IXI577-HH-2661-MADisoTFE1_-s3T246_-0301-00003-000001-01,D:\github\IOT_Project\dataset\mri_IXI_480_2\wj_IXI577-HH-2661-MADisoTFE1_-s3T246_-0301-00003-000001-01.nii,D:\github\IOT_Project\data\processed\volumes\val\wj_IXI577-HH-2661-MADisoTFE1_-s3T246_-0301-00003-000001-01.npy,mri_IXI_480_2,1,val,113.0,137.0,113.0,128.0,128.0,128.0,success,
wj_IXI578-Guys-1078-MPRAGESEN_-s433_-0301-00003-000001-01,D:\github\IOT_Project\dataset\mri_IXI_480_2\wj_IXI578-Guys-1078-MPRAGESEN_-s433_-0301-00003-000001-01.nii,D:\github\IOT_Project\data\processed\volumes\val\wj_IXI578-Guys-1078-MPRAGESEN_-s433_-0301-00003-000001-01.npy,mri_IXI_480_2,1,val,113.0,137.0,113.0,128.0,128.0,128.0,success,
wj_IXI582-Guys-1127-MPRAGESEN_-sIXI0582_-0301-00003-000001-01,D:\github\IOT_Project\dataset\mri_IXI_480_2\wj_IXI582-Guys-1127-MPRAGESEN_-sIXI0582_-0301-00003-000001-01.nii,D:\github\IOT_Project\data\processed\volumes\val\wj_IXI582-Guys-1127-MPRAGESEN_-sIXI0582_-0301-00003-000001-01.npy,mri_IXI_480_2,1,val,113.0,137.0,113.0,128.0,128.0,128.0,success,
wj_IXI587-Guys-1128-MPRAGESEN_-sIXI0587_-0401-00004-000001-01,D:\github\IOT_Project\dataset\mri_IXI_480_2\wj_IXI587-Guys-1128-MPRAGESEN_-sIXI0587_-0401-00004-000001-01.nii,D:\github\IOT_Project\data\processed\volumes\val\wj_IXI587-Guys-1128-MPRAGESEN_-sIXI0587_-0401-00004-000001-01.npy,mri_IXI_480_2,1,val,113.0,137.0,113.0,128.0,128.0,128.0,success,
wj_IXI599-HH-2659-MADisoTFE1_-s3T246_-0301-00003-000001-01,D:\github\IOT_Project\dataset\mri_IXI_480_2\wj_IXI599-HH-2659-MADisoTFE1_-s3T246_-0301-00003-000001-01.nii,D:\github\IOT_Project\data\processed\volumes\val\wj_IXI599-HH-2659-MADisoTFE1_-s3T246_-0301-00003-000001-01.npy,mri_IXI_480_2,1,val,113.0,137.0,113.0,128.0,128.0,128.0,success,
wj_IXI610-HH-2649-MADisoTFE1_-s3T245_-0301-00003-000001-01,D:\github\IOT_Project\dataset\mri_IXI_480_2\wj_IXI610-HH-2649-MADisoTFE1_-s3T245_-0301-00003-000001-01.nii,D:\github\IOT_Project\data\processed\volumes\val\wj_IXI610-HH-2649-MADisoTFE1_-s3T245_-0301-00003-000001-01.npy,mri_IXI_480_2,1,val,113.0,137.0,113.0,128.0,128.0,128.0,success,
wj_IXI614-HH-2735-MADisoTFE1_-s3T251_-0301-00003-000001-01,D:\github\IOT_Project\dataset\mri_IXI_480_2\wj_IXI614-HH-2735-MADisoTFE1_-s3T251_-0301-00003-000001-01.nii,D:\github\IOT_Project\data\processed\volumes\val\wj_IXI614-HH-2735-MADisoTFE1_-s3T251_-0301-00003-000001-01.npy,mri_IXI_480_2,1,val,113.0,137.0,113.0,128.0,128.0,128.0,success,
wj_IXI631-HH-2651-MADisoTFE1_-s3T245_-0301-00003-000001-01,D:\github\IOT_Project\dataset\mri_IXI_480_2\wj_IXI631-HH-2651-MADisoTFE1_-s3T245_-0301-00003-000001-01.nii,D:\github\IOT_Project\data\processed\volumes\val\wj_IXI631-HH-2651-MADisoTFE1_-s3T245_-0301-00003-000001-01.npy,mri_IXI_480_2,1,val,113.0,137.0,113.0,128.0,128.0,128.0,success,
wj_IXI633-HH-2689-MADisoTFE1_-s3T247_-0301-00003-000001-01,D:\github\IOT_Project\dataset\mri_IXI_480_2\wj_IXI633-HH-2689-MADisoTFE1_-s3T247_-0301-00003-000001-01.nii,D:\github\IOT_Project\data\processed\volumes\val\wj_IXI633-HH-2689-MADisoTFE1_-s3T247_-0301-00003-000001-01.npy,mri_IXI_480_2,1,val,113.0,137.0,113.0,128.0,128.0,128.0,success,
wj_IXI644-Guys-1121-MPRAGESEN_-s455_-0301-00003-000001-01,D:\github\IOT_Project\dataset\mri_IXI_480_2\wj_IXI644-Guys-1121-MPRAGESEN_-s455_-0301-00003-000001-01.nii,D:\github\IOT_Project\data\processed\volumes\val\wj_IXI644-Guys-1121-MPRAGESEN_-s455_-0301-00003-000001-01.npy,mri_IXI_480_2,1,val,113.0,137.0,113.0,128.0,128.0,128.0,success,
wj_IXI646-HH-2653-MADisoTFE1_-s3T245_-0301-00003-000001-01,D:\github\IOT_Project\dataset\mri_IXI_480_2\wj_IXI646-HH-2653-MADisoTFE1_-s3T245_-0301-00003-000001-01.nii,D:\github\IOT_Project\data\processed\volumes\val\wj_IXI646-HH-2653-MADisoTFE1_-s3T245_-0301-00003-000001-01.npy,mri_IXI_480_2,1,val,113.0,137.0,113.0,128.0,128.0,128.0,success,
wmIXI117-Guys-0763-T1,D:\github\IOT_Project\dataset\mri_IXI_480_2\wmIXI117-Guys-0763-T1.nii,D:\github\IOT_Project\data\processed\volumes\val\wmIXI117-Guys-0763-T1.npy,mri_IXI_480_2,1,val,113.0,137.0,113.0,128.0,128.0,128.0,success,
wmIXI127-HH-1451-T1,D:\github\IOT_Project\dataset\mri_IXI_480_2\wmIXI127-HH-1451-T1.nii,D:\github\IOT_Project\data\processed\volumes\val\wmIXI127-HH-1451-T1.npy,mri_IXI_480_2,1,val,113.0,137.0,113.0,128.0,128.0,128.0,success,
wmIXI137-HH-1472-T1,D:\github\IOT_Project\dataset\mri_IXI_480_2\wmIXI137-HH-1472-T1.nii,D:\github\IOT_Project\data\processed\volumes\val\wmIXI137-HH-1472-T1.npy,mri_IXI_480_2,1,val,113.0,137.0,113.0,128.0,128.0,128.0,success,
wmIXI139-Guys-0815-T1,D:\github\IOT_Project\dataset\mri_IXI_480_2\wmIXI139-Guys-0815-T1.nii,D:\github\IOT_Project\data\processed\volumes\val\wmIXI139-Guys-0815-T1.npy,mri_IXI_480_2,1,val,113.0,137.0,113.0,128.0,128.0,128.0,success,
wmIXI145-Guys-0781-T1,D:\github\IOT_Project\dataset\mri_IXI_480_2\wmIXI145-Guys-0781-T1.nii,D:\github\IOT_Project\data\processed\volumes\val\wmIXI145-Guys-0781-T1.npy,mri_IXI_480_2,1,val,113.0,137.0,113.0,128.0,128.0,128.0,success,
wmIXI176-HH-1604-IXIMADisoTFE12_-s3T151_-0301-00003-000001-01,D:\github\IOT_Project\dataset\mri_IXI_480_2\wmIXI176-HH-1604-IXIMADisoTFE12_-s3T151_-0301-00003-000001-01.nii,D:\github\IOT_Project\data\processed\volumes\val\wmIXI176-HH-1604-IXIMADisoTFE12_-s3T151_-0301-00003-000001-01.npy,mri_IXI_480_2,1,val,113.0,137.0,113.0,128.0,128.0,128.0,success,
wmIXI182-Guys-0792-MPRAGESEN_-s251_-0301-00003-000001-01,D:\github\IOT_Project\dataset\mri_IXI_480_2\wmIXI182-Guys-0792-MPRAGESEN_-s251_-0301-00003-000001-01.nii,D:\github\IOT_Project\data\processed\volumes\val\wmIXI182-Guys-0792-MPRAGESEN_-s251_-0301-00003-000001-01.npy,mri_IXI_480_2,1,val,113.0,137.0,113.0,128.0,128.0,128.0,success,
wmIXI185-Guys-0795-MPRAGESEN_-s252_-0301-00003-000001-01,D:\github\IOT_Project\dataset\mri_IXI_480_2\wmIXI185-Guys-0795-MPRAGESEN_-s252_-0301-00003-000001-01.nii,D:\github\IOT_Project\data\processed\volumes\val\wmIXI185-Guys-0795-MPRAGESEN_-s252_-0301-00003-000001-01.npy,mri_IXI_480_2,1,val,113.0,137.0,113.0,128.0,128.0,128.0,success,
wmIXI200-Guys-0812-MPRAGESEN_-s254_-0401-00004-000001-01,D:\github\IOT_Project\dataset\mri_IXI_480_2\wmIXI200-Guys-0812-MPRAGESEN_-s254_-0401-00004-000001-01.nii,D:\github\IOT_Project\data\processed\volumes\val\wmIXI200-Guys-0812-MPRAGESEN_-s254_-0401-00004-000001-01.npy,mri_IXI_480_2,1,val,113.0,137.0,113.0,128.0,128.0,128.0,success,
wmIXI208-Guys-0808-MPRAGESEN_-s253_-0301-00003-000001-01,D:\github\IOT_Project\dataset\mri_IXI_480_2\wmIXI208-Guys-0808-MPRAGESEN_-s253_-0301-00003-000001-01.nii,D:\github\IOT_Project\data\processed\volumes\val\wmIXI208-Guys-0808-MPRAGESEN_-s253_-0301-00003-000001-01.npy,mri_IXI_480_2,1,val,113.0,137.0,113.0,128.0,128.0,128.0,success,
wmIXI212-HH-1643-IXIMADisoTFE12_-s3T155_-0301-00003-000001-01,D:\github\IOT_Project\dataset\mri_IXI_480_2\wmIXI212-HH-1643-IXIMADisoTFE12_-s3T155_-0301-00003-000001-01.nii,D:\github\IOT_Project\data\processed\volumes\val\wmIXI212-HH-1643-IXIMADisoTFE12_-s3T155_-0301-00003-000001-01.npy,mri_IXI_480_2,1,val,113.0,137.0,113.0,128.0,128.0,128.0,success,
wmIXI217-HH-1638-IXIMADisoTFE12_-s3T154_-0301-00003-000001-01,D:\github\IOT_Project\dataset\mri_IXI_480_2\wmIXI217-HH-1638-IXIMADisoTFE12_-s3T154_-0301-00003-000001-01.nii,D:\github\IOT_Project\data\processed\volumes\val\wmIXI217-HH-1638-IXIMADisoTFE12_-s3T154_-0301-00003-000001-01.npy,mri_IXI_480_2,1,val,113.0,137.0,113.0,128.0,128.0,128.0,success,
wmIXI247-Guys-0838-MPRAGESEN_-s259_-0301-00003-000001-01,D:\github\IOT_Project\dataset\mri_IXI_480_2\wmIXI247-Guys-0838-MPRAGESEN_-s259_-0301-00003-000001-01.nii,D:\github\IOT_Project\data\processed\volumes\val\wmIXI247-Guys-0838-MPRAGESEN_-s259_-0301-00003-000001-01.npy,mri_IXI_480_2,1,val,113.0,137.0,113.0,128.0,128.0,128.0,success,
wmIXI251-Guys-1055-MPRAGESEN_-s426_-0301-00003-000001-01,D:\github\IOT_Project\dataset\mri_IXI_480_2\wmIXI251-Guys-1055-MPRAGESEN_-s426_-0301-00003-000001-01.nii,D:\github\IOT_Project\data\processed\volumes\val\wmIXI251-Guys-1055-MPRAGESEN_-s426_-0301-00003-000001-01.npy,mri_IXI_480_2,1,val,113.0,137.0,113.0,128.0,128.0,128.0,success,
wmIXI253-HH-1694-MADisoTFE1_-s3T161_-0301-00003-000001-01,D:\github\IOT_Project\dataset\mri_IXI_480_2\wmIXI253-HH-1694-MADisoTFE1_-s3T161_-0301-00003-000001-01.nii,D:\github\IOT_Project\data\processed\volumes\val\wmIXI253-HH-1694-MADisoTFE1_-s3T161_-0301-00003-000001-01.npy,mri_IXI_480_2,1,val,113.0,137.0,113.0,128.0,128.0,128.0,success,
wmIXI263-HH-1684-MADisoTFE1_-s3T159_-0301-00003-000001-01,D:\github\IOT_Project\dataset\mri_IXI_480_2\wmIXI263-HH-1684-MADisoTFE1_-s3T159_-0301-00003-000001-01.nii,D:\github\IOT_Project\data\processed\volumes\val\wmIXI263-HH-1684-MADisoTFE1_-s3T159_-0301-00003-000001-01.npy,mri_IXI_480_2,1,val,113.0,137.0,113.0,128.0,128.0,128.0,success,
wmIXI265-Guys-0845-MPRAGESEN_-s262_-0301-00003-000001-01,D:\github\IOT_Project\dataset\mri_IXI_480_2\wmIXI265-Guys-0845-MPRAGESEN_-s262_-0301-00003-000001-01.nii,D:\github\IOT_Project\data\processed\volumes\val\wmIXI265-Guys-0845-MPRAGESEN_-s262_-0301-00003-000001-01.npy,mri_IXI_480_2,1,val,113.0,137.0,113.0,128.0,128.0,128.0,success,
wmIXI267-HH-1772-MADisoTFE1_-s3T168_-0301-00003-000001-01,D:\github\IOT_Project\dataset\mri_IXI_480_2\wmIXI267-HH-1772-MADisoTFE1_-s3T168_-0301-00003-000001-01.nii,D:\github\IOT_Project\data\processed\volumes\val\wmIXI267-HH-1772-MADisoTFE1_-s3T168_-0301-00003-000001-01.npy,mri_IXI_480_2,1,val,113.0,137.0,113.0,128.0,128.0,128.0,success,
wmIXI274-HH-2294-MADisoTFE1_-s3T223_-0301-00003-000001-01,D:\github\IOT_Project\dataset\mri_IXI_480_2\wmIXI274-HH-2294-MADisoTFE1_-s3T223_-0301-00003-000001-01.nii,D:\github\IOT_Project\data\processed\volumes\val\wmIXI274-HH-2294-MADisoTFE1_-s3T223_-0301-00003-000001-01.npy,mri_IXI_480_2,1,val,113.0,137.0,113.0,128.0,128.0,128.0,success,
wmIXI275-HH-1803-MADisoTFE1_-s3T170_-0401-00004-000001-01,D:\github\IOT_Project\dataset\mri_IXI_480_2\wmIXI275-HH-1803-MADisoTFE1_-s3T170_-0401-00004-000001-01.nii,D:\github\IOT_Project\data\processed\volumes\val\wmIXI275-HH-1803-MADisoTFE1_-s3T170_-0401-00004-000001-01.npy,mri_IXI_480_2,1,val,113.0,137.0,113.0,128.0,128.0,128.0,success,
wmIXI276-HH-1840-MADisoTFE1_-s3T174_-0401-00004-000001-01,D:\github\IOT_Project\dataset\mri_IXI_480_2\wmIXI276-HH-1840-MADisoTFE1_-s3T174_-0401-00004-000001-01.nii,D:\github\IOT_Project\data\processed\volumes\val\wmIXI276-HH-1840-MADisoTFE1_-s3T174_-0401-00004-000001-01.npy,mri_IXI_480_2,1,val,113.0,137.0,113.0,128.0,128.0,128.0,success,
wmIXI286-Guys-0859-MPRAGESEN_-s296_-0301-00003-000001-01,D:\github\IOT_Project\dataset\mri_IXI_480_2\wmIXI286-Guys-0859-MPRAGESEN_-s296_-0301-00003-000001-01.nii,D:\github\IOT_Project\data\processed\volumes\val\wmIXI286-Guys-0859-MPRAGESEN_-s296_-0301-00003-000001-01.npy,mri_IXI_480_2,1,val,113.0,137.0,113.0,128.0,128.0,128.0,success,
wmIXI299-Guys-0893-MPRAGESEN_-s304_-0301-00003-000001-01,D:\github\IOT_Project\dataset\mri_IXI_480_2\wmIXI299-Guys-0893-MPRAGESEN_-s304_-0301-00003-000001-01.nii,D:\github\IOT_Project\data\processed\volumes\val\wmIXI299-Guys-0893-MPRAGESEN_-s304_-0301-00003-000001-01.npy,mri_IXI_480_2,1,val,113.0,137.0,113.0,128.0,128.0,128.0,success,
wmIXI312-Guys-0887-MPRAGESEN_-s302_-0301-00003-000001-01,D:\github\IOT_Project\dataset\mri_IXI_480_2\wmIXI312-Guys-0887-MPRAGESEN_-s302_-0301-00003-000001-01.nii,D:\github\IOT_Project\data\processed\volumes\val\wmIXI312-Guys-0887-MPRAGESEN_-s302_-0301-00003-000001-01.npy,mri_IXI_480_2,1,val,113.0,137.0,113.0,128.0,128.0,128.0,success,
wmIXI328-HH-2295-MADisoTFE1_-s3T223_-0301-00003-000001-01,D:\github\IOT_Project\dataset\mri_IXI_480_2\wmIXI328-HH-2295-MADisoTFE1_-s3T223_-0301-00003-000001-01.nii,D:\github\IOT_Project\data\processed\volumes\val\wmIXI328-HH-2295-MADisoTFE1_-s3T223_-0301-00003-000001-01.npy,mri_IXI_480_2,1,val,113.0,137.0,113.0,128.0,128.0,128.0,success,
wmIXI329-HH-1908-MADisoTFE1_-s3T181_-0301-00003-000001-01,D:\github\IOT_Project\dataset\mri_IXI_480_2\wmIXI329-HH-1908-MADisoTFE1_-s3T181_-0301-00003-000001-01.nii,D:\github\IOT_Project\data\processed\volumes\val\wmIXI329-HH-1908-MADisoTFE1_-s3T181_-0301-00003-000001-01.npy,mri_IXI_480_2,1,val,113.0,137.0,113.0,128.0,128.0,128.0,success,
wmIXI330-Guys-0881-MPRAGESEN_-s299_-0301-00003-000001-01,D:\github\IOT_Project\dataset\mri_IXI_480_2\wmIXI330-Guys-0881-MPRAGESEN_-s299_-0301-00003-000001-01.nii,,mri_IXI_480_2,1,val,,,,,,,failed,"Whoops, not enough data in file"
wmIXI341-Guys-0906-MPRAGESEN_-s306_-0301-00003-000001-01,D:\github\IOT_Project\dataset\mri_IXI_480_2\wmIXI341-Guys-0906-MPRAGESEN_-s306_-0301-00003-000001-01.nii,,mri_IXI_480_2,1,val,,,,,,,failed,"Whoops, not enough data in file"
wmIXI378-IOP-0972-SAGFSPGR_-sIXI37_-0003-00001-000001-01,D:\github\IOT_Project\dataset\mri_IXI_480_2\wmIXI378-IOP-0972-SAGFSPGR_-sIXI37_-0003-00001-000001-01.nii,D:\github\IOT_Project\data\processed\volumes\val\wmIXI378-IOP-0972-SAGFSPGR_-sIXI37_-0003-00001-000001-01.npy,mri_IXI_480_2,1,val,113.0,137.0,113.0,128.0,128.0,128.0,success,
wmIXI399-Guys-0966-MPRAGESEN_-s413_-0301-00003-000001-01,D:\github\IOT_Project\dataset\mri_IXI_480_2\wmIXI399-Guys-0966-MPRAGESEN_-s413_-0301-00003-000001-01.nii,D:\github\IOT_Project\data\processed\volumes\val\wmIXI399-Guys-0966-MPRAGESEN_-s413_-0301-00003-000001-01.npy,mri_IXI_480_2,1,val,113.0,137.0,113.0,128.0,128.0,128.0,success,
wmIXI448-HH-2393-MADisoTFE1_-s3T231_-0301-00003-000001-01,D:\github\IOT_Project\dataset\mri_IXI_480_2\wmIXI448-HH-2393-MADisoTFE1_-s3T231_-0301-00003-000001-01.nii,D:\github\IOT_Project\data\processed\volumes\val\wmIXI448-HH-2393-MADisoTFE1_-s3T231_-0301-00003-000001-01.npy,mri_IXI_480_2,1,val,113.0,137.0,113.0,128.0,128.0,128.0,success,
wmIXI454-Guys-1083-MPRAGESEN_-sIXI45_-0301-00003-000001-01,D:\github\IOT_Project\dataset\mri_IXI_480_2\wmIXI454-Guys-1083-MPRAGESEN_-sIXI45_-0301-00003-000001-01.nii,D:\github\IOT_Project\data\processed\volumes\val\wmIXI454-Guys-1083-MPRAGESEN_-sIXI45_-0301-00003-000001-01.npy,mri_IXI_480_2,1,val,113.0,137.0,113.0,128.0,128.0,128.0,success,
wmIXI455-Guys-0981-MPRAGESEN_-s416_-0301-00003-000001-01,D:\github\IOT_Project\dataset\mri_IXI_480_2\wmIXI455-Guys-0981-MPRAGESEN_-s416_-0301-00003-000001-01.nii,D:\github\IOT_Project\data\processed\volumes\val\wmIXI455-Guys-0981-MPRAGESEN_-s416_-0301-00003-000001-01.npy,mri_IXI_480_2,1,val,113.0,137.0,113.0,128.0,128.0,128.0,success,
wmIXI456-Guys-1019-MPRAGESEN_-s423_-0301-00003-000001-01,D:\github\IOT_Project\dataset\mri_IXI_480_2\wmIXI456-Guys-1019-MPRAGESEN_-s423_-0301-00003-000001-01.nii,D:\github\IOT_Project\data\processed\volumes\val\wmIXI456-Guys-1019-MPRAGESEN_-s423_-0301-00003-000001-01.npy,mri_IXI_480_2,1,val,113.0,137.0,113.0,128.0,128.0,128.0,success,
wmIXI462-IOP-1042-SAGFSPGR_-sIXI46_-0003-00001-000001-01,D:\github\IOT_Project\dataset\mri_IXI_480_2\wmIXI462-IOP-1042-SAGFSPGR_-sIXI46_-0003-00001-000001-01.nii,D:\github\IOT_Project\data\processed\volumes\val\wmIXI462-IOP-1042-SAGFSPGR_-sIXI46_-0003-00001-000001-01.npy,mri_IXI_480_2,1,val,113.0,137.0,113.0,128.0,128.0,128.0,success,
wmIXI483-HH-2177-MADisoTFE1_-s3T211_-0301-00003-000001-01,D:\github\IOT_Project\dataset\mri_IXI_480_2\wmIXI483-HH-2177-MADisoTFE1_-s3T211_-0301-00003-000001-01.nii,D:\github\IOT_Project\data\processed\volumes\val\wmIXI483-HH-2177-MADisoTFE1_-s3T211_-0301-00003-000001-01.npy,mri_IXI_480_2,1,val,113.0,137.0,113.0,128.0,128.0,128.0,success,
wmIXI486-Guys-1005-MPRAGESEN_-s420_-0301-00003-000001-01,D:\github\IOT_Project\dataset\mri_IXI_480_2\wmIXI486-Guys-1005-MPRAGESEN_-s420_-0301-00003-000001-01.nii,D:\github\IOT_Project\data\processed\volumes\val\wmIXI486-Guys-1005-MPRAGESEN_-s420_-0301-00003-000001-01.npy,mri_IXI_480_2,1,val,113.0,137.0,113.0,128.0,128.0,128.0,success,
wmIXI496-Guys-1045-MPRAGESEN_-s421_-0301-00003-000001-01,D:\github\IOT_Project\dataset\mri_IXI_480_2\wmIXI496-Guys-1045-MPRAGESEN_-s421_-0301-00003-000001-01.nii,D:\github\IOT_Project\data\processed\volumes\val\wmIXI496-Guys-1045-MPRAGESEN_-s421_-0301-00003-000001-01.npy,mri_IXI_480_2,1,val,113.0,137.0,113.0,128.0,128.0,128.0,success,
wmIXI498-Guys-1050-MPRAGESEN_-s426_-0301-00003-000001-01,D:\github\IOT_Project\dataset\mri_IXI_480_2\wmIXI498-Guys-1050-MPRAGESEN_-s426_-0301-00003-000001-01.nii,D:\github\IOT_Project\data\processed\volumes\val\wmIXI498-Guys-1050-MPRAGESEN_-s426_-0301-00003-000001-01.npy,mri_IXI_480_2,1,val,113.0,137.0,113.0,128.0,128.0,128.0,success,
wmIXI501-Guys-1016-MPRAGESEN_-s422_-0301-00003-000001-01,D:\github\IOT_Project\dataset\mri_IXI_480_2\wmIXI501-Guys-1016-MPRAGESEN_-s422_-0301-00003-000001-01.nii,D:\github\IOT_Project\data\processed\volumes\val\wmIXI501-Guys-1016-MPRAGESEN_-s422_-0301-00003-000001-01.npy,mri_IXI_480_2,1,val,113.0,137.0,113.0,128.0,128.0,128.0,success,
wmIXI506-Guys-1035-MPRAGESEN_-s425_-0301-00003-000001-01,D:\github\IOT_Project\dataset\mri_IXI_480_2\wmIXI506-Guys-1035-MPRAGESEN_-s425_-0301-00003-000001-01.nii,D:\github\IOT_Project\data\processed\volumes\val\wmIXI506-Guys-1035-MPRAGESEN_-s425_-0301-00003-000001-01.npy,mri_IXI_480_2,1,val,113.0,137.0,113.0,128.0,128.0,128.0,success,
wmIXI512-Guys-1054-MPRAGESEN_-s426_-0301-00003-000001-01,D:\github\IOT_Project\dataset\mri_IXI_480_2\wmIXI512-Guys-1054-MPRAGESEN_-s426_-0301-00003-000001-01.nii,D:\github\IOT_Project\data\processed\volumes\val\wmIXI512-Guys-1054-MPRAGESEN_-s426_-0301-00003-000001-01.npy,mri_IXI_480_2,1,val,113.0,137.0,113.0,128.0,128.0,128.0,success,
wmIXI516-HH-2297-MADisoTFE1_-s3T223_-0301-00003-000001-01,D:\github\IOT_Project\dataset\mri_IXI_480_2\wmIXI516-HH-2297-MADisoTFE1_-s3T223_-0301-00003-000001-01.nii,D:\github\IOT_Project\data\processed\volumes\val\wmIXI516-HH-2297-MADisoTFE1_-s3T223_-0301-00003-000001-01.npy,mri_IXI_480_2,1,val,113.0,137.0,113.0,128.0,128.0,128.0,success,
wmIXI521-HH-2353-MADisoTFE1_-s3T227_-0301-00003-000001-01,D:\github\IOT_Project\dataset\mri_IXI_480_2\wmIXI521-HH-2353-MADisoTFE1_-s3T227_-0301-00003-000001-01.nii,D:\github\IOT_Project\data\processed\volumes\val\wmIXI521-HH-2353-MADisoTFE1_-s3T227_-0301-00003-000001-01.npy,mri_IXI_480_2,1,val,113.0,137.0,113.0,128.0,128.0,128.0,success,
wmIXI526-HH-2392-MADisoTFE1_-s3T231_-0301-00003-000001-01,D:\github\IOT_Project\dataset\mri_IXI_480_2\wmIXI526-HH-2392-MADisoTFE1_-s3T231_-0301-00003-000001-01.nii,D:\github\IOT_Project\data\processed\volumes\val\wmIXI526-HH-2392-MADisoTFE1_-s3T231_-0301-00003-000001-01.npy,mri_IXI_480_2,1,val,113.0,137.0,113.0,128.0,128.0,128.0,success,
wmIXI536-Guys-1059-MPRAGESEN_-s427_-0301-00003-000001-01,D:\github\IOT_Project\dataset\mri_IXI_480_2\wmIXI536-Guys-1059-MPRAGESEN_-s427_-0301-00003-000001-01.nii,D:\github\IOT_Project\data\processed\volumes\val\wmIXI536-Guys-1059-MPRAGESEN_-s427_-0301-00003-000001-01.npy,mri_IXI_480_2,1,val,113.0,137.0,113.0,128.0,128.0,128.0,success,
wmIXI539-Guys-1067-MPRAGESEN_-s429_-0301-00003-000001-01,D:\github\IOT_Project\dataset\mri_IXI_480_2\wmIXI539-Guys-1067-MPRAGESEN_-s429_-0301-00003-000001-01.nii,D:\github\IOT_Project\data\processed\volumes\val\wmIXI539-Guys-1067-MPRAGESEN_-s429_-0301-00003-000001-01.npy,mri_IXI_480_2,1,val,113.0,137.0,113.0,128.0,128.0,128.0,success,
wmIXI553-IOP-1151-SAGFSPGR_-sIXI55_-0003-00001-000001-01,D:\github\IOT_Project\dataset\mri_IXI_480_2\wmIXI553-IOP-1151-SAGFSPGR_-sIXI55_-0003-00001-000001-01.nii,D:\github\IOT_Project\data\processed\volumes\val\wmIXI553-IOP-1151-SAGFSPGR_-sIXI55_-0003-00001-000001-01.npy,mri_IXI_480_2,1,val,113.0,137.0,113.0,128.0,128.0,128.0,success,
wmIXI562-Guys-1131-MPRAGESEN_-sIXI0562_-0301-00003-000001-01,D:\github\IOT_Project\dataset\mri_IXI_480_2\wmIXI562-Guys-1131-MPRAGESEN_-sIXI0562_-0301-00003-000001-01.nii,D:\github\IOT_Project\data\processed\volumes\val\wmIXI562-Guys-1131-MPRAGESEN_-sIXI0562_-0301-00003-000001-01.npy,mri_IXI_480_2,1,val,113.0,137.0,113.0,128.0,128.0,128.0,success,
wmIXI574-IOP-1156-SAGFSPGR_-sIXI57_-0003-00001-000001-01,D:\github\IOT_Project\dataset\mri_IXI_480_2\wmIXI574-IOP-1156-SAGFSPGR_-sIXI57_-0003-00001-000001-01.nii,D:\github\IOT_Project\data\processed\volumes\val\wmIXI574-IOP-1156-SAGFSPGR_-sIXI57_-0003-00001-000001-01.npy,mri_IXI_480_2,1,val,113.0,137.0,113.0,128.0,128.0,128.0,success,
wmIXI575-HH-2658-MADisoTFE1_-s3T246_-0301-00003-000001-01,D:\github\IOT_Project\dataset\mri_IXI_480_2\wmIXI575-HH-2658-MADisoTFE1_-s3T246_-0301-00003-000001-01.nii,D:\github\IOT_Project\data\processed\volumes\val\wmIXI575-HH-2658-MADisoTFE1_-s3T246_-0301-00003-000001-01.npy,mri_IXI_480_2,1,val,113.0,137.0,113.0,128.0,128.0,128.0,success,
wmIXI582-Guys-1127-MPRAGESEN_-sIXI0582_-0301-00003-000001-01,D:\github\IOT_Project\dataset\mri_IXI_480_2\wmIXI582-Guys-1127-MPRAGESEN_-sIXI0582_-0301-00003-000001-01.nii,D:\github\IOT_Project\data\processed\volumes\val\wmIXI582-Guys-1127-MPRAGESEN_-sIXI0582_-0301-00003-000001-01.npy,mri_IXI_480_2,1,val,113.0,137.0,113.0,128.0,128.0,128.0,success,
wmIXI585-Guys-1130-MPRAGESEN_-sIXI58_-0301-00003-000001-01,D:\github\IOT_Project\dataset\mri_IXI_480_2\wmIXI585-Guys-1130-MPRAGESEN_-sIXI58_-0301-00003-000001-01.nii,D:\github\IOT_Project\data\processed\volumes\val\wmIXI585-Guys-1130-MPRAGESEN_-sIXI58_-0301-00003-000001-01.npy,mri_IXI_480_2,1,val,113.0,137.0,113.0,128.0,128.0,128.0,success,
wmIXI601-HH-2700-MADisoTFE1_-s3T248_-0301-00003-000001-01,D:\github\IOT_Project\dataset\mri_IXI_480_2\wmIXI601-HH-2700-MADisoTFE1_-s3T248_-0301-00003-000001-01.nii,D:\github\IOT_Project\data\processed\volumes\val\wmIXI601-HH-2700-MADisoTFE1_-s3T248_-0301-00003-000001-01.npy,mri_IXI_480_2,1,val,113.0,137.0,113.0,128.0,128.0,128.0,success,
wmIXI605-HH-2598-MADisoTFE1_-s3T241_-0301-00003-000001-01,D:\github\IOT_Project\dataset\mri_IXI_480_2\wmIXI605-HH-2598-MADisoTFE1_-s3T241_-0301-00003-000001-01.nii,D:\github\IOT_Project\data\processed\volumes\val\wmIXI605-HH-2598-MADisoTFE1_-s3T241_-0301-00003-000001-01.npy,mri_IXI_480_2,1,val,113.0,137.0,113.0,128.0,128.0,128.0,success,
wmIXI612-HH-2688-MADisoTFE1_-s3T247_-0401-00004-000001-01,D:\github\IOT_Project\dataset\mri_IXI_480_2\wmIXI612-HH-2688-MADisoTFE1_-s3T247_-0401-00004-000001-01.nii,D:\github\IOT_Project\data\processed\volumes\val\wmIXI612-HH-2688-MADisoTFE1_-s3T247_-0401-00004-000001-01.npy,mri_IXI_480_2,1,val,113.0,137.0,113.0,128.0,128.0,128.0,success,
wmIXI613-HH-2734-MADisoTFE1_-s3T251_-0301-00003-000001-01,D:\github\IOT_Project\dataset\mri_IXI_480_2\wmIXI613-HH-2734-MADisoTFE1_-s3T251_-0301-00003-000001-01.nii,D:\github\IOT_Project\data\processed\volumes\val\wmIXI613-HH-2734-MADisoTFE1_-s3T251_-0301-00003-000001-01.npy,mri_IXI_480_2,1,val,113.0,137.0,113.0,128.0,128.0,128.0,success,
wmIXI619-Guys-1099-MPRAGESEN_-sIXI61_-0301-00003-000001-01,D:\github\IOT_Project\dataset\mri_IXI_480_2\wmIXI619-Guys-1099-MPRAGESEN_-sIXI61_-0301-00003-000001-01.nii,D:\github\IOT_Project\data\processed\volumes\val\wmIXI619-Guys-1099-MPRAGESEN_-sIXI61_-0301-00003-000001-01.npy,mri_IXI_480_2,1,val,113.0,137.0,113.0,128.0,128.0,128.0,success,
wmIXI622-Guys-1102-MPRAGESEN_-sIXI62_-0301-00003-000001-01,D:\github\IOT_Project\dataset\mri_IXI_480_2\wmIXI622-Guys-1102-MPRAGESEN_-sIXI62_-0301-00003-000001-01.nii,D:\github\IOT_Project\data\processed\volumes\val\wmIXI622-Guys-1102-MPRAGESEN_-sIXI62_-0301-00003-000001-01.npy,mri_IXI_480_2,1,val,113.0,137.0,113.0,128.0,128.0,128.0,success,
wmIXI630-Guys-1108-MPRAGESEN_-sIXI0630_-0301-00003-000001-01,D:\github\IOT_Project\dataset\mri_IXI_480_2\wmIXI630-Guys-1108-MPRAGESEN_-sIXI0630_-0301-00003-000001-01.nii,D:\github\IOT_Project\data\processed\volumes\val\wmIXI630-Guys-1108-MPRAGESEN_-sIXI0630_-0301-00003-000001-01.npy,mri_IXI_480_2,1,val,113.0,137.0,113.0,128.0,128.0,128.0,success,
wmIXI641-Guys-1105-MPRAGESEN_-s451_-0301-00003-000001-01,D:\github\IOT_Project\dataset\mri_IXI_480_2\wmIXI641-Guys-1105-MPRAGESEN_-s451_-0301-00003-000001-01.nii,D:\github\IOT_Project\data\processed\volumes\val\wmIXI641-Guys-1105-MPRAGESEN_-s451_-0301-00003-000001-01.npy,mri_IXI_480_2,1,val,113.0,137.0,113.0,128.0,128.0,128.0,success,
wmIXI652-Guys-1116-MPRAGESEN_-s454_-0301-00003-000001-01,D:\github\IOT_Project\dataset\mri_IXI_480_2\wmIXI652-Guys-1116-MPRAGESEN_-s454_-0301-00003-000001-01.nii,D:\github\IOT_Project\data\processed\volumes\val\wmIXI652-Guys-1116-MPRAGESEN_-s454_-0301-00003-000001-01.npy,mri_IXI_480_2,1,val,113.0,137.0,113.0,128.0,128.0,128.0,success,
wmIXI653-Guys-1122-MPRAGESEN_-sIXI653_-0301-00003-000001-01,D:\github\IOT_Project\dataset\mri_IXI_480_2\wmIXI653-Guys-1122-MPRAGESEN_-sIXI653_-0301-00003-000001-01.nii,D:\github\IOT_Project\data\processed\volumes\val\wmIXI653-Guys-1122-MPRAGESEN_-sIXI653_-0301-00003-000001-01.npy,mri_IXI_480_2,1,val,113.0,137.0,113.0,128.0,128.0,128.0,success,
